-- Generate random values
SET @pages = FLOOR(RAND() * 801) + 200;
SET @copies = FLOOR(RAND() * 6) + 1;
SET @schlid = FLOOR(RAND() * 4) + 1;

-- Insert query
-- INSERT INTO book (isbn, school_id, title, publisher, pages, summary, lang, copies)
-- VALUES (@isbn, @school_id, @title, @publisher, @pages, 'summary', 'english', @copies);

-- schools
INSERT INTO school (school_name, address, city, telephone, email, principal_fullname) VALUES ('Oakwood High School', '456 Oak Avenue',' Oakwood', 5551234, 'oakwoodhigh@example.com', 'Jennifer Anderson');
INSERT INTO school (school_name, address, city, telephone, email, principal_fullname) VALUES ('Maplewood Elementary School', '789 Maple Street', 'Maplewood', 9876543, 'maplewoodelem@example.com', 'Michael Johnson');
INSERT INTO school (school_name, address, city, telephone, email, principal_fullname) VALUES ('Pinecrest Middle School', '321 Pine Lane', 'Pinecrest', 1234567, 'pinecrestmiddle@example.com', 'Sarah Thompson');
INSERT INTO school (school_name, address, city, telephone, email, principal_fullname) VALUES ('Willowbrook Academy', '987 Willow Drive', 'Willowville', 8885555, 'willowbrookacademy@example.com', 'David Rodriguez');

-- categories
INSERT INTO category (category_name) VALUES ('Memoir');
INSERT INTO category (category_name) VALUES ('Fairy Tales');
INSERT INTO category (category_name) VALUES ('Love');
INSERT INTO category (category_name) VALUES ('Conspiracy');
INSERT INTO category (category_name) VALUES ('Discovery');
INSERT INTO category (category_name) VALUES ('Crime');
INSERT INTO category (category_name) VALUES ('Historical Fiction');
INSERT INTO category (category_name) VALUES ('Quest');
INSERT INTO category (category_name) VALUES ('Drama');
INSERT INTO category (category_name) VALUES ('Cuisine');
INSERT INTO category (category_name) VALUES ('Entrepreneurship');
INSERT INTO category (category_name) VALUES ('Relationships');
INSERT INTO category (category_name) VALUES ('Adventure');
INSERT INTO category (category_name) VALUES ('Technology');
INSERT INTO category (category_name) VALUES ('Mindfulness');
INSERT INTO category (category_name) VALUES ('Philosophy');
INSERT INTO category (category_name) VALUES ('Food');
INSERT INTO category (category_name) VALUES ('History');
INSERT INTO category (category_name) VALUES ('Emotions');
INSERT INTO category (category_name) VALUES ('Mystery');
INSERT INTO category (category_name) VALUES ('Magic');
INSERT INTO category (category_name) VALUES ('Thriller');
INSERT INTO category (category_name) VALUES ('Supernatural');
INSERT INTO category (category_name) VALUES ('Business');
INSERT INTO category (category_name) VALUES ('Secrets');
INSERT INTO category (category_name) VALUES ('Success');
INSERT INTO category (category_name) VALUES ('Gothic');
INSERT INTO category (category_name) VALUES ('Courage');
INSERT INTO category (category_name) VALUES ('Exploration');
INSERT INTO category (category_name) VALUES ('Self-Improvement');
INSERT INTO category (category_name) VALUES ('Treasure Hunt');
INSERT INTO category (category_name) VALUES ('Nature');
INSERT INTO category (category_name) VALUES ('Dark Fantasy');
INSERT INTO category (category_name) VALUES ('Biography');
INSERT INTO category (category_name) VALUES ('Travel');
INSERT INTO category (category_name) VALUES ('Fantasy');
INSERT INTO category (category_name) VALUES ('Self-Help');
INSERT INTO category (category_name) VALUES ('Inspiration');
INSERT INTO category (category_name) VALUES ('Expression');
INSERT INTO category (category_name) VALUES ('Horror');
INSERT INTO category (category_name) VALUES ('Epic');
INSERT INTO category (category_name) VALUES ('Suspense');
INSERT INTO category (category_name) VALUES ('Reflection');
INSERT INTO category (category_name) VALUES ('Paranormal');
INSERT INTO category (category_name) VALUES ('Personal Development');
INSERT INTO category (category_name) VALUES ('Archaeology');
INSERT INTO category (category_name) VALUES ('Negotiation');
INSERT INTO category (category_name) VALUES ('Mythology');
INSERT INTO category (category_name) VALUES ('Thought-Provoking');
INSERT INTO category (category_name) VALUES ('Alchemy');
INSERT INTO category (category_name) VALUES ('Startups');
INSERT INTO category (category_name) VALUES ('Poetry');
INSERT INTO category (category_name) VALUES ('Family Saga');
INSERT INTO category (category_name) VALUES ('Cooking');
INSERT INTO category (category_name) VALUES ('Innovation');
INSERT INTO category (category_name) VALUES ('Existential');
INSERT INTO category (category_name) VALUES ('Investigation');
INSERT INTO category (category_name) VALUES ('Gastronomy');
INSERT INTO category (category_name) VALUES ('Communication');
INSERT INTO category (category_name) VALUES ('Time Travel');
INSERT INTO category (category_name) VALUES ('Intrigue');
INSERT INTO category (category_name) VALUES ('Romance');
INSERT INTO category (category_name) VALUES ('Science Fiction');
INSERT INTO category (category_name) VALUES ('Psychological');
INSERT INTO category (category_name) VALUES ('Recipes');
INSERT INTO category (category_name) VALUES ('Wellness');

-- authors
INSERT INTO author (author_fullname) VALUES ('Jacob Smith');
INSERT INTO author (author_fullname) VALUES ('Emily Johnson');
INSERT INTO author (author_fullname) VALUES ('Michael Williams');
INSERT INTO author (author_fullname) VALUES ('Emma Brown');
INSERT INTO author (author_fullname) VALUES ('Joshua Jones');
INSERT INTO author (author_fullname) VALUES ('Olivia Davis');
INSERT INTO author (author_fullname) VALUES ('Matthew Miller');
INSERT INTO author (author_fullname) VALUES ('Sophia Wilson');
INSERT INTO author (author_fullname) VALUES ('Ethan Anderson');
INSERT INTO author (author_fullname) VALUES ('Ava Martinez');
INSERT INTO author (author_fullname) VALUES ('Daniel Taylor');
INSERT INTO author (author_fullname) VALUES ('Isabella Thomas');
INSERT INTO author (author_fullname) VALUES ('Christopher Garcia');
INSERT INTO author (author_fullname) VALUES ('Mia Martinez');
INSERT INTO author (author_fullname) VALUES ('Andrew Robinson');
INSERT INTO author (author_fullname) VALUES ('Abigail Clark');
INSERT INTO author (author_fullname) VALUES ('William Rodriguez');
INSERT INTO author (author_fullname) VALUES ('Charlotte Lewis');
INSERT INTO author (author_fullname) VALUES ('James Lee');
INSERT INTO author (author_fullname) VALUES ('Harper Walker');

-- books
INSERT INTO book (isbn, school_id, title, publisher, pages, summary, lang, copies) VALUES ( 8362345909 , 2 ,"The Secret of Shadows","Bloomsbury Publishing", @pages, 'summary', 'English', @copies);
INSERT INTO book_category VALUES ( 8362345909 , 2 , 36 );
INSERT INTO book_category VALUES ( 8362345909 , 2 , 13 );
INSERT INTO book_category VALUES ( 8362345909 , 2 , 21 );
INSERT INTO book_author VALUES ( 8362345909 , 2 , 7 );
INSERT INTO book_author VALUES ( 8362345909 , 2 , 18 );
INSERT INTO book (isbn, school_id, title, publisher, pages, summary, lang, copies) VALUES ( 9434505265 , 3 ,"Echoes of Time","Simon & Schuster", @pages, 'summary', 'English', @copies);
INSERT INTO book_category VALUES ( 9434505265 , 3 , 7 );
INSERT INTO book_category VALUES ( 9434505265 , 3 , 62 );
INSERT INTO book_category VALUES ( 9434505265 , 3 , 20 );
INSERT INTO book_author VALUES ( 9434505265 , 3 , 4 );
INSERT INTO book_author VALUES ( 9434505265 , 3 , 13 );
INSERT INTO book (isbn, school_id, title, publisher, pages, summary, lang, copies) VALUES ( 9855106531 , 2 ,"Whispers in the Dark","Bloomsbury Publishing", @pages, 'summary', 'English', @copies);
INSERT INTO book_category VALUES ( 9855106531 , 2 , 22 );
INSERT INTO book_category VALUES ( 9855106531 , 2 , 42 );
INSERT INTO book_category VALUES ( 9855106531 , 2 , 40 );
INSERT INTO book_author VALUES ( 9855106531 , 2 , 5 );
INSERT INTO book (isbn, school_id, title, publisher, pages, summary, lang, copies) VALUES ( 9943845044 , 4 ,"The Enigma of Destiny","Oxford University Press", @pages, 'summary', 'English', @copies);
INSERT INTO book_category VALUES ( 9943845044 , 4 , 36 );
INSERT INTO book_category VALUES ( 9943845044 , 4 , 48 );
INSERT INTO book_category VALUES ( 9943845044 , 4 , 8 );
INSERT INTO book_author VALUES ( 9943845044 , 4 , 16 );
INSERT INTO book_author VALUES ( 9943845044 , 4 , 12 );
INSERT INTO book_author VALUES ( 9943845044 , 4 , 7 );
INSERT INTO book (isbn, school_id, title, publisher, pages, summary, lang, copies) VALUES ( 4830997050 , 4 ,"Lost in the Pages","Penguin Random House", @pages, 'summary', 'English', @copies);
INSERT INTO book_category VALUES ( 4830997050 , 4 , 20 );
INSERT INTO book_category VALUES ( 4830997050 , 4 , 36 );
INSERT INTO book_category VALUES ( 4830997050 , 4 , 13 );
INSERT INTO book_author VALUES ( 4830997050 , 4 , 9 );
INSERT INTO book_author VALUES ( 4830997050 , 4 , 14 );
INSERT INTO book_author VALUES ( 4830997050 , 4 , 2 );
INSERT INTO book (isbn, school_id, title, publisher, pages, summary, lang, copies) VALUES ( 1458179413 , 3 ,"A Journey Through Time","HarperCollins", @pages, 'summary', 'English', @copies);
INSERT INTO book_category VALUES ( 1458179413 , 3 , 63 );
INSERT INTO book_category VALUES ( 1458179413 , 3 , 60 );
INSERT INTO book_category VALUES ( 1458179413 , 3 , 13 );
INSERT INTO book_author VALUES ( 1458179413 , 3 , 19 );
INSERT INTO book_author VALUES ( 1458179413 , 3 , 10 );
INSERT INTO book_author VALUES ( 1458179413 , 3 , 12 );
INSERT INTO book (isbn, school_id, title, publisher, pages, summary, lang, copies) VALUES ( 5802814896 , 4 ,"The Forgotten Legend","Simon & Schuster", @pages, 'summary', 'English', @copies);
INSERT INTO book_category VALUES ( 5802814896 , 4 , 36 );
INSERT INTO book_category VALUES ( 5802814896 , 4 , 48 );
INSERT INTO book_category VALUES ( 5802814896 , 4 , 13 );
INSERT INTO book_author VALUES ( 5802814896 , 4 , 2 );
INSERT INTO book_author VALUES ( 5802814896 , 4 , 8 );
INSERT INTO book_author VALUES ( 5802814896 , 4 , 16 );
INSERT INTO book (isbn, school_id, title, publisher, pages, summary, lang, copies) VALUES ( 3395946052 , 4 ,"Beyond the Veil","Penguin Random House", @pages, 'summary', 'English', @copies);
INSERT INTO book_category VALUES ( 3395946052 , 4 , 44 );
INSERT INTO book_category VALUES ( 3395946052 , 4 , 23 );
INSERT INTO book_category VALUES ( 3395946052 , 4 , 62 );
INSERT INTO book_author VALUES ( 3395946052 , 4 , 11 );
INSERT INTO book (isbn, school_id, title, publisher, pages, summary, lang, copies) VALUES ( 4551237159 , 3 ,"The Labyrinth of Secrets","Hachette Book Group", @pages, 'summary', 'English', @copies);
INSERT INTO book_category VALUES ( 4551237159 , 3 , 20 );
INSERT INTO book_category VALUES ( 4551237159 , 3 , 22 );
INSERT INTO book_category VALUES ( 4551237159 , 3 , 42 );
INSERT INTO book_author VALUES ( 4551237159 , 3 , 9 );
INSERT INTO book_author VALUES ( 4551237159 , 3 , 14 );
INSERT INTO book_author VALUES ( 4551237159 , 3 , 17 );
INSERT INTO book (isbn, school_id, title, publisher, pages, summary, lang, copies) VALUES ( 7711531776 , 3 ,"Tales of Enchantment","Wiley", @pages, 'summary', 'English', @copies);
INSERT INTO book_category VALUES ( 7711531776 , 3 , 36 );
INSERT INTO book_category VALUES ( 7711531776 , 3 , 2 );
INSERT INTO book_category VALUES ( 7711531776 , 3 , 21 );
INSERT INTO book_author VALUES ( 7711531776 , 3 , 4 );
INSERT INTO book (isbn, school_id, title, publisher, pages, summary, lang, copies) VALUES ( 7837312407 , 4 ,"The Art of Deception","Bloomsbury Publishing", @pages, 'summary', 'English', @copies);
INSERT INTO book_category VALUES ( 7837312407 , 4 , 22 );
INSERT INTO book_category VALUES ( 7837312407 , 4 , 20 );
INSERT INTO book_category VALUES ( 7837312407 , 4 , 6 );
INSERT INTO book_author VALUES ( 7837312407 , 4 , 15 );
INSERT INTO book_author VALUES ( 7837312407 , 4 , 10 );
INSERT INTO book (isbn, school_id, title, publisher, pages, summary, lang, copies) VALUES ( 5558077547 , 4 ,"Whispering Winds","Hachette Book Group", @pages, 'summary', 'English', @copies);
INSERT INTO book_category VALUES ( 5558077547 , 4 , 62 );
INSERT INTO book_category VALUES ( 5558077547 , 4 , 9 );
INSERT INTO book_category VALUES ( 5558077547 , 4 , 53 );
INSERT INTO book_author VALUES ( 5558077547 , 4 , 19 );
INSERT INTO book_author VALUES ( 5558077547 , 4 , 20 );
INSERT INTO book (isbn, school_id, title, publisher, pages, summary, lang, copies) VALUES ( 3144159368 , 2 ,"The Lost City","Wiley", @pages, 'summary', 'English', @copies);
INSERT INTO book_category VALUES ( 3144159368 , 2 , 13 );
INSERT INTO book_category VALUES ( 3144159368 , 2 , 46 );
INSERT INTO book_category VALUES ( 3144159368 , 2 , 20 );
INSERT INTO book_author VALUES ( 3144159368 , 2 , 4 );
INSERT INTO book (isbn, school_id, title, publisher, pages, summary, lang, copies) VALUES ( 8154230745 , 4 ,"Chronicles of the Ancients","HarperCollins", @pages, 'summary', 'English', @copies);
INSERT INTO book_category VALUES ( 8154230745 , 4 , 36 );
INSERT INTO book_category VALUES ( 8154230745 , 4 , 48 );
INSERT INTO book_category VALUES ( 8154230745 , 4 , 41 );
INSERT INTO book_author VALUES ( 8154230745 , 4 , 8 );
INSERT INTO book (isbn, school_id, title, publisher, pages, summary, lang, copies) VALUES ( 8897274952 , 3 ,"In the Shadow of Darkness","Bloomsbury Publishing", @pages, 'summary', 'English', @copies);
INSERT INTO book_category VALUES ( 8897274952 , 3 , 40 );
INSERT INTO book_category VALUES ( 8897274952 , 3 , 23 );
INSERT INTO book_category VALUES ( 8897274952 , 3 , 42 );
INSERT INTO book_author VALUES ( 8897274952 , 3 , 5 );
INSERT INTO book (isbn, school_id, title, publisher, pages, summary, lang, copies) VALUES ( 4567673146 , 3 ,"The Power Within","Pearson Education", @pages, 'summary', 'English', @copies);
INSERT INTO book_category VALUES ( 4567673146 , 3 , 36 );
INSERT INTO book_category VALUES ( 4567673146 , 3 , 21 );
INSERT INTO book_category VALUES ( 4567673146 , 3 , 8 );
INSERT INTO book_author VALUES ( 4567673146 , 3 , 17 );
INSERT INTO book (isbn, school_id, title, publisher, pages, summary, lang, copies) VALUES ( 6858269566 , 1 ,"A Dance with Fate","Pearson Education", @pages, 'summary', 'English', @copies);
INSERT INTO book_category VALUES ( 6858269566 , 1 , 7 );
INSERT INTO book_category VALUES ( 6858269566 , 1 , 62 );
INSERT INTO book_category VALUES ( 6858269566 , 1 , 61 );
INSERT INTO book_author VALUES ( 6858269566 , 1 , 11 );
INSERT INTO book (isbn, school_id, title, publisher, pages, summary, lang, copies) VALUES ( 5208527011 , 2 ,"The Cursed Relic","Macmillan Publishers", @pages, 'summary', 'English', @copies);
INSERT INTO book_category VALUES ( 5208527011 , 2 , 13 );
INSERT INTO book_category VALUES ( 5208527011 , 2 , 31 );
INSERT INTO book_category VALUES ( 5208527011 , 2 , 20 );
INSERT INTO book_author VALUES ( 5208527011 , 2 , 15 );
INSERT INTO book_author VALUES ( 5208527011 , 2 , 4 );
INSERT INTO book_author VALUES ( 5208527011 , 2 , 3 );
INSERT INTO book (isbn, school_id, title, publisher, pages, summary, lang, copies) VALUES ( 7657449327 , 4 ,"Voices from Beyond","Wiley", @pages, 'summary', 'English', @copies);
INSERT INTO book_category VALUES ( 7657449327 , 4 , 44 );
INSERT INTO book_category VALUES ( 7657449327 , 4 , 23 );
INSERT INTO book_category VALUES ( 7657449327 , 4 , 22 );
INSERT INTO book_author VALUES ( 7657449327 , 4 , 13 );
INSERT INTO book (isbn, school_id, title, publisher, pages, summary, lang, copies) VALUES ( 2162432754 , 2 ,"Silent Whispers","Simon & Schuster", @pages, 'summary', 'English', @copies);
INSERT INTO book_category VALUES ( 2162432754 , 2 , 20 );
INSERT INTO book_category VALUES ( 2162432754 , 2 , 42 );
INSERT INTO book_category VALUES ( 2162432754 , 2 , 6 );
INSERT INTO book_author VALUES ( 2162432754 , 2 , 3 );
INSERT INTO book_author VALUES ( 2162432754 , 2 , 5 );
INSERT INTO book_author VALUES ( 2162432754 , 2 , 16 );
INSERT INTO book (isbn, school_id, title, publisher, pages, summary, lang, copies) VALUES ( 2927538585 , 3 ,"Journey to Enlightenment","Hachette Book Group", @pages, 'summary', 'English', @copies);
INSERT INTO book_category VALUES ( 2927538585 , 3 , 34 );
INSERT INTO book_category VALUES ( 2927538585 , 3 , 37 );
INSERT INTO book_category VALUES ( 2927538585 , 3 , 16 );
INSERT INTO book_author VALUES ( 2927538585 , 3 , 1 );
INSERT INTO book (isbn, school_id, title, publisher, pages, summary, lang, copies) VALUES ( 2221475673 , 4 ,"Recipes from the Heart","Wiley", @pages, 'summary', 'English', @copies);
INSERT INTO book_category VALUES ( 2221475673 , 4 , 54 );
INSERT INTO book_category VALUES ( 2221475673 , 4 , 17 );
INSERT INTO book_category VALUES ( 2221475673 , 4 , 65 );
INSERT INTO book_author VALUES ( 2221475673 , 4 , 1 );
INSERT INTO book_author VALUES ( 2221475673 , 4 , 13 );
INSERT INTO book (isbn, school_id, title, publisher, pages, summary, lang, copies) VALUES ( 8626369027 , 4 ,"Beyond the Horizon","Penguin Random House", @pages, 'summary', 'English', @copies);
INSERT INTO book_category VALUES ( 8626369027 , 4 , 35 );
INSERT INTO book_category VALUES ( 8626369027 , 4 , 13 );
INSERT INTO book_category VALUES ( 8626369027 , 4 , 29 );
INSERT INTO book_author VALUES ( 8626369027 , 4 , 16 );
INSERT INTO book (isbn, school_id, title, publisher, pages, summary, lang, copies) VALUES ( 4464770029 , 1 ,"The Mindful Business","Pearson Education", @pages, 'summary', 'English', @copies);
INSERT INTO book_category VALUES ( 4464770029 , 1 , 24 );
INSERT INTO book_category VALUES ( 4464770029 , 1 , 11 );
INSERT INTO book_category VALUES ( 4464770029 , 1 , 30 );
INSERT INTO book_author VALUES ( 4464770029 , 1 , 7 );
INSERT INTO book_author VALUES ( 4464770029 , 1 , 12 );
INSERT INTO book_author VALUES ( 4464770029 , 1 , 9 );
INSERT INTO book (isbn, school_id, title, publisher, pages, summary, lang, copies) VALUES ( 3986958873 , 3 ,"Whispers of Love","Oxford University Press", @pages, 'summary', 'English', @copies);
INSERT INTO book_category VALUES ( 3986958873 , 3 , 62 );
INSERT INTO book_category VALUES ( 3986958873 , 3 , 3 );
INSERT INTO book_category VALUES ( 3986958873 , 3 , 12 );
INSERT INTO book_author VALUES ( 3986958873 , 3 , 14 );
INSERT INTO book_author VALUES ( 3986958873 , 3 , 12 );
INSERT INTO book_author VALUES ( 3986958873 , 3 , 4 );
INSERT INTO book (isbn, school_id, title, publisher, pages, summary, lang, copies) VALUES ( 8013882451 , 1 ,"The Alchemist's Legacy","HarperCollins", @pages, 'summary', 'English', @copies);
INSERT INTO book_category VALUES ( 8013882451 , 1 , 36 );
INSERT INTO book_category VALUES ( 8013882451 , 1 , 50 );
INSERT INTO book_category VALUES ( 8013882451 , 1 , 8 );
INSERT INTO book_author VALUES ( 8013882451 , 1 , 3 );
INSERT INTO book (isbn, school_id, title, publisher, pages, summary, lang, copies) VALUES ( 2232611290 , 4 ,"Mysteries Unveiled","Penguin Random House", @pages, 'summary', 'English', @copies);
INSERT INTO book_category VALUES ( 2232611290 , 4 , 20 );
INSERT INTO book_category VALUES ( 2232611290 , 4 , 57 );
INSERT INTO book_category VALUES ( 2232611290 , 4 , 42 );
INSERT INTO book_author VALUES ( 2232611290 , 4 , 6 );
INSERT INTO book_author VALUES ( 2232611290 , 4 , 15 );
INSERT INTO book (isbn, school_id, title, publisher, pages, summary, lang, copies) VALUES ( 6074731340 , 1 ,"The Science of Possibility","Scholastic Corporation", @pages, 'summary', 'English', @copies);
INSERT INTO book_category VALUES ( 6074731340 , 1 , 63 );
INSERT INTO book_category VALUES ( 6074731340 , 1 , 14 );
INSERT INTO book_category VALUES ( 6074731340 , 1 , 55 );
INSERT INTO book_author VALUES ( 6074731340 , 1 , 18 );
INSERT INTO book (isbn, school_id, title, publisher, pages, summary, lang, copies) VALUES ( 9136643152 , 1 ,"Echoes of the Past","Pearson Education", @pages, 'summary', 'English', @copies);
INSERT INTO book_category VALUES ( 9136643152 , 1 , 7 );
INSERT INTO book_category VALUES ( 9136643152 , 1 , 9 );
INSERT INTO book_category VALUES ( 9136643152 , 1 , 53 );
INSERT INTO book_author VALUES ( 9136643152 , 1 , 12 );
INSERT INTO book_author VALUES ( 9136643152 , 1 , 3 );
INSERT INTO book_author VALUES ( 9136643152 , 1 , 17 );
INSERT INTO book (isbn, school_id, title, publisher, pages, summary, lang, copies) VALUES ( 4733344815 , 4 ,"The Hidden Truth","Penguin Random House", @pages, 'summary', 'English', @copies);
INSERT INTO book_category VALUES ( 4733344815 , 4 , 22 );
INSERT INTO book_category VALUES ( 4733344815 , 4 , 4 );
INSERT INTO book_category VALUES ( 4733344815 , 4 , 25 );
INSERT INTO book_author VALUES ( 4733344815 , 4 , 11 );
INSERT INTO book (isbn, school_id, title, publisher, pages, summary, lang, copies) VALUES ( 8772964077 , 4 ,"Journey to the Unknown","Wiley", @pages, 'summary', 'English', @copies);
INSERT INTO book_category VALUES ( 8772964077 , 4 , 13 );
INSERT INTO book_category VALUES ( 8772964077 , 4 , 29 );
INSERT INTO book_category VALUES ( 8772964077 , 4 , 5 );
INSERT INTO book_author VALUES ( 8772964077 , 4 , 9 );
INSERT INTO book_author VALUES ( 8772964077 , 4 , 10 );
INSERT INTO book (isbn, school_id, title, publisher, pages, summary, lang, copies) VALUES ( 2822745007 , 4 ,"The Enchanted Garden","Hachette Book Group", @pages, 'summary', 'English', @copies);
INSERT INTO book_category VALUES ( 2822745007 , 4 , 36 );
INSERT INTO book_category VALUES ( 2822745007 , 4 , 21 );
INSERT INTO book_category VALUES ( 2822745007 , 4 , 32 );
INSERT INTO book_author VALUES ( 2822745007 , 4 , 5 );
INSERT INTO book (isbn, school_id, title, publisher, pages, summary, lang, copies) VALUES ( 9969479445 , 3 ,"Whispers in the Wind","Bloomsbury Publishing", @pages, 'summary', 'English', @copies);
INSERT INTO book_category VALUES ( 9969479445 , 3 , 52 );
INSERT INTO book_category VALUES ( 9969479445 , 3 , 43 );
INSERT INTO book_category VALUES ( 9969479445 , 3 , 19 );
INSERT INTO book_author VALUES ( 9969479445 , 3 , 14 );
INSERT INTO book_author VALUES ( 9969479445 , 3 , 3 );
INSERT INTO book (isbn, school_id, title, publisher, pages, summary, lang, copies) VALUES ( 4805517459 , 1 ,"House of Shadows","Oxford University Press", @pages, 'summary', 'English', @copies);
INSERT INTO book_category VALUES ( 4805517459 , 1 , 40 );
INSERT INTO book_category VALUES ( 4805517459 , 1 , 27 );
INSERT INTO book_category VALUES ( 4805517459 , 1 , 23 );
INSERT INTO book_author VALUES ( 4805517459 , 1 , 13 );
INSERT INTO book_author VALUES ( 4805517459 , 1 , 12 );
INSERT INTO book (isbn, school_id, title, publisher, pages, summary, lang, copies) VALUES ( 2002809012 , 4 ,"The Successful Mind","HarperCollins", @pages, 'summary', 'English', @copies);
INSERT INTO book_category VALUES ( 2002809012 , 4 , 24 );
INSERT INTO book_category VALUES ( 2002809012 , 4 , 26 );
INSERT INTO book_category VALUES ( 2002809012 , 4 , 45 );
INSERT INTO book_author VALUES ( 2002809012 , 4 , 8 );
INSERT INTO book_author VALUES ( 2002809012 , 4 , 13 );
INSERT INTO book (isbn, school_id, title, publisher, pages, summary, lang, copies) VALUES ( 6370210362 , 4 ,"Wanderlust","Macmillan Publishers", @pages, 'summary', 'English', @copies);
INSERT INTO book_category VALUES ( 6370210362 , 4 , 35 );
INSERT INTO book_category VALUES ( 6370210362 , 4 , 13 );
INSERT INTO book_category VALUES ( 6370210362 , 4 , 38 );
INSERT INTO book_author VALUES ( 6370210362 , 4 , 6 );
INSERT INTO book (isbn, school_id, title, publisher, pages, summary, lang, copies) VALUES ( 3262976620 , 3 ,"Philosophical Musings","Pearson Education", @pages, 'summary', 'English', @copies);
INSERT INTO book_category VALUES ( 3262976620 , 3 , 16 );
INSERT INTO book_category VALUES ( 3262976620 , 3 , 49 );
INSERT INTO book_category VALUES ( 3262976620 , 3 , 56 );
INSERT INTO book_author VALUES ( 3262976620 , 3 , 4 );
INSERT INTO book (isbn, school_id, title, publisher, pages, summary, lang, copies) VALUES ( 4050400547 , 1 ,"The Culinary Journey","Bloomsbury Publishing", @pages, 'summary', 'English', @copies);
INSERT INTO book_category VALUES ( 4050400547 , 1 , 54 );
INSERT INTO book_category VALUES ( 4050400547 , 1 , 10 );
INSERT INTO book_category VALUES ( 4050400547 , 1 , 58 );
INSERT INTO book_author VALUES ( 4050400547 , 1 , 18 );
INSERT INTO book (isbn, school_id, title, publisher, pages, summary, lang, copies) VALUES ( 1334597357 , 1 ,"The Art of Negotiation","Scholastic Corporation", @pages, 'summary', 'English', @copies);
INSERT INTO book_category VALUES ( 1334597357 , 1 , 24 );
INSERT INTO book_category VALUES ( 1334597357 , 1 , 59 );
INSERT INTO book_category VALUES ( 1334597357 , 1 , 47 );
INSERT INTO book_author VALUES ( 1334597357 , 1 , 9 );
INSERT INTO book_author VALUES ( 1334597357 , 1 , 1 );
INSERT INTO book (isbn, school_id, title, publisher, pages, summary, lang, copies) VALUES ( 1709439967 , 1 ,"Unveiling Secrets","HarperCollins", @pages, 'summary', 'English', @copies);
INSERT INTO book_category VALUES ( 1709439967 , 1 , 20 );
INSERT INTO book_category VALUES ( 1709439967 , 1 , 42 );
INSERT INTO book_category VALUES ( 1709439967 , 1 , 61 );
INSERT INTO book_author VALUES ( 1709439967 , 1 , 3 );
INSERT INTO book_author VALUES ( 1709439967 , 1 , 18 );
INSERT INTO book (isbn, school_id, title, publisher, pages, summary, lang, copies) VALUES ( 4312880887 , 2 ,"Quest for Freedom","Bloomsbury Publishing", @pages, 'summary', 'English', @copies);
INSERT INTO book_category VALUES ( 4312880887 , 2 , 13 );
INSERT INTO book_category VALUES ( 4312880887 , 2 , 8 );
INSERT INTO book_category VALUES ( 4312880887 , 2 , 28 );
INSERT INTO book_author VALUES ( 4312880887 , 2 , 2 );
INSERT INTO book_author VALUES ( 4312880887 , 2 , 5 );
INSERT INTO book_author VALUES ( 4312880887 , 2 , 16 );
INSERT INTO book (isbn, school_id, title, publisher, pages, summary, lang, copies) VALUES ( 5047587616 , 3 ,"The Poet's Heart","HarperCollins", @pages, 'summary', 'English', @copies);
INSERT INTO book_category VALUES ( 5047587616 , 3 , 52 );
INSERT INTO book_category VALUES ( 5047587616 , 3 , 3 );
INSERT INTO book_category VALUES ( 5047587616 , 3 , 39 );
INSERT INTO book_author VALUES ( 5047587616 , 3 , 17 );
INSERT INTO book (isbn, school_id, title, publisher, pages, summary, lang, copies) VALUES ( 5393363898 , 3 ,"Realm of Shadows","Wiley", @pages, 'summary', 'English', @copies);
INSERT INTO book_category VALUES ( 5393363898 , 3 , 36 );
INSERT INTO book_category VALUES ( 5393363898 , 3 , 33 );
INSERT INTO book_category VALUES ( 5393363898 , 3 , 21 );
INSERT INTO book_author VALUES ( 5393363898 , 3 , 6 );
INSERT INTO book_author VALUES ( 5393363898 , 3 , 19 );
INSERT INTO book (isbn, school_id, title, publisher, pages, summary, lang, copies) VALUES ( 6895463159 , 3 ,"Haunted Memories","Hachette Book Group", @pages, 'summary', 'English', @copies);
INSERT INTO book_category VALUES ( 6895463159 , 3 , 40 );
INSERT INTO book_category VALUES ( 6895463159 , 3 , 23 );
INSERT INTO book_category VALUES ( 6895463159 , 3 , 64 );
INSERT INTO book_author VALUES ( 6895463159 , 3 , 3 );
INSERT INTO book_author VALUES ( 6895463159 , 3 , 19 );
INSERT INTO book_author VALUES ( 6895463159 , 3 , 8 );
INSERT INTO book (isbn, school_id, title, publisher, pages, summary, lang, copies) VALUES ( 3582513296 , 3 ,"The Entrepreneur's Guide","Wiley", @pages, 'summary', 'English', @copies);
INSERT INTO book_category VALUES ( 3582513296 , 3 , 24 );
INSERT INTO book_category VALUES ( 3582513296 , 3 , 51 );
INSERT INTO book_category VALUES ( 3582513296 , 3 , 11 );
INSERT INTO book_author VALUES ( 3582513296 , 3 , 15 );
INSERT INTO book (isbn, school_id, title, publisher, pages, summary, lang, copies) VALUES ( 4132920795 , 3 ,"Wanderlust Chronicles","Hachette Book Group", @pages, 'summary', 'English', @copies);
INSERT INTO book_category VALUES ( 4132920795 , 3 , 35 );
INSERT INTO book_category VALUES ( 4132920795 , 3 , 1 );
INSERT INTO book_category VALUES ( 4132920795 , 3 , 13 );
INSERT INTO book_author VALUES ( 4132920795 , 3 , 9 );
INSERT INTO book_author VALUES ( 4132920795 , 3 , 3 );
INSERT INTO book (isbn, school_id, title, publisher, pages, summary, lang, copies) VALUES ( 5574421796 , 4 ,"The Art of Mindfulness","Penguin Random House", @pages, 'summary', 'English', @copies);
INSERT INTO book_category VALUES ( 5574421796 , 4 , 37 );
INSERT INTO book_category VALUES ( 5574421796 , 4 , 15 );
INSERT INTO book_category VALUES ( 5574421796 , 4 , 66 );
INSERT INTO book_author VALUES ( 5574421796 , 4 , 6 );
INSERT INTO book (isbn, school_id, title, publisher, pages, summary, lang, copies) VALUES ( 9000091118 , 4 ,"The Enchanted Forest","Simon & Schuster", @pages, 'summary', 'English', @copies);
INSERT INTO book_category VALUES ( 9000091118 , 4 , 36 );
INSERT INTO book_category VALUES ( 9000091118 , 4 , 2 );
INSERT INTO book_category VALUES ( 9000091118 , 4 , 13 );
INSERT INTO book_author VALUES ( 9000091118 , 4 , 7 );
INSERT INTO book_author VALUES ( 9000091118 , 4 , 9 );
INSERT INTO book (isbn, school_id, title, publisher, pages, summary, lang, copies) VALUES ( 9110849819 , 3 ,"The Mystery of the Manor","Pearson Education", @pages, 'summary', 'English', @copies);
INSERT INTO book_category VALUES ( 9110849819 , 3 , 20 );
INSERT INTO book_category VALUES ( 9110849819 , 3 , 42 );
INSERT INTO book_category VALUES ( 9110849819 , 3 , 6 );
INSERT INTO book_author VALUES ( 9110849819 , 3 , 12 );
INSERT INTO book (isbn, school_id, title, publisher, pages, summary, lang, copies) VALUES ( 8324848244 , 4 ,"The Science of Possibility","Hachette Book Group", @pages, 'summary', 'English', @copies);
INSERT INTO book_category VALUES ( 8324848244 , 4 , 63 );
INSERT INTO book_category VALUES ( 8324848244 , 4 , 13 );
INSERT INTO book_category VALUES ( 8324848244 , 4 , 5 );
INSERT INTO book_author VALUES ( 8324848244 , 4 , 6 );
INSERT INTO book_author VALUES ( 8324848244 , 4 , 17 );
INSERT INTO book (isbn, school_id, title, publisher, pages, summary, lang, copies) VALUES ( 3628395429 , 3 ,"Reflections of the Past","Scholastic Corporation", @pages, 'summary', 'English', @copies);
INSERT INTO book_category VALUES ( 3628395429 , 3 , 7 );
INSERT INTO book_category VALUES ( 3628395429 , 3 , 62 );
INSERT INTO book_category VALUES ( 3628395429 , 3 , 9 );
INSERT INTO book_author VALUES ( 3628395429 , 3 , 7 );
INSERT INTO book_author VALUES ( 3628395429 , 3 , 9 );
INSERT INTO book (isbn, school_id, title, publisher, pages, summary, lang, copies) VALUES ( 3483202903 , 4 ,"Secrets of the Unknown","Simon & Schuster", @pages, 'summary', 'English', @copies);
INSERT INTO book_category VALUES ( 3483202903 , 4 , 22 );
INSERT INTO book_category VALUES ( 3483202903 , 4 , 20 );
INSERT INTO book_category VALUES ( 3483202903 , 4 , 4 );
INSERT INTO book_author VALUES ( 3483202903 , 4 , 9 );
INSERT INTO book_author VALUES ( 3483202903 , 4 , 15 );
INSERT INTO book (isbn, school_id, title, publisher, pages, summary, lang, copies) VALUES ( 3013853538 , 3 ,"Echoes of History","Oxford University Press", @pages, 'summary', 'English', @copies);
INSERT INTO book_category VALUES ( 3013853538 , 3 , 18 );
INSERT INTO book_author VALUES ( 3013853538 , 3 , 5 );
INSERT INTO book (isbn, school_id, title, publisher, pages, summary, lang, copies) VALUES ( 3569429487 , 4 ,"Whispers of Romance","Scholastic Corporation", @pages, 'summary', 'English', @copies);
INSERT INTO book_category VALUES ( 3569429487 , 4 , 62 );
INSERT INTO book_author VALUES ( 3569429487 , 4 , 17 );
INSERT INTO book (isbn, school_id, title, publisher, pages, summary, lang, copies) VALUES ( 7242872398 , 4 ,"Journey of a Lifetime","Scholastic Corporation", @pages, 'summary', 'English', @copies);
INSERT INTO book_category VALUES ( 7242872398 , 4 , 35 );
INSERT INTO book_category VALUES ( 7242872398 , 4 , 37 );
INSERT INTO book_author VALUES ( 7242872398 , 4 , 14 );
INSERT INTO book (isbn, school_id, title, publisher, pages, summary, lang, copies) VALUES ( 8075838262 , 4 ,"The Power Within","Penguin Random House", @pages, 'summary', 'English', @copies);
INSERT INTO book_category VALUES ( 8075838262 , 4 , 37 );
INSERT INTO book_author VALUES ( 8075838262 , 4 , 1 );
INSERT INTO book_author VALUES ( 8075838262 , 4 , 5 );
INSERT INTO book_author VALUES ( 8075838262 , 4 , 12 );
INSERT INTO book (isbn, school_id, title, publisher, pages, summary, lang, copies) VALUES ( 5420890341 , 4 ,"Songs of the Soul","Simon & Schuster", @pages, 'summary', 'English', @copies);
INSERT INTO book_category VALUES ( 5420890341 , 4 , 52 );
INSERT INTO book_author VALUES ( 5420890341 , 4 , 4 );
INSERT INTO book_author VALUES ( 5420890341 , 4 , 16 );
INSERT INTO book_author VALUES ( 5420890341 , 4 , 17 );
INSERT INTO book (isbn, school_id, title, publisher, pages, summary, lang, copies) VALUES ( 3823887940 , 3 ,"Mastering Business Strategies","Penguin Random House", @pages, 'summary', 'English', @copies);
INSERT INTO book_category VALUES ( 3823887940 , 3 , 24 );
INSERT INTO book_category VALUES ( 3823887940 , 3 , 37 );
INSERT INTO book_author VALUES ( 3823887940 , 3 , 3 );
INSERT INTO book_author VALUES ( 3823887940 , 3 , 10 );
INSERT INTO book_author VALUES ( 3823887940 , 3 , 4 );
INSERT INTO book (isbn, school_id, title, publisher, pages, summary, lang, copies) VALUES ( 7144907339 , 3 ,"Culinary Adventures","Hachette Book Group", @pages, 'summary', 'English', @copies);
INSERT INTO book_category VALUES ( 7144907339 , 3 , 54 );
INSERT INTO book_author VALUES ( 7144907339 , 3 , 9 );
INSERT INTO book_author VALUES ( 7144907339 , 3 , 16 );
INSERT INTO book (isbn, school_id, title, publisher, pages, summary, lang, copies) VALUES ( 5220695509 , 3 ,"Philosophical Musings","Penguin Random House", @pages, 'summary', 'English', @copies);
INSERT INTO book_category VALUES ( 5220695509 , 3 , 16 );
INSERT INTO book_category VALUES ( 5220695509 , 3 , 37 );
INSERT INTO book_author VALUES ( 5220695509 , 3 , 7 );
INSERT INTO book_author VALUES ( 5220695509 , 3 , 14 );
INSERT INTO book_author VALUES ( 5220695509 , 3 , 9 );
INSERT INTO book (isbn, school_id, title, publisher, pages, summary, lang, copies) VALUES ( 4374755140 , 3 ,"From Past to Present","Oxford University Press", @pages, 'summary', 'English', @copies);
INSERT INTO book_category VALUES ( 4374755140 , 3 , 18 );
INSERT INTO book_category VALUES ( 4374755140 , 3 , 35 );
INSERT INTO book_author VALUES ( 4374755140 , 3 , 16 );
INSERT INTO book_author VALUES ( 4374755140 , 3 , 18 );
INSERT INTO book_author VALUES ( 4374755140 , 3 , 4 );
INSERT INTO book (isbn, school_id, title, publisher, pages, summary, lang, copies) VALUES ( 5762716229 , 2 ,"Love's Eternal Flame","Oxford University Press", @pages, 'summary', 'English', @copies);
INSERT INTO book_category VALUES ( 5762716229 , 2 , 62 );
INSERT INTO book_author VALUES ( 5762716229 , 2 , 4 );
INSERT INTO book_author VALUES ( 5762716229 , 2 , 18 );
INSERT INTO book (isbn, school_id, title, publisher, pages, summary, lang, copies) VALUES ( 9244487961 , 4 ,"The Path to Enlightenment","Simon & Schuster", @pages, 'summary', 'English', @copies);
INSERT INTO book_category VALUES ( 9244487961 , 4 , 37 );
INSERT INTO book_author VALUES ( 9244487961 , 4 , 6 );
INSERT INTO book_author VALUES ( 9244487961 , 4 , 14 );
INSERT INTO book (isbn, school_id, title, publisher, pages, summary, lang, copies) VALUES ( 1578584572 , 4 ,"Verses of the Heart","Penguin Random House", @pages, 'summary', 'English', @copies);
INSERT INTO book_category VALUES ( 1578584572 , 4 , 52 );
INSERT INTO book_author VALUES ( 1578584572 , 4 , 9 );
INSERT INTO book (isbn, school_id, title, publisher, pages, summary, lang, copies) VALUES ( 2929840928 , 4 ,"Navigating the Business World","Oxford University Press", @pages, 'summary', 'English', @copies);
INSERT INTO book_category VALUES ( 2929840928 , 4 , 24 );
INSERT INTO book_category VALUES ( 2929840928 , 4 , 37 );
INSERT INTO book_author VALUES ( 2929840928 , 4 , 5 );
INSERT INTO book (isbn, school_id, title, publisher, pages, summary, lang, copies) VALUES ( 2485436266 , 4 ,"The Art of Gastronomy","Penguin Random House", @pages, 'summary', 'English', @copies);
INSERT INTO book_category VALUES ( 2485436266 , 4 , 54 );
INSERT INTO book_category VALUES ( 2485436266 , 4 , 35 );
INSERT INTO book_author VALUES ( 2485436266 , 4 , 5 );
INSERT INTO book (isbn, school_id, title, publisher, pages, summary, lang, copies) VALUES ( 9068863484 , 4 ,"Wandering Thoughts","HarperCollins", @pages, 'summary', 'English', @copies);
INSERT INTO book_category VALUES ( 9068863484 , 4 , 35 );
INSERT INTO book_author VALUES ( 9068863484 , 4 , 16 );
INSERT INTO book (isbn, school_id, title, publisher, pages, summary, lang, copies) VALUES ( 3653827544 , 1 ,"Essence of Existence","Pearson Education", @pages, 'summary', 'English', @copies);
INSERT INTO book_category VALUES ( 3653827544 , 1 , 16 );
INSERT INTO book_author VALUES ( 3653827544 , 1 , 17 );
INSERT INTO book_author VALUES ( 3653827544 , 1 , 11 );
INSERT INTO book (isbn, school_id, title, publisher, pages, summary, lang, copies) VALUES ( 2166509398 , 4 ,"Uncovering Hidden Histories","Bloomsbury Publishing", @pages, 'summary', 'English', @copies);
INSERT INTO book_category VALUES ( 2166509398 , 4 , 18 );
INSERT INTO book_category VALUES ( 2166509398 , 4 , 35 );
INSERT INTO book_author VALUES ( 2166509398 , 4 , 19 );
INSERT INTO book (isbn, school_id, title, publisher, pages, summary, lang, copies) VALUES ( 7423552821 , 2 ,"Love in the Air","Simon & Schuster", @pages, 'summary', 'English', @copies);
INSERT INTO book_category VALUES ( 7423552821 , 2 , 62 );
INSERT INTO book_author VALUES ( 7423552821 , 2 , 1 );
INSERT INTO book_author VALUES ( 7423552821 , 2 , 17 );
INSERT INTO book (isbn, school_id, title, publisher, pages, summary, lang, copies) VALUES ( 2667109467 , 2 ,"Finding Inner Peace","Pearson Education", @pages, 'summary', 'English', @copies);
INSERT INTO book_category VALUES ( 2667109467 , 2 , 37 );
INSERT INTO book_author VALUES ( 2667109467 , 2 , 7 );
INSERT INTO book_author VALUES ( 2667109467 , 2 , 14 );
INSERT INTO book (isbn, school_id, title, publisher, pages, summary, lang, copies) VALUES ( 8667184515 , 4 ,"Whispers of the Soul","Pearson Education", @pages, 'summary', 'English', @copies);
INSERT INTO book_category VALUES ( 8667184515 , 4 , 52 );
INSERT INTO book_category VALUES ( 8667184515 , 4 , 37 );
INSERT INTO book_author VALUES ( 8667184515 , 4 , 15 );
INSERT INTO book (isbn, school_id, title, publisher, pages, summary, lang, copies) VALUES ( 6733576933 , 3 ,"The Business Blueprint","Oxford University Press", @pages, 'summary', 'English', @copies);
INSERT INTO book_category VALUES ( 6733576933 , 3 , 24 );
INSERT INTO book_category VALUES ( 6733576933 , 3 , 35 );
INSERT INTO book_author VALUES ( 6733576933 , 3 , 20 );
INSERT INTO book (isbn, school_id, title, publisher, pages, summary, lang, copies) VALUES ( 4346543897 , 2 ,"Flavors of the World","Bloomsbury Publishing", @pages, 'summary', 'English', @copies);
INSERT INTO book_category VALUES ( 4346543897 , 2 , 54 );
INSERT INTO book_category VALUES ( 4346543897 , 2 , 35 );
INSERT INTO book_author VALUES ( 4346543897 , 2 , 2 );
INSERT INTO book_author VALUES ( 4346543897 , 2 , 11 );
INSERT INTO book (isbn, school_id, title, publisher, pages, summary, lang, copies) VALUES ( 7329677624 , 2 ,"Wanderlust Chronicles","Bloomsbury Publishing", @pages, 'summary', 'English', @copies);
INSERT INTO book_category VALUES ( 7329677624 , 2 , 35 );
INSERT INTO book_category VALUES ( 7329677624 , 2 , 37 );
INSERT INTO book_author VALUES ( 7329677624 , 2 , 4 );
INSERT INTO book_author VALUES ( 7329677624 , 2 , 3 );
INSERT INTO book_author VALUES ( 7329677624 , 2 , 14 );
INSERT INTO book (isbn, school_id, title, publisher, pages, summary, lang, copies) VALUES ( 4619908318 , 3 ,"Seeking Wisdom","HarperCollins", @pages, 'summary', 'English', @copies);
INSERT INTO book_category VALUES ( 4619908318 , 3 , 16 );
INSERT INTO book_category VALUES ( 4619908318 , 3 , 37 );
INSERT INTO book_author VALUES ( 4619908318 , 3 , 5 );
INSERT INTO book_author VALUES ( 4619908318 , 3 , 18 );
INSERT INTO book (isbn, school_id, title, publisher, pages, summary, lang, copies) VALUES ( 6065912122 , 3 ,"Footprints of the Past","HarperCollins", @pages, 'summary', 'English', @copies);
INSERT INTO book_category VALUES ( 6065912122 , 3 , 18 );
INSERT INTO book_category VALUES ( 6065912122 , 3 , 35 );
INSERT INTO book_author VALUES ( 6065912122 , 3 , 3 );
INSERT INTO book (isbn, school_id, title, publisher, pages, summary, lang, copies) VALUES ( 6923596919 , 4 ,"Romantic Encounters","Wiley", @pages, 'summary', 'English', @copies);
INSERT INTO book_category VALUES ( 6923596919 , 4 , 62 );
INSERT INTO book_author VALUES ( 6923596919 , 4 , 16 );
INSERT INTO book (isbn, school_id, title, publisher, pages, summary, lang, copies) VALUES ( 5706120473 , 4 ,"The Path to Happiness","Wiley", @pages, 'summary', 'English', @copies);
INSERT INTO book_category VALUES ( 5706120473 , 4 , 37 );
INSERT INTO book_author VALUES ( 5706120473 , 4 , 11 );
INSERT INTO book_author VALUES ( 5706120473 , 4 , 3 );
INSERT INTO book (isbn, school_id, title, publisher, pages, summary, lang, copies) VALUES ( 3944317049 , 2 ,"Whispers of Inspiration","Macmillan Publishers", @pages, 'summary', 'English', @copies);
INSERT INTO book_category VALUES ( 3944317049 , 2 , 52 );
INSERT INTO book_category VALUES ( 3944317049 , 2 , 37 );
INSERT INTO book_author VALUES ( 3944317049 , 2 , 6 );
INSERT INTO book (isbn, school_id, title, publisher, pages, summary, lang, copies) VALUES ( 9580945309 , 4 ,"The Entrepreneur's Journey","Macmillan Publishers", @pages, 'summary', 'English', @copies);
INSERT INTO book_category VALUES ( 9580945309 , 4 , 24 );
INSERT INTO book_category VALUES ( 9580945309 , 4 , 37 );
INSERT INTO book_author VALUES ( 9580945309 , 4 , 9 );
INSERT INTO book_author VALUES ( 9580945309 , 4 , 2 );
INSERT INTO book_author VALUES ( 9580945309 , 4 , 15 );
INSERT INTO book (isbn, school_id, title, publisher, pages, summary, lang, copies) VALUES ( 7005891388 , 1 ,"Culinary Delights","HarperCollins", @pages, 'summary', 'English', @copies);
INSERT INTO book_category VALUES ( 7005891388 , 1 , 54 );
INSERT INTO book_author VALUES ( 7005891388 , 1 , 15 );
INSERT INTO book_author VALUES ( 7005891388 , 1 , 9 );
INSERT INTO book_author VALUES ( 7005891388 , 1 , 12 );
INSERT INTO book (isbn, school_id, title, publisher, pages, summary, lang, copies) VALUES ( 7996159581 , 2 ,"Discovering New Horizons","Macmillan Publishers", @pages, 'summary', 'English', @copies);
INSERT INTO book_category VALUES ( 7996159581 , 2 , 35 );
INSERT INTO book_author VALUES ( 7996159581 , 2 , 5 );
INSERT INTO book (isbn, school_id, title, publisher, pages, summary, lang, copies) VALUES ( 9442350079 , 2 ,"The Quest for Meaning","Bloomsbury Publishing", @pages, 'summary', 'English', @copies);
INSERT INTO book_category VALUES ( 9442350079 , 2 , 16 );
INSERT INTO book_author VALUES ( 9442350079 , 2 , 5 );
INSERT INTO book_author VALUES ( 9442350079 , 2 , 12 );
INSERT INTO book (isbn, school_id, title, publisher, pages, summary, lang, copies) VALUES ( 6989281474 , 3 ,"Chronicles of the Ages","Macmillan Publishers", @pages, 'summary', 'English', @copies);
INSERT INTO book_category VALUES ( 6989281474 , 3 , 18 );
INSERT INTO book_author VALUES ( 6989281474 , 3 , 9 );
INSERT INTO book_author VALUES ( 6989281474 , 3 , 13 );
INSERT INTO book_author VALUES ( 6989281474 , 3 , 2 );
INSERT INTO book (isbn, school_id, title, publisher, pages, summary, lang, copies) VALUES ( 8255646069 , 3 ,"Love and Destiny","Penguin Random House", @pages, 'summary', 'English', @copies);
INSERT INTO book_category VALUES ( 8255646069 , 3 , 62 );
INSERT INTO book_author VALUES ( 8255646069 , 3 , 12 );
INSERT INTO book (isbn, school_id, title, publisher, pages, summary, lang, copies) VALUES ( 4186569261 , 2 ,"The Art of Personal Growth","Wiley", @pages, 'summary', 'English', @copies);
INSERT INTO book_category VALUES ( 4186569261 , 2 , 37 );
INSERT INTO book_author VALUES ( 4186569261 , 2 , 15 );
INSERT INTO book (isbn, school_id, title, publisher, pages, summary, lang, copies) VALUES ( 6483385587 , 2 ,"Rhymes of Reflection","HarperCollins", @pages, 'summary', 'English', @copies);
INSERT INTO book_category VALUES ( 6483385587 , 2 , 52 );
INSERT INTO book_author VALUES ( 6483385587 , 2 , 20 );
INSERT INTO book_author VALUES ( 6483385587 , 2 , 15 );
INSERT INTO book_author VALUES ( 6483385587 , 2 , 7 );
INSERT INTO book (isbn, school_id, title, publisher, pages, summary, lang, copies) VALUES ( 1695826719 , 4 ,"The Business Mindset","Bloomsbury Publishing", @pages, 'summary', 'English', @copies);
INSERT INTO book_category VALUES ( 1695826719 , 4 , 24 );
INSERT INTO book_author VALUES ( 1695826719 , 4 , 8 );
INSERT INTO book_author VALUES ( 1695826719 , 4 , 13 );
INSERT INTO book (isbn, school_id, title, publisher, pages, summary, lang, copies) VALUES ( 3773908513 , 1 ,"Cuisine Around the World","Scholastic Corporation", @pages, 'summary', 'English', @copies);
INSERT INTO book_category VALUES ( 3773908513 , 1 , 54 );
INSERT INTO book_category VALUES ( 3773908513 , 1 , 35 );
INSERT INTO book_author VALUES ( 3773908513 , 1 , 11 );
INSERT INTO book (isbn, school_id, title, publisher, pages, summary, lang, copies) VALUES ( 4827538776 , 3 ,"Wanderlust Wonders","Penguin Random House", @pages, 'summary', 'English', @copies);
INSERT INTO book_category VALUES ( 4827538776 , 3 , 35 );
INSERT INTO book_category VALUES ( 4827538776 , 3 , 37 );
INSERT INTO book_author VALUES ( 4827538776 , 3 , 12 );
INSERT INTO book_author VALUES ( 4827538776 , 3 , 10 );
INSERT INTO book_author VALUES ( 4827538776 , 3 , 14 );
INSERT INTO book (isbn, school_id, title, publisher, pages, summary, lang, copies) VALUES ( 4290299702 , 4 ,"The Philosophy of Life","Macmillan Publishers", @pages, 'summary', 'English', @copies);
INSERT INTO book_category VALUES ( 4290299702 , 4 , 16 );
INSERT INTO book_author VALUES ( 4290299702 , 4 , 17 );
INSERT INTO book (isbn, school_id, title, publisher, pages, summary, lang, copies) VALUES ( 6298316705 , 1 ,"Stories from the Past","Hachette Book Group", @pages, 'summary', 'English', @copies);
INSERT INTO book_category VALUES ( 6298316705 , 1 , 18 );
INSERT INTO book_author VALUES ( 6298316705 , 1 , 4 );
INSERT INTO book_author VALUES ( 6298316705 , 1 , 5 );
INSERT INTO book_author VALUES ( 6298316705 , 1 , 7 );
INSERT INTO book (isbn, school_id, title, publisher, pages, summary, lang, copies) VALUES ( 7875617490 , 2 ,"Passion's Embrace","Bloomsbury Publishing", @pages, 'summary', 'English', @copies);
INSERT INTO book_category VALUES ( 7875617490 , 2 , 62 );
INSERT INTO book_author VALUES ( 7875617490 , 2 , 4 );
INSERT INTO book (isbn, school_id, title, publisher, pages, summary, lang, copies) VALUES ( 5844004613 , 2 ,"Unlocking Potential","Oxford University Press", @pages, 'summary', 'English', @copies);
INSERT INTO book_category VALUES ( 5844004613 , 2 , 37 );
INSERT INTO book_author VALUES ( 5844004613 , 2 , 6 );
INSERT INTO book_author VALUES ( 5844004613 , 2 , 17 );
INSERT INTO book (isbn, school_id, title, publisher, pages, summary, lang, copies) VALUES ( 5863861090 , 4 ,"Whispers of the Heart","Scholastic Corporation", @pages, 'summary', 'English', @copies);
INSERT INTO book_category VALUES ( 5863861090 , 4 , 52 );
INSERT INTO book_author VALUES ( 5863861090 , 4 , 9 );
INSERT INTO book_author VALUES ( 5863861090 , 4 , 5 );
INSERT INTO book (isbn, school_id, title, publisher, pages, summary, lang, copies) VALUES ( 2905963998 , 2 ,"The Business Revolution","Simon & Schuster", @pages, 'summary', 'English', @copies);
INSERT INTO book_category VALUES ( 2905963998 , 2 , 24 );
INSERT INTO book_author VALUES ( 2905963998 , 2 , 5 );
INSERT INTO book_author VALUES ( 2905963998 , 2 , 10 );
INSERT INTO book (isbn, school_id, title, publisher, pages, summary, lang, copies) VALUES ( 7472477464 , 3 ,"Culinary Inspirations","Wiley", @pages, 'summary', 'English', @copies);
INSERT INTO book_category VALUES ( 7472477464 , 3 , 54 );
INSERT INTO book_author VALUES ( 7472477464 , 3 , 13 );
INSERT INTO book (isbn, school_id, title, publisher, pages, summary, lang, copies) VALUES ( 5026055214 , 1 ,"Wanderlust Escapades","HarperCollins", @pages, 'summary', 'English', @copies);
INSERT INTO book_category VALUES ( 5026055214 , 1 , 35 );
INSERT INTO book_author VALUES ( 5026055214 , 1 , 12 );
INSERT INTO book_author VALUES ( 5026055214 , 1 , 13 );
INSERT INTO book (isbn, school_id, title, publisher, pages, summary, lang, copies) VALUES ( 5855663562 , 3 ,"The Philosophy of Wisdom","Pearson Education", @pages, 'summary', 'English', @copies);
INSERT INTO book_category VALUES ( 5855663562 , 3 , 16 );
INSERT INTO book_author VALUES ( 5855663562 , 3 , 1 );
INSERT INTO book_author VALUES ( 5855663562 , 3 , 11 );
INSERT INTO book (isbn, school_id, title, publisher, pages, summary, lang, copies) VALUES ( 2106975765 , 4 ,"Echoes of Ancient Times","Penguin Random House", @pages, 'summary', 'English', @copies);
INSERT INTO book_category VALUES ( 2106975765 , 4 , 18 );
INSERT INTO book_author VALUES ( 2106975765 , 4 , 8 );
INSERT INTO book_author VALUES ( 2106975765 , 4 , 14 );
INSERT INTO book (isbn, school_id, title, publisher, pages, summary, lang, copies) VALUES ( 6065190388 , 2 ,"Love's Eternal Dance","Macmillan Publishers", @pages, 'summary', 'English', @copies);
INSERT INTO book_category VALUES ( 6065190388 , 2 , 62 );
INSERT INTO book_author VALUES ( 6065190388 , 2 , 3 );
INSERT INTO book_author VALUES ( 6065190388 , 2 , 2 );
INSERT INTO book_author VALUES ( 6065190388 , 2 , 10 );
INSERT INTO book (isbn, school_id, title, publisher, pages, summary, lang, copies) VALUES ( 7571811683 , 3 ,"The Path to Fulfillment","Macmillan Publishers", @pages, 'summary', 'English', @copies);
INSERT INTO book_category VALUES ( 7571811683 , 3 , 37 );
INSERT INTO book_author VALUES ( 7571811683 , 3 , 5 );
INSERT INTO book_author VALUES ( 7571811683 , 3 , 8 );
INSERT INTO book_author VALUES ( 7571811683 , 3 , 11 );
INSERT INTO book (isbn, school_id, title, publisher, pages, summary, lang, copies) VALUES ( 7553188881 , 3 ,"Verses of Reflection","HarperCollins", @pages, 'summary', 'English', @copies);
INSERT INTO book_category VALUES ( 7553188881 , 3 , 52 );
INSERT INTO book_author VALUES ( 7553188881 , 3 , 11 );
INSERT INTO book_author VALUES ( 7553188881 , 3 , 17 );
INSERT INTO book_author VALUES ( 7553188881 , 3 , 16 );
INSERT INTO book (isbn, school_id, title, publisher, pages, summary, lang, copies) VALUES ( 5562825611 , 4 ,"The Entrepreneur's Handbook","Penguin Random House", @pages, 'summary', 'English', @copies);
INSERT INTO book_category VALUES ( 5562825611 , 4 , 24 );
INSERT INTO book_author VALUES ( 5562825611 , 4 , 3 );
INSERT INTO book_author VALUES ( 5562825611 , 4 , 11 );
INSERT INTO book (isbn, school_id, title, publisher, pages, summary, lang, copies) VALUES ( 3308995154 , 1 ,"The Art of Culinary Creations","Macmillan Publishers", @pages, 'summary', 'English', @copies);
INSERT INTO book_category VALUES ( 3308995154 , 1 , 54 );
INSERT INTO book_author VALUES ( 3308995154 , 1 , 17 );
INSERT INTO book_author VALUES ( 3308995154 , 1 , 13 );
INSERT INTO book_author VALUES ( 3308995154 , 1 , 18 );
INSERT INTO book (isbn, school_id, title, publisher, pages, summary, lang, copies) VALUES ( 9788607925 , 4 ,"Traveler's Tales","Bloomsbury Publishing", @pages, 'summary', 'English', @copies);
INSERT INTO book_category VALUES ( 9788607925 , 4 , 35 );
INSERT INTO book_author VALUES ( 9788607925 , 4 , 15 );
INSERT INTO book_author VALUES ( 9788607925 , 4 , 10 );
INSERT INTO book (isbn, school_id, title, publisher, pages, summary, lang, copies) VALUES ( 9249444649 , 2 ,"The Wisdom of Ages","Pearson Education", @pages, 'summary', 'English', @copies);
INSERT INTO book_category VALUES ( 9249444649 , 2 , 16 );
INSERT INTO book_author VALUES ( 9249444649 , 2 , 14 );
INSERT INTO book_author VALUES ( 9249444649 , 2 , 18 );
INSERT INTO book (isbn, school_id, title, publisher, pages, summary, lang, copies) VALUES ( 3250699691 , 2 ,"Hidden Gems of History","Oxford University Press", @pages, 'summary', 'English', @copies);
INSERT INTO book_category VALUES ( 3250699691 , 2 , 18 );
INSERT INTO book_author VALUES ( 3250699691 , 2 , 9 );
INSERT INTO book_author VALUES ( 3250699691 , 2 , 3 );
INSERT INTO book (isbn, school_id, title, publisher, pages, summary, lang, copies) VALUES ( 4603200847 , 2 ,"Love's Journey","Hachette Book Group", @pages, 'summary', 'English', @copies);
INSERT INTO book_category VALUES ( 4603200847 , 2 , 62 );
INSERT INTO book_author VALUES ( 4603200847 , 2 , 17 );
INSERT INTO book_author VALUES ( 4603200847 , 2 , 3 );
INSERT INTO book (isbn, school_id, title, publisher, pages, summary, lang, copies) VALUES ( 3713121719 , 3 ,"The Path to Inner Harmony","Wiley", @pages, 'summary', 'English', @copies);
INSERT INTO book_category VALUES ( 3713121719 , 3 , 37 );
INSERT INTO book_author VALUES ( 3713121719 , 3 , 11 );
INSERT INTO book_author VALUES ( 3713121719 , 3 , 13 );
INSERT INTO book_author VALUES ( 3713121719 , 3 , 10 );
INSERT INTO book (isbn, school_id, title, publisher, pages, summary, lang, copies) VALUES ( 4756773148 , 2 ,"Whispers of the Mind","Penguin Random House", @pages, 'summary', 'English', @copies);
INSERT INTO book_category VALUES ( 4756773148 , 2 , 52 );
INSERT INTO book_author VALUES ( 4756773148 , 2 , 2 );
INSERT INTO book_author VALUES ( 4756773148 , 2 , 16 );
INSERT INTO book_author VALUES ( 4756773148 , 2 , 13 );
INSERT INTO book (isbn, school_id, title, publisher, pages, summary, lang, copies) VALUES ( 4804663100 , 3 ,"The Business Innovator","Penguin Random House", @pages, 'summary', 'English', @copies);
INSERT INTO book_category VALUES ( 4804663100 , 3 , 24 );
INSERT INTO book_author VALUES ( 4804663100 , 3 , 2 );
INSERT INTO book (isbn, school_id, title, publisher, pages, summary, lang, copies) VALUES ( 2909711670 , 3 ,"Culinary Adventures","Bloomsbury Publishing", @pages, 'summary', 'English', @copies);
INSERT INTO book_category VALUES ( 2909711670 , 3 , 54 );
INSERT INTO book_category VALUES ( 2909711670 , 3 , 35 );
INSERT INTO book_author VALUES ( 2909711670 , 3 , 11 );
INSERT INTO book_author VALUES ( 2909711670 , 3 , 13 );
INSERT INTO book_author VALUES ( 2909711670 , 3 , 10 );
INSERT INTO book (isbn, school_id, title, publisher, pages, summary, lang, copies) VALUES ( 2089335056 , 4 ,"Wanderlust Wonders","Macmillan Publishers", @pages, 'summary', 'English', @copies);
INSERT INTO book_category VALUES ( 2089335056 , 4 , 35 );
INSERT INTO book_author VALUES ( 2089335056 , 4 , 14 );
INSERT INTO book_author VALUES ( 2089335056 , 4 , 1 );
INSERT INTO book (isbn, school_id, title, publisher, pages, summary, lang, copies) VALUES ( 9702621760 , 3 ,"Exploring Philosophies","Pearson Education", @pages, 'summary', 'English', @copies);
INSERT INTO book_category VALUES ( 9702621760 , 3 , 16 );
INSERT INTO book_author VALUES ( 9702621760 , 3 , 4 );
INSERT INTO book_author VALUES ( 9702621760 , 3 , 20 );
INSERT INTO book (isbn, school_id, title, publisher, pages, summary, lang, copies) VALUES ( 4634264108 , 4 ,"Tales of the Past","Penguin Random House", @pages, 'summary', 'English', @copies);
INSERT INTO book_category VALUES ( 4634264108 , 4 , 18 );
INSERT INTO book_author VALUES ( 4634264108 , 4 , 1 );
INSERT INTO book_author VALUES ( 4634264108 , 4 , 3 );
INSERT INTO book (isbn, school_id, title, publisher, pages, summary, lang, copies) VALUES ( 4556497816 , 4 ,"A Love to Remember","Wiley", @pages, 'summary', 'English', @copies);
INSERT INTO book_category VALUES ( 4556497816 , 4 , 62 );
INSERT INTO book_author VALUES ( 4556497816 , 4 , 18 );
INSERT INTO book (isbn, school_id, title, publisher, pages, summary, lang, copies) VALUES ( 1948576787 , 3 ,"The Path to Success","Macmillan Publishers", @pages, 'summary', 'English', @copies);
INSERT INTO book_category VALUES ( 1948576787 , 3 , 37 );
INSERT INTO book_author VALUES ( 1948576787 , 3 , 8 );
INSERT INTO book_author VALUES ( 1948576787 , 3 , 12 );
INSERT INTO book_author VALUES ( 1948576787 , 3 , 14 );
INSERT INTO book (isbn, school_id, title, publisher, pages, summary, lang, copies) VALUES ( 4219083850 , 2 ,"Rhythms of the Heart","Wiley", @pages, 'summary', 'English', @copies);
INSERT INTO book_category VALUES ( 4219083850 , 2 , 52 );
INSERT INTO book_author VALUES ( 4219083850 , 2 , 3 );
INSERT INTO book (isbn, school_id, title, publisher, pages, summary, lang, copies) VALUES ( 9256269486 , 2 ,"The Business Visionary","Simon & Schuster", @pages, 'summary', 'English', @copies);
INSERT INTO book_category VALUES ( 9256269486 , 2 , 24 );
INSERT INTO book_author VALUES ( 9256269486 , 2 , 1 );
INSERT INTO book_author VALUES ( 9256269486 , 2 , 18 );
INSERT INTO book (isbn, school_id, title, publisher, pages, summary, lang, copies) VALUES ( 1774275066 , 3 ,"Culinary Delights","Pearson Education", @pages, 'summary', 'English', @copies);
INSERT INTO book_category VALUES ( 1774275066 , 3 , 54 );
INSERT INTO book_author VALUES ( 1774275066 , 3 , 4 );
INSERT INTO book_author VALUES ( 1774275066 , 3 , 15 );
INSERT INTO book_author VALUES ( 1774275066 , 3 , 11 );
INSERT INTO book (isbn, school_id, title, publisher, pages, summary, lang, copies) VALUES ( 9205375562 , 3 ,"Journey of Discovery","Wiley", @pages, 'summary', 'English', @copies);
INSERT INTO book_category VALUES ( 9205375562 , 3 , 35 );
INSERT INTO book_author VALUES ( 9205375562 , 3 , 10 );
INSERT INTO book (isbn, school_id, title, publisher, pages, summary, lang, copies) VALUES ( 6445781400 , 2 ,"The Philosophy of Happiness","Penguin Random House", @pages, 'summary', 'English', @copies);
INSERT INTO book_category VALUES ( 6445781400 , 2 , 16 );
INSERT INTO book_author VALUES ( 6445781400 , 2 , 18 );
INSERT INTO book_author VALUES ( 6445781400 , 2 , 19 );
INSERT INTO book (isbn, school_id, title, publisher, pages, summary, lang, copies) VALUES ( 4727450463 , 2 ,"Legends of History","Wiley", @pages, 'summary', 'English', @copies);
INSERT INTO book_category VALUES ( 4727450463 , 2 , 18 );
INSERT INTO book_author VALUES ( 4727450463 , 2 , 20 );
INSERT INTO book_author VALUES ( 4727450463 , 2 , 6 );
INSERT INTO book_author VALUES ( 4727450463 , 2 , 13 );
INSERT INTO book (isbn, school_id, title, publisher, pages, summary, lang, copies) VALUES ( 2073831830 , 4 ,"Whispers of Love","HarperCollins", @pages, 'summary', 'English', @copies);
INSERT INTO book_category VALUES ( 2073831830 , 4 , 62 );
INSERT INTO book_author VALUES ( 2073831830 , 4 , 14 );
INSERT INTO book (isbn, school_id, title, publisher, pages, summary, lang, copies) VALUES ( 8395577782 , 4 ,"The Path to Personal Growth","Simon & Schuster", @pages, 'summary', 'English', @copies);
INSERT INTO book_category VALUES ( 8395577782 , 4 , 37 );
INSERT INTO book_author VALUES ( 8395577782 , 4 , 14 );
INSERT INTO book (isbn, school_id, title, publisher, pages, summary, lang, copies) VALUES ( 7837721148 , 4 ,"Melodies of the Soul","Pearson Education", @pages, 'summary', 'English', @copies);
INSERT INTO book_category VALUES ( 7837721148 , 4 , 52 );
INSERT INTO book_author VALUES ( 7837721148 , 4 , 17 );
INSERT INTO book_author VALUES ( 7837721148 , 4 , 1 );
INSERT INTO book (isbn, school_id, title, publisher, pages, summary, lang, copies) VALUES ( 8274463777 , 1 ,"The Business Strategist","Macmillan Publishers", @pages, 'summary', 'English', @copies);
INSERT INTO book_category VALUES ( 8274463777 , 1 , 24 );
INSERT INTO book_author VALUES ( 8274463777 , 1 , 6 );
INSERT INTO book (isbn, school_id, title, publisher, pages, summary, lang, copies) VALUES ( 9088529960 , 1 ,"Culinary Explorations","Simon & Schuster", @pages, 'summary', 'English', @copies);
INSERT INTO book_category VALUES ( 9088529960 , 1 , 54 );
INSERT INTO book_author VALUES ( 9088529960 , 1 , 18 );
INSERT INTO book_author VALUES ( 9088529960 , 1 , 3 );
INSERT INTO book_author VALUES ( 9088529960 , 1 , 2 );
INSERT INTO book (isbn, school_id, title, publisher, pages, summary, lang, copies) VALUES ( 4084806148 , 4 ,"Adventures of a Traveler","HarperCollins", @pages, 'summary', 'English', @copies);
INSERT INTO book_category VALUES ( 4084806148 , 4 , 35 );
INSERT INTO book_author VALUES ( 4084806148 , 4 , 16 );
INSERT INTO book_author VALUES ( 4084806148 , 4 , 13 );
INSERT INTO book_author VALUES ( 4084806148 , 4 , 8 );
INSERT INTO book (isbn, school_id, title, publisher, pages, summary, lang, copies) VALUES ( 5655820272 , 4 ,"Reflections on Life","Simon & Schuster", @pages, 'summary', 'English', @copies);
INSERT INTO book_category VALUES ( 5655820272 , 4 , 16 );
INSERT INTO book_author VALUES ( 5655820272 , 4 , 1 );
INSERT INTO book_author VALUES ( 5655820272 , 4 , 3 );
INSERT INTO book (isbn, school_id, title, publisher, pages, summary, lang, copies) VALUES ( 8076998246 , 4 ,"Tales of Ancient Times","HarperCollins", @pages, 'summary', 'English', @copies);
INSERT INTO book_category VALUES ( 8076998246 , 4 , 18 );
INSERT INTO book_author VALUES ( 8076998246 , 4 , 7 );
INSERT INTO book (isbn, school_id, title, publisher, pages, summary, lang, copies) VALUES ( 8368440980 , 3 ,"Love's Unforgettable Journey","Macmillan Publishers", @pages, 'summary', 'English', @copies);
INSERT INTO book_category VALUES ( 8368440980 , 3 , 62 );
INSERT INTO book_author VALUES ( 8368440980 , 3 , 4 );
INSERT INTO book_author VALUES ( 8368440980 , 3 , 9 );
INSERT INTO book (isbn, school_id, title, publisher, pages, summary, lang, copies) VALUES ( 4085387137 , 3 ,"The Path to Self-Discovery","Macmillan Publishers", @pages, 'summary', 'English', @copies);
INSERT INTO book_category VALUES ( 4085387137 , 3 , 37 );
INSERT INTO book_author VALUES ( 4085387137 , 3 , 19 );
INSERT INTO book_author VALUES ( 4085387137 , 3 , 20 );
INSERT INTO book (isbn, school_id, title, publisher, pages, summary, lang, copies) VALUES ( 5828520867 , 1 ,"Verses of Love","Wiley", @pages, 'summary', 'English', @copies);
INSERT INTO book_category VALUES ( 5828520867 , 1 , 52 );
INSERT INTO book_author VALUES ( 5828520867 , 1 , 13 );
INSERT INTO book (isbn, school_id, title, publisher, pages, summary, lang, copies) VALUES ( 3970794860 , 4 ,"Business Secrets Unveiled","Macmillan Publishers", @pages, 'summary', 'English', @copies);
INSERT INTO book_category VALUES ( 3970794860 , 4 , 24 );
INSERT INTO book_author VALUES ( 3970794860 , 4 , 18 );
INSERT INTO book_author VALUES ( 3970794860 , 4 , 5 );
INSERT INTO book_author VALUES ( 3970794860 , 4 , 17 );
INSERT INTO book (isbn, school_id, title, publisher, pages, summary, lang, copies) VALUES ( 5046970555 , 4 ,"Gourmet Delights","HarperCollins", @pages, 'summary', 'English', @copies);
INSERT INTO book_category VALUES ( 5046970555 , 4 , 54 );
INSERT INTO book_author VALUES ( 5046970555 , 4 , 18 );
INSERT INTO book_author VALUES ( 5046970555 , 4 , 20 );
INSERT INTO book_author VALUES ( 5046970555 , 4 , 19 );
INSERT INTO book (isbn, school_id, title, publisher, pages, summary, lang, copies) VALUES ( 2234843726 , 2 ,"Wanderlust Escapades","HarperCollins", @pages, 'summary', 'English', @copies);
INSERT INTO book_category VALUES ( 2234843726 , 2 , 35 );
INSERT INTO book_category VALUES ( 2234843726 , 2 , 37 );
INSERT INTO book_author VALUES ( 2234843726 , 2 , 12 );
INSERT INTO book_author VALUES ( 2234843726 , 2 , 20 );
INSERT INTO book (isbn, school_id, title, publisher, pages, summary, lang, copies) VALUES ( 1224340571 , 3 ,"The Philosophy of Existence","Bloomsbury Publishing", @pages, 'summary', 'English', @copies);
INSERT INTO book_category VALUES ( 1224340571 , 3 , 16 );
INSERT INTO book_author VALUES ( 1224340571 , 3 , 20 );
INSERT INTO book_author VALUES ( 1224340571 , 3 , 14 );
INSERT INTO book (isbn, school_id, title, publisher, pages, summary, lang, copies) VALUES ( 4176259019 , 2 ,"Echoes of the Past","Scholastic Corporation", @pages, 'summary', 'English', @copies);
INSERT INTO book_category VALUES ( 4176259019 , 2 , 18 );
INSERT INTO book_author VALUES ( 4176259019 , 2 , 19 );
INSERT INTO book_author VALUES ( 4176259019 , 2 , 11 );
INSERT INTO book_author VALUES ( 4176259019 , 2 , 8 );
INSERT INTO book (isbn, school_id, title, publisher, pages, summary, lang, copies) VALUES ( 3925190642 , 4 ,"Love's Enduring Flame","Penguin Random House", @pages, 'summary', 'English', @copies);
INSERT INTO book_category VALUES ( 3925190642 , 4 , 62 );
INSERT INTO book_author VALUES ( 3925190642 , 4 , 15 );
INSERT INTO book_author VALUES ( 3925190642 , 4 , 14 );
INSERT INTO book_author VALUES ( 3925190642 , 4 , 3 );
INSERT INTO book (isbn, school_id, title, publisher, pages, summary, lang, copies) VALUES ( 3358105614 , 3 ,"The Path to Well-Being","Wiley", @pages, 'summary', 'English', @copies);
INSERT INTO book_category VALUES ( 3358105614 , 3 , 37 );
INSERT INTO book_author VALUES ( 3358105614 , 3 , 12 );
INSERT INTO book_author VALUES ( 3358105614 , 3 , 2 );
INSERT INTO book (isbn, school_id, title, publisher, pages, summary, lang, copies) VALUES ( 9004132397 , 4 ,"Whispers of Wisdom","Bloomsbury Publishing", @pages, 'summary', 'English', @copies);
INSERT INTO book_category VALUES ( 9004132397 , 4 , 52 );
INSERT INTO book_author VALUES ( 9004132397 , 4 , 17 );
INSERT INTO book (isbn, school_id, title, publisher, pages, summary, lang, copies) VALUES ( 5711310074 , 3 ,"The Business Leader","HarperCollins", @pages, 'summary', 'English', @copies);
INSERT INTO book_category VALUES ( 5711310074 , 3 , 24 );
INSERT INTO book_author VALUES ( 5711310074 , 3 , 20 );
INSERT INTO book (isbn, school_id, title, publisher, pages, summary, lang, copies) VALUES ( 5393931594 , 2 ,"Culinary Journeys","Bloomsbury Publishing", @pages, 'summary', 'English', @copies);
INSERT INTO book_category VALUES ( 5393931594 , 2 , 54 );
INSERT INTO book_category VALUES ( 5393931594 , 2 , 35 );
INSERT INTO book_author VALUES ( 5393931594 , 2 , 19 );
INSERT INTO book (isbn, school_id, title, publisher, pages, summary, lang, copies) VALUES ( 2547638167 , 2 ,"Journeys of the Soul","Simon & Schuster", @pages, 'summary', 'English', @copies);
INSERT INTO book_category VALUES ( 2547638167 , 2 , 35 );
INSERT INTO book_category VALUES ( 2547638167 , 2 , 37 );
INSERT INTO book_author VALUES ( 2547638167 , 2 , 20 );
INSERT INTO book (isbn, school_id, title, publisher, pages, summary, lang, copies) VALUES ( 1675766672 , 3 ,"Exploring Life's Mysteries","Simon & Schuster", @pages, 'summary', 'English', @copies);
INSERT INTO book_category VALUES ( 1675766672 , 3 , 16 );
INSERT INTO book_author VALUES ( 1675766672 , 3 , 11 );
INSERT INTO book_author VALUES ( 1675766672 , 3 , 19 );
INSERT INTO book_author VALUES ( 1675766672 , 3 , 12 );
INSERT INTO book (isbn, school_id, title, publisher, pages, summary, lang, copies) VALUES ( 6933956391 , 2 ,"Footsteps through Time","Oxford University Press", @pages, 'summary', 'English', @copies);
INSERT INTO book_category VALUES ( 6933956391 , 2 , 18 );
INSERT INTO book_author VALUES ( 6933956391 , 2 , 13 );
INSERT INTO book_author VALUES ( 6933956391 , 2 , 17 );
INSERT INTO book_author VALUES ( 6933956391 , 2 , 19 );
INSERT INTO book (isbn, school_id, title, publisher, pages, summary, lang, copies) VALUES ( 6103996279 , 3 ,"Embracing Love","Bloomsbury Publishing", @pages, 'summary', 'English', @copies);
INSERT INTO book_category VALUES ( 6103996279 , 3 , 62 );
INSERT INTO book_author VALUES ( 6103996279 , 3 , 5 );
INSERT INTO book (isbn, school_id, title, publisher, pages, summary, lang, copies) VALUES ( 6830128539 , 4 ,"The Road to Personal Fulfillment","Scholastic Corporation", @pages, 'summary', 'English', @copies);
INSERT INTO book_category VALUES ( 6830128539 , 4 , 37 );
INSERT INTO book_author VALUES ( 6830128539 , 4 , 1 );
INSERT INTO book_author VALUES ( 6830128539 , 4 , 20 );
INSERT INTO book_author VALUES ( 6830128539 , 4 , 18 );
INSERT INTO book (isbn, school_id, title, publisher, pages, summary, lang, copies) VALUES ( 4847831601 , 4 ,"Rhymes of Love","Simon & Schuster", @pages, 'summary', 'English', @copies);
INSERT INTO book_category VALUES ( 4847831601 , 4 , 52 );
INSERT INTO book_author VALUES ( 4847831601 , 4 , 14 );
INSERT INTO book_author VALUES ( 4847831601 , 4 , 12 );
INSERT INTO book (isbn, school_id, title, publisher, pages, summary, lang, copies) VALUES ( 2377428249 , 4 ,"Business Strategies Unleashed","Bloomsbury Publishing", @pages, 'summary', 'English', @copies);
INSERT INTO book_category VALUES ( 2377428249 , 4 , 24 );
INSERT INTO book_author VALUES ( 2377428249 , 4 , 6 );
INSERT INTO book_author VALUES ( 2377428249 , 4 , 7 );
INSERT INTO book (isbn, school_id, title, publisher, pages, summary, lang, copies) VALUES ( 2641998638 , 3 ,"Gastronomic Adventures","Oxford University Press", @pages, 'summary', 'English', @copies);
INSERT INTO book_category VALUES ( 2641998638 , 3 , 54 );
INSERT INTO book_author VALUES ( 2641998638 , 3 , 8 );
INSERT INTO book_author VALUES ( 2641998638 , 3 , 7 );
INSERT INTO book_author VALUES ( 2641998638 , 3 , 10 );
INSERT INTO book (isbn, school_id, title, publisher, pages, summary, lang, copies) VALUES ( 1618197107 , 4 ,"Wanderlust Wanderings","Pearson Education", @pages, 'summary', 'English', @copies);
INSERT INTO book_category VALUES ( 1618197107 , 4 , 35 );
INSERT INTO book_author VALUES ( 1618197107 , 4 , 11 );
INSERT INTO book (isbn, school_id, title, publisher, pages, summary, lang, copies) VALUES ( 3418259919 , 1 ,"The Philosophy of Enlightenment","Scholastic Corporation", @pages, 'summary', 'English', @copies);
INSERT INTO book_category VALUES ( 3418259919 , 1 , 16 );
INSERT INTO book_author VALUES ( 3418259919 , 1 , 11 );
INSERT INTO book (isbn, school_id, title, publisher, pages, summary, lang, copies) VALUES ( 9711300591 , 2 ,"Tales of the Forgotten","HarperCollins", @pages, 'summary', 'English', @copies);
INSERT INTO book_category VALUES ( 9711300591 , 2 , 18 );
INSERT INTO book_author VALUES ( 9711300591 , 2 , 6 );
INSERT INTO book_author VALUES ( 9711300591 , 2 , 15 );
INSERT INTO book_author VALUES ( 9711300591 , 2 , 14 );
INSERT INTO book (isbn, school_id, title, publisher, pages, summary, lang, copies) VALUES ( 8073000484 , 4 ,"Eternal Love Stories","Bloomsbury Publishing", @pages, 'summary', 'English', @copies);
INSERT INTO book_category VALUES ( 8073000484 , 4 , 62 );
INSERT INTO book_author VALUES ( 8073000484 , 4 , 6 );
INSERT INTO book (isbn, school_id, title, publisher, pages, summary, lang, copies) VALUES ( 8024460010 , 1 ,"The Path to Inner Strength","Wiley", @pages, 'summary', 'English', @copies);
INSERT INTO book_category VALUES ( 8024460010 , 1 , 37 );
INSERT INTO book_author VALUES ( 8024460010 , 1 , 10 );
INSERT INTO book (isbn, school_id, title, publisher, pages, summary, lang, copies) VALUES ( 5115924155 , 3 ,"Whispers of Inspiration","Bloomsbury Publishing", @pages, 'summary', 'English', @copies);
INSERT INTO book_category VALUES ( 5115924155 , 3 , 52 );
INSERT INTO book_author VALUES ( 5115924155 , 3 , 16 );
INSERT INTO book_author VALUES ( 5115924155 , 3 , 12 );
INSERT INTO book (isbn, school_id, title, publisher, pages, summary, lang, copies) VALUES ( 5146066049 , 2 ,"The Business Innovator","Oxford University Press", @pages, 'summary', 'English', @copies);
INSERT INTO book_category VALUES ( 5146066049 , 2 , 24 );
INSERT INTO book_category VALUES ( 5146066049 , 2 , 37 );
INSERT INTO book_author VALUES ( 5146066049 , 2 , 10 );
INSERT INTO book_author VALUES ( 5146066049 , 2 , 4 );
INSERT INTO book (isbn, school_id, title, publisher, pages, summary, lang, copies) VALUES ( 7732891405 , 2 ,"Culinary Inspirations","Bloomsbury Publishing", @pages, 'summary', 'English', @copies);
INSERT INTO book_category VALUES ( 7732891405 , 2 , 54 );
INSERT INTO book_author VALUES ( 7732891405 , 2 , 20 );
INSERT INTO book_author VALUES ( 7732891405 , 2 , 6 );
INSERT INTO book (isbn, school_id, title, publisher, pages, summary, lang, copies) VALUES ( 4053249398 , 1 ,"Wanderlust Dreams","Oxford University Press", @pages, 'summary', 'English', @copies);
INSERT INTO book_category VALUES ( 4053249398 , 1 , 35 );
INSERT INTO book_author VALUES ( 4053249398 , 1 , 11 );
INSERT INTO book_author VALUES ( 4053249398 , 1 , 19 );
INSERT INTO book (isbn, school_id, title, publisher, pages, summary, lang, copies) VALUES ( 4088148789 , 3 ,"The Philosophy of Wisdom","HarperCollins", @pages, 'summary', 'English', @copies);
INSERT INTO book_category VALUES ( 4088148789 , 3 , 16 );
INSERT INTO book_author VALUES ( 4088148789 , 3 , 5 );
INSERT INTO book_author VALUES ( 4088148789 , 3 , 8 );
INSERT INTO book_author VALUES ( 4088148789 , 3 , 9 );
INSERT INTO book (isbn, school_id, title, publisher, pages, summary, lang, copies) VALUES ( 5743373269 , 4 ,"Echoes of the Ancient World","Wiley", @pages, 'summary', 'English', @copies);
INSERT INTO book_category VALUES ( 5743373269 , 4 , 18 );
INSERT INTO book_author VALUES ( 5743373269 , 4 , 11 );
INSERT INTO book_author VALUES ( 5743373269 , 4 , 8 );
INSERT INTO book (isbn, school_id, title, publisher, pages, summary, lang, copies) VALUES ( 4304053822 , 2 ,"Passion's Embrace","Hachette Book Group", @pages, 'summary', 'English', @copies);
INSERT INTO book_category VALUES ( 4304053822 , 2 , 62 );
INSERT INTO book_author VALUES ( 4304053822 , 2 , 14 );
INSERT INTO book (isbn, school_id, title, publisher, pages, summary, lang, copies) VALUES ( 7405126837 , 1 ,"The Journey Within","HarperCollins", @pages, 'summary', 'English', @copies);
INSERT INTO book_category VALUES ( 7405126837 , 1 , 37 );
INSERT INTO book_author VALUES ( 7405126837 , 1 , 13 );
INSERT INTO book_author VALUES ( 7405126837 , 1 , 14 );
INSERT INTO book_author VALUES ( 7405126837 , 1 , 3 );
INSERT INTO book (isbn, school_id, title, publisher, pages, summary, lang, copies) VALUES ( 7139920659 , 4 ,"Verses of Serenity","Penguin Random House", @pages, 'summary', 'English', @copies);
INSERT INTO book_category VALUES ( 7139920659 , 4 , 52 );
INSERT INTO book_author VALUES ( 7139920659 , 4 , 14 );
INSERT INTO book_author VALUES ( 7139920659 , 4 , 17 );
INSERT INTO book (isbn, school_id, title, publisher, pages, summary, lang, copies) VALUES ( 6131288610 , 3 ,"The Business Vision","HarperCollins", @pages, 'summary', 'English', @copies);
INSERT INTO book_category VALUES ( 6131288610 , 3 , 24 );
INSERT INTO book_author VALUES ( 6131288610 , 3 , 18 );
INSERT INTO book_author VALUES ( 6131288610 , 3 , 7 );
INSERT INTO book (isbn, school_id, title, publisher, pages, summary, lang, copies) VALUES ( 3958972701 , 1 ,"Culinary Delights","HarperCollins", @pages, 'summary', 'English', @copies);
INSERT INTO book_category VALUES ( 3958972701 , 1 , 54 );
INSERT INTO book_category VALUES ( 3958972701 , 1 , 35 );
INSERT INTO book_author VALUES ( 3958972701 , 1 , 14 );
INSERT INTO book_author VALUES ( 3958972701 , 1 , 15 );
INSERT INTO book_author VALUES ( 3958972701 , 1 , 5 );
INSERT INTO book (isbn, school_id, title, publisher, pages, summary, lang, copies) VALUES ( 7078647262 , 1 ,"Exploring the Unknown","Oxford University Press", @pages, 'summary', 'English', @copies);
INSERT INTO book_category VALUES ( 7078647262 , 1 , 35 );
INSERT INTO book_author VALUES ( 7078647262 , 1 , 17 );
INSERT INTO book (isbn, school_id, title, publisher, pages, summary, lang, copies) VALUES ( 6311896793 , 4 ,"Philosophical Reflections","Scholastic Corporation", @pages, 'summary', 'English', @copies);
INSERT INTO book_category VALUES ( 6311896793 , 4 , 16 );
INSERT INTO book_author VALUES ( 6311896793 , 4 , 14 );
INSERT INTO book_author VALUES ( 6311896793 , 4 , 19 );
INSERT INTO book_author VALUES ( 6311896793 , 4 , 4 );
INSERT INTO book (isbn, school_id, title, publisher, pages, summary, lang, copies) VALUES ( 5411728977 , 1 ,"Tales of the Untold","Pearson Education", @pages, 'summary', 'English', @copies);
INSERT INTO book_category VALUES ( 5411728977 , 1 , 18 );
INSERT INTO book_author VALUES ( 5411728977 , 1 , 19 );
INSERT INTO book_author VALUES ( 5411728977 , 1 , 13 );
INSERT INTO book (isbn, school_id, title, publisher, pages, summary, lang, copies) VALUES ( 6088224692 , 3 ,"Love's Eternal Journey","Oxford University Press", @pages, 'summary', 'English', @copies);
INSERT INTO book_category VALUES ( 6088224692 , 3 , 62 );
INSERT INTO book_author VALUES ( 6088224692 , 3 , 14 );
INSERT INTO book (isbn, school_id, title, publisher, pages, summary, lang, copies) VALUES ( 3487699839 , 1 ,"The Path to Success","Bloomsbury Publishing", @pages, 'summary', 'English', @copies);
INSERT INTO book_category VALUES ( 3487699839 , 1 , 37 );
INSERT INTO book_author VALUES ( 3487699839 , 1 , 12 );
INSERT INTO book (isbn, school_id, title, publisher, pages, summary, lang, copies) VALUES ( 5440062583 , 4 ,"Whispers of the Heart","Simon & Schuster", @pages, 'summary', 'English', @copies);
INSERT INTO book_category VALUES ( 5440062583 , 4 , 52 );
INSERT INTO book_author VALUES ( 5440062583 , 4 , 11 );
INSERT INTO book (isbn, school_id, title, publisher, pages, summary, lang, copies) VALUES ( 7078625481 , 2 ,"Business Strategies Revealed","Pearson Education", @pages, 'summary', 'English', @copies);
INSERT INTO book_category VALUES ( 7078625481 , 2 , 24 );
INSERT INTO book_author VALUES ( 7078625481 , 2 , 15 );
INSERT INTO book_author VALUES ( 7078625481 , 2 , 2 );
INSERT INTO book (isbn, school_id, title, publisher, pages, summary, lang, copies) VALUES ( 7222497951 , 2 ,"The Art of Culinary Delights","HarperCollins", @pages, 'summary', 'English', @copies);
INSERT INTO book_category VALUES ( 7222497951 , 2 , 54 );
INSERT INTO book_author VALUES ( 7222497951 , 2 , 8 );
INSERT INTO book_author VALUES ( 7222497951 , 2 , 11 );
INSERT INTO book (isbn, school_id, title, publisher, pages, summary, lang, copies) VALUES ( 6505634196 , 2 ,"Wanderlust Wanderings","Wiley", @pages, 'summary', 'English', @copies);
INSERT INTO book_category VALUES ( 6505634196 , 2 , 35 );
INSERT INTO book_author VALUES ( 6505634196 , 2 , 12 );
INSERT INTO book_author VALUES ( 6505634196 , 2 , 4 );
INSERT INTO book (isbn, school_id, title, publisher, pages, summary, lang, copies) VALUES ( 5032549669 , 1 ,"The Philosophy of Life","Oxford University Press", @pages, 'summary', 'English', @copies);
INSERT INTO book_category VALUES ( 5032549669 , 1 , 16 );
INSERT INTO book_author VALUES ( 5032549669 , 1 , 9 );
INSERT INTO book_author VALUES ( 5032549669 , 1 , 10 );
INSERT INTO book_author VALUES ( 5032549669 , 1 , 19 );
INSERT INTO book (isbn, school_id, title, publisher, pages, summary, lang, copies) VALUES ( 4582075134 , 4 ,"Chronicles of the Past","Pearson Education", @pages, 'summary', 'English', @copies);
INSERT INTO book_category VALUES ( 4582075134 , 4 , 18 );
INSERT INTO book_author VALUES ( 4582075134 , 4 , 19 );
INSERT INTO book_author VALUES ( 4582075134 , 4 , 17 );
INSERT INTO book (isbn, school_id, title, publisher, pages, summary, lang, copies) VALUES ( 3269671193 , 1 ,"Love's Enchantment","HarperCollins", @pages, 'summary', 'English', @copies);
INSERT INTO book_category VALUES ( 3269671193 , 1 , 62 );
INSERT INTO book_author VALUES ( 3269671193 , 1 , 17 );
INSERT INTO book_author VALUES ( 3269671193 , 1 , 13 );
INSERT INTO book (isbn, school_id, title, publisher, pages, summary, lang, copies) VALUES ( 3823049222 , 4 ,"The Path to Personal Transformation","Penguin Random House", @pages, 'summary', 'English', @copies);
INSERT INTO book_category VALUES ( 3823049222 , 4 , 37 );
INSERT INTO book_author VALUES ( 3823049222 , 4 , 8 );
INSERT INTO book (isbn, school_id, title, publisher, pages, summary, lang, copies) VALUES ( 1468217781 , 3 ,"Rhymes of the Soul","Pearson Education", @pages, 'summary', 'English', @copies);
INSERT INTO book_category VALUES ( 1468217781 , 3 , 52 );
INSERT INTO book_author VALUES ( 1468217781 , 3 , 13 );
INSERT INTO book_author VALUES ( 1468217781 , 3 , 11 );
INSERT INTO book_author VALUES ( 1468217781 , 3 , 2 );
INSERT INTO book (isbn, school_id, title, publisher, pages, summary, lang, copies) VALUES ( 1976064672 , 3 ,"The Business Mastermind","Simon & Schuster", @pages, 'summary', 'English', @copies);
INSERT INTO book_category VALUES ( 1976064672 , 3 , 24 );
INSERT INTO book_author VALUES ( 1976064672 , 3 , 5 );

-- users
INSERT INTO users (username, passwrd, user_fullname, date_of_birth, approved) VALUES ("alice01","G7tB9", "Alice Thompson", date_add(DATE '1978-03-15',interval 1 day), true);
INSERT INTO operator VALUES ((select user_id from users where username = "alice01"), 1 );
INSERT INTO users (username, passwrd, user_fullname, date_of_birth, approved) VALUES ("benjamin85","W2fE8", "Benjamin Davis", date_add(DATE '1969-07-28',interval 1 day), true);
INSERT INTO operator VALUES ((select user_id from users where username = "benjamin85"), 2 );
INSERT INTO users (username, passwrd, user_fullname, date_of_birth, approved) VALUES ("sophia72","R5dJ6", "Sophia Wilson", date_add(DATE '1982-12-05',interval 1 day), true);
INSERT INTO operator VALUES ((select user_id from users where username = "sophia72"), 3 );
INSERT INTO users (username, passwrd, user_fullname, date_of_birth, approved) VALUES ("ethan92","K3pC4", "Ethan Anderson", date_add(DATE '1976-09-19',interval 1 day), true);
INSERT INTO operator VALUES ((select user_id from users where username = "ethan92"), 4 );
INSERT INTO users (username, passwrd, user_fullname, date_of_birth, approved) VALUES ("emma01","F4yP7", "Emma Martinez", date_add(DATE '2001-02-12',interval 1 day), true);
INSERT INTO student VALUES ((select user_id from users where username = "emma01"), 3 );
INSERT INTO users (username, passwrd, user_fullname, date_of_birth, approved) VALUES ("liam05","X8jN5", "Liam Garcia", date_add(DATE '2005-09-03',interval 1 day), true);
INSERT INTO student VALUES ((select user_id from users where username = "liam05"), 3 );
INSERT INTO users (username, passwrd, user_fullname, date_of_birth, approved) VALUES ("olivia03","D6rM4", "Olivia Robinson", date_add(DATE '2003-06-19',interval 1 day), true);
INSERT INTO student VALUES ((select user_id from users where username = "olivia03"), 4 );
INSERT INTO users (username, passwrd, user_fullname, date_of_birth, approved) VALUES ("noah02","Z9kQ1", "Noah Lee", date_add(DATE '2002-04-27',interval 1 day), true);
INSERT INTO student VALUES ((select user_id from users where username = "noah02"), 3 );
INSERT INTO users (username, passwrd, user_fullname, date_of_birth, approved) VALUES ("ava06","T5hS9", "Ava Perez", date_add(DATE '2006-07-08',interval 1 day), true);
INSERT INTO student VALUES ((select user_id from users where username = "ava06"), 3 );
INSERT INTO users (username, passwrd, user_fullname, date_of_birth, approved) VALUES ("isabella04","A2gV7", "Isabella Jackson", date_add(DATE '2004-11-21',interval 1 day), true);
INSERT INTO student VALUES ((select user_id from users where username = "isabella04"), 3 );
INSERT INTO users (username, passwrd, user_fullname, date_of_birth, approved) VALUES ("sophia07","H6bR1", "Sophia Phillips", date_add(DATE '2007-03-30',interval 1 day), true);
INSERT INTO student VALUES ((select user_id from users where username = "sophia07"), 1 );
INSERT INTO users (username, passwrd, user_fullname, date_of_birth, approved) VALUES ("mia08","U9sW0", "Mia Torres", date_add(DATE '2008-06-14',interval 1 day), true);
INSERT INTO student VALUES ((select user_id from users where username = "mia08"), 3 );
INSERT INTO users (username, passwrd, user_fullname, date_of_birth, approved) VALUES ("charlotte01","E3tK6", "Charlotte Davis", date_add(DATE '2001-08-02',interval 1 day), true);
INSERT INTO student VALUES ((select user_id from users where username = "charlotte01"), 2 );
INSERT INTO users (username, passwrd, user_fullname, date_of_birth, approved) VALUES ("amelia09","P4xZ2", "Amelia Sanchez", date_add(DATE '2009-01-11',interval 1 day), true);
INSERT INTO student VALUES ((select user_id from users where username = "amelia09"), 2 );
INSERT INTO users (username, passwrd, user_fullname, date_of_birth, approved) VALUES ("harper03","B7vD9", "Harper Brown", date_add(DATE '2003-12-26',interval 1 day), true);
INSERT INTO student VALUES ((select user_id from users where username = "harper03"), 2 );
INSERT INTO users (username, passwrd, user_fullname, date_of_birth, approved) VALUES ("evelyn07","O1lQ4", "Evelyn Scott", date_add(DATE '2007-10-17',interval 1 day), true);
INSERT INTO student VALUES ((select user_id from users where username = "evelyn07"), 1 );
INSERT INTO users (username, passwrd, user_fullname, date_of_birth, approved) VALUES ("abigail02","I9aY7", "Abigail Green", date_add(DATE '2002-09-07',interval 1 day), true);
INSERT INTO student VALUES ((select user_id from users where username = "abigail02"), 2 );
INSERT INTO users (username, passwrd, user_fullname, date_of_birth, approved) VALUES ("emily05","C2nX6", "Emily Adams", date_add(DATE '2005-05-02',interval 1 day), true);
INSERT INTO student VALUES ((select user_id from users where username = "emily05"), 4 );
INSERT INTO users (username, passwrd, user_fullname, date_of_birth, approved) VALUES ("elizabeth04","S7mZ8", "Elizabeth Baker", date_add(DATE '2004-03-18',interval 1 day), true);
INSERT INTO student VALUES ((select user_id from users where username = "elizabeth04"), 2 );
INSERT INTO users (username, passwrd, user_fullname, date_of_birth, approved) VALUES ("sofia09","J3eR1", "Sofia Nelson", date_add(DATE '2009-09-22',interval 1 day), true);
INSERT INTO student VALUES ((select user_id from users where username = "sofia09"), 1 );
INSERT INTO users (username, passwrd, user_fullname, date_of_birth, approved) VALUES ("avery08","M1pT6", "Avery Hill", date_add(DATE '2008-08-07',interval 1 day), true);
INSERT INTO student VALUES ((select user_id from users where username = "avery08"), 2 );
INSERT INTO users (username, passwrd, user_fullname, date_of_birth, approved) VALUES ("ella06","Y8bK4", "Ella Ramirez", date_add(DATE '2006-11-30',interval 1 day), true);
INSERT INTO student VALUES ((select user_id from users where username = "ella06"), 2 );
INSERT INTO users (username, passwrd, user_fullname, date_of_birth, approved) VALUES ("scarlett01","G2fW3", "Scarlett Campbell", date_add(DATE '2001-12-10',interval 1 day), true);
INSERT INTO student VALUES ((select user_id from users where username = "scarlett01"), 1 );
INSERT INTO users (username, passwrd, user_fullname, date_of_birth, approved) VALUES ("grace03","X5jV6", "Grace Mitchell", date_add(DATE '2003-02-23',interval 1 day), true);
INSERT INTO student VALUES ((select user_id from users where username = "grace03"), 3 );
INSERT INTO users (username, passwrd, user_fullname, date_of_birth, approved) VALUES ("victoria07","D4rL9", "Victoria Turner", date_add(DATE '2007-07-14',interval 1 day), true);
INSERT INTO student VALUES ((select user_id from users where username = "victoria07"), 1 );
INSERT INTO users (username, passwrd, user_fullname, date_of_birth, approved) VALUES ("william74","R9sH4", "William Johnson", date_add(DATE '1974-06-28',interval 1 day), true);
INSERT INTO professor VALUES ((select user_id from users where username = "william74"), 1 );
INSERT INTO users (username, passwrd, user_fullname, date_of_birth, approved) VALUES ("james69","E2kP5", "James Wilson", date_add(DATE '1969-09-10',interval 1 day), true);
INSERT INTO professor VALUES ((select user_id from users where username = "james69"), 2 );
INSERT INTO users (username, passwrd, user_fullname, date_of_birth, approved) VALUES ("oliver78","Q4wY6", "Oliver Thompson", date_add(DATE '1978-05-03',interval 1 day), true);
INSERT INTO professor VALUES ((select user_id from users where username = "oliver78"), 3 );
INSERT INTO users (username, passwrd, user_fullname, date_of_birth, approved) VALUES ("sophia82","F6uR5", "Sophia Garcia", date_add(DATE '1982-08-19',interval 1 day), true);
INSERT INTO professor VALUES ((select user_id from users where username = "sophia82"), 4 );
INSERT INTO users (username, passwrd, user_fullname, date_of_birth, approved) VALUES ("charlotte76","T9gM7", "Charlotte Davis", date_add(DATE '1976-07-21',interval 1 day), true);
INSERT INTO professor VALUES ((select user_id from users where username = "charlotte76"), 1 );
INSERT INTO users (username, passwrd, user_fullname, date_of_birth, approved) VALUES ("amelia71","Z2xN4", "Amelia Mitchell", date_add(DATE '1971-11-06',interval 1 day), true);
INSERT INTO professor VALUES ((select user_id from users where username = "amelia71"), 1 );
INSERT INTO users (username, passwrd, user_fullname, date_of_birth, approved) VALUES ("evelyn79","O5rK2", "Evelyn Clark", date_add(DATE '1979-04-14',interval 1 day), true);
INSERT INTO professor VALUES ((select user_id from users where username = "evelyn79"), 1 );
INSERT INTO users (username, passwrd, user_fullname, date_of_birth, approved) VALUES ("mia85","I8jA9", "Mia Adams", date_add(DATE '1985-02-28',interval 1 day), true);
INSERT INTO professor VALUES ((select user_id from users where username = "mia85"), 2 );
INSERT INTO users (username, passwrd, user_fullname, date_of_birth, approved) VALUES ("grace72","V3bL6", "Grace Turner", date_add(DATE '1972-09-03',interval 1 day), true);
INSERT INTO professor VALUES ((select user_id from users where username = "grace72"), 3 );
INSERT INTO users (username, passwrd, user_fullname, date_of_birth, approved) VALUES ("victoria77","D9fX7", "Victoria Green", date_add(DATE '1977-04-17',interval 1 day), true);
INSERT INTO professor VALUES ((select user_id from users where username = "victoria77"), 2 );
INSERT INTO users (username, passwrd, user_fullname, date_of_birth, approved) VALUES ("benjamin73","W6vC4", "Benjamin Hill", date_add(DATE '1973-12-11',interval 1 day), true);
INSERT INTO professor VALUES ((select user_id from users where username = "benjamin73"), 4 );
INSERT INTO users (username, passwrd, user_fullname, date_of_birth, approved) VALUES ("liam75","R4wM9", "Liam Baker", date_add(DATE '1975-11-30',interval 1 day), true);
INSERT INTO professor VALUES ((select user_id from users where username = "liam75"), 1 );
INSERT INTO users (username, passwrd, user_fullname, date_of_birth, approved) VALUES ("noah81","I6sH2", "Noah Scott", date_add(DATE '1981-10-05',interval 1 day), true);
INSERT INTO professor VALUES ((select user_id from users where username = "noah81"), 1 );
INSERT INTO users (username, passwrd, user_fullname, date_of_birth, approved) VALUES ("sophia78","T3vR6", "Sophia Phillips", date_add(DATE '1978-03-18',interval 1 day), true);
INSERT INTO professor VALUES ((select user_id from users where username = "sophia78"), 1 );
INSERT INTO users (username, passwrd, user_fullname, date_of_birth, approved) VALUES ("ava83","A2gV7", "Ava Nelson", date_add(DATE '1983-09-26',interval 1 day), true);
INSERT INTO professor VALUES ((select user_id from users where username = "ava83"), 4 );