-- schools
INSERT INTO school (school_name, address, city, telephone, email, principal_fullname) VALUES ('Oakwood High School', '456 Oak Avenue',' Oakwood', 5551234, 'oakwoodhigh@example.com', 'Jennifer Anderson');
INSERT INTO school (school_name, address, city, telephone, email, principal_fullname) VALUES ('Maplewood Elementary School', '789 Maple Street', 'Maplewood', 9876543, 'maplewoodelem@example.com', 'Michael Johnson');
INSERT INTO school (school_name, address, city, telephone, email, principal_fullname) VALUES ('Pinecrest Middle School', '321 Pine Lane', 'Pinecrest', 1234567, 'pinecrestmiddle@example.com', 'Sarah Thompson');
INSERT INTO school (school_name, address, city, telephone, email, principal_fullname) VALUES ('Willowbrook Academy', '987 Willow Drive', 'Willowville', 8885555, 'willowbrookacademy@example.com', 'David Rodriguez');

-- categories
INSERT INTO category (category_name) VALUES ('Poetry');
INSERT INTO category (category_name) VALUES ('Personal Development');
INSERT INTO category (category_name) VALUES ('Inspiration');
INSERT INTO category (category_name) VALUES ('Emotions');
INSERT INTO category (category_name) VALUES ('Business');
INSERT INTO category (category_name) VALUES ('Quest');
INSERT INTO category (category_name) VALUES ('Suspense');
INSERT INTO category (category_name) VALUES ('Cooking');
INSERT INTO category (category_name) VALUES ('Horror');
INSERT INTO category (category_name) VALUES ('Mystery');
INSERT INTO category (category_name) VALUES ('Thriller');
INSERT INTO category (category_name) VALUES ('Drama');
INSERT INTO category (category_name) VALUES ('Historical Fiction');
INSERT INTO category (category_name) VALUES ('Thought-Provoking');
INSERT INTO category (category_name) VALUES ('Expression');
INSERT INTO category (category_name) VALUES ('Startups');
INSERT INTO category (category_name) VALUES ('Self-Help');
INSERT INTO category (category_name) VALUES ('Fairy Tales');
INSERT INTO category (category_name) VALUES ('Mindfulness');
INSERT INTO category (category_name) VALUES ('Courage');
INSERT INTO category (category_name) VALUES ('History');
INSERT INTO category (category_name) VALUES ('Romance');
INSERT INTO category (category_name) VALUES ('Crime');
INSERT INTO category (category_name) VALUES ('Negotiation');
INSERT INTO category (category_name) VALUES ('Reflection');
INSERT INTO category (category_name) VALUES ('Existential');
INSERT INTO category (category_name) VALUES ('Discovery');
INSERT INTO category (category_name) VALUES ('Gothic');
INSERT INTO category (category_name) VALUES ('Magic');
INSERT INTO category (category_name) VALUES ('Wellness');
INSERT INTO category (category_name) VALUES ('Communication');
INSERT INTO category (category_name) VALUES ('Conspiracy');
INSERT INTO category (category_name) VALUES ('Memoir');
INSERT INTO category (category_name) VALUES ('Entrepreneurship');
INSERT INTO category (category_name) VALUES ('Adventure');
INSERT INTO category (category_name) VALUES ('Supernatural');
INSERT INTO category (category_name) VALUES ('Epic');
INSERT INTO category (category_name) VALUES ('Success');
INSERT INTO category (category_name) VALUES ('Love');
INSERT INTO category (category_name) VALUES ('Nature');
INSERT INTO category (category_name) VALUES ('Family Saga');
INSERT INTO category (category_name) VALUES ('Archaeology');
INSERT INTO category (category_name) VALUES ('Psychological');
INSERT INTO category (category_name) VALUES ('Fantasy');
INSERT INTO category (category_name) VALUES ('Intrigue');
INSERT INTO category (category_name) VALUES ('Gastronomy');
INSERT INTO category (category_name) VALUES ('Science Fiction');
INSERT INTO category (category_name) VALUES ('Travel');
INSERT INTO category (category_name) VALUES ('Mythology');
INSERT INTO category (category_name) VALUES ('Philosophy');
INSERT INTO category (category_name) VALUES ('Cuisine');
INSERT INTO category (category_name) VALUES ('Dark Fantasy');

-- authors
INSERT INTO author (author_fullname) VALUES ('Jacob Smith');
INSERT INTO author (author_fullname) VALUES ('Emily Johnson');
INSERT INTO author (author_fullname) VALUES ('Michael Williams');
INSERT INTO author (author_fullname) VALUES ('Emma Brown');
INSERT INTO author (author_fullname) VALUES ('Joshua Jones');
INSERT INTO author (author_fullname) VALUES ('Olivia Davis');
INSERT INTO author (author_fullname) VALUES ('Matthew Miller');
INSERT INTO author (author_fullname) VALUES ('Sophia Wilson');
INSERT INTO author (author_fullname) VALUES ('Ethan Anderson');
INSERT INTO author (author_fullname) VALUES ('Ava Martinez');
INSERT INTO author (author_fullname) VALUES ('Daniel Taylor');
INSERT INTO author (author_fullname) VALUES ('Isabella Thomas');
INSERT INTO author (author_fullname) VALUES ('Christopher Garcia');
INSERT INTO author (author_fullname) VALUES ('Mia Martinez');
INSERT INTO author (author_fullname) VALUES ('Andrew Robinson');
INSERT INTO author (author_fullname) VALUES ('Abigail Clark');
INSERT INTO author (author_fullname) VALUES ('William Rodriguez');
INSERT INTO author (author_fullname) VALUES ('Charlotte Lewis');
INSERT INTO author (author_fullname) VALUES ('James Lee');
INSERT INTO author (author_fullname) VALUES ('Harper Walker');
INSERT INTO author (author_fullname) VALUES ('Tom Clark');
INSERT INTO author (author_fullname) VALUES ('Mark Jacobs');

-- books
INSERT INTO book (isbn, school_id, title, publisher, pages, summary, lang, copies) VALUES ( 9288824891 , 4 ,"The Secret of Shadows","Hachette Book Group",  653 , 'summary', 'English', 6 );
INSERT INTO book_category VALUES ( 9288824891 , 4 , 44 );
INSERT INTO book_category VALUES ( 9288824891 , 4 , 35 );
INSERT INTO book_category VALUES ( 9288824891 , 4 , 29 );
INSERT INTO book_author VALUES ( 9288824891 , 4 , 1 );
INSERT INTO book_author VALUES ( 9288824891 , 4 , 20 );
INSERT INTO book (isbn, school_id, title, publisher, pages, summary, lang, copies) VALUES ( 9906261493 , 4 ,"Echoes of Time","Macmillan Publishers",  858 , 'summary', 'English', 2 );
INSERT INTO book_category VALUES ( 9906261493 , 4 , 13 );
INSERT INTO book_category VALUES ( 9906261493 , 4 , 22 );
INSERT INTO book_category VALUES ( 9906261493 , 4 , 10 );
INSERT INTO book_author VALUES ( 9906261493 , 4 , 3 );
INSERT INTO book (isbn, school_id, title, publisher, pages, summary, lang, copies) VALUES ( 4265313933 , 4 ,"Whispers in the Dark","HarperCollins",  593 , 'summary', 'English', 2 );
INSERT INTO book_category VALUES ( 4265313933 , 4 , 11 );
INSERT INTO book_category VALUES ( 4265313933 , 4 , 7 );
INSERT INTO book_category VALUES ( 4265313933 , 4 , 9 );
INSERT INTO book_author VALUES ( 4265313933 , 4 , 18 );
INSERT INTO book_author VALUES ( 4265313933 , 4 , 13 );
INSERT INTO book (isbn, school_id, title, publisher, pages, summary, lang, copies) VALUES ( 5753796566 , 2 ,"Tales of Enchantment","Scholastic Corporation",  624 , 'summary', 'English', 3 );
INSERT INTO book_category VALUES ( 5753796566 , 2 , 44 );
INSERT INTO book_category VALUES ( 5753796566 , 2 , 18 );
INSERT INTO book_category VALUES ( 5753796566 , 2 , 29 );
INSERT INTO book_author VALUES ( 5753796566 , 2 , 8 );
INSERT INTO book_author VALUES ( 5753796566 , 2 , 4 );
INSERT INTO book (isbn, school_id, title, publisher, pages, summary, lang, copies) VALUES ( 3894934944 , 3 ,"The Art of Deception","Hachette Book Group",  280 , 'summary', 'English', 3 );
INSERT INTO book_category VALUES ( 3894934944 , 3 , 11 );
INSERT INTO book_category VALUES ( 3894934944 , 3 , 10 );
INSERT INTO book_category VALUES ( 3894934944 , 3 , 23 );
INSERT INTO book_author VALUES ( 3894934944 , 3 , 9 );
INSERT INTO book (isbn, school_id, title, publisher, pages, summary, lang, copies) VALUES ( 7689479498 , 2 ,"Whispering Winds","Penguin Random House",  752 , 'summary', 'English', 3 );
INSERT INTO book_category VALUES ( 7689479498 , 2 , 22 );
INSERT INTO book_category VALUES ( 7689479498 , 2 , 12 );
INSERT INTO book_category VALUES ( 7689479498 , 2 , 41 );
INSERT INTO book_author VALUES ( 7689479498 , 2 , 15 );
INSERT INTO book (isbn, school_id, title, publisher, pages, summary, lang, copies) VALUES ( 5548916630 , 2 ,"The Lost City","Penguin Random House",  635 , 'summary', 'English', 3 );
INSERT INTO book_category VALUES ( 5548916630 , 2 , 35 );
INSERT INTO book_category VALUES ( 5548916630 , 2 , 42 );
INSERT INTO book_category VALUES ( 5548916630 , 2 , 10 );
INSERT INTO book_author VALUES ( 5548916630 , 2 , 2 );
INSERT INTO book_author VALUES ( 5548916630 , 2 , 9 );
INSERT INTO book_author VALUES ( 5548916630 , 2 , 13 );
INSERT INTO book (isbn, school_id, title, publisher, pages, summary, lang, copies) VALUES ( 2607910542 , 3 ,"Chronicles of the Ancients","Macmillan Publishers",  272 , 'summary', 'English', 4 );
INSERT INTO book_category VALUES ( 2607910542 , 3 , 44 );
INSERT INTO book_category VALUES ( 2607910542 , 3 , 49 );
INSERT INTO book_category VALUES ( 2607910542 , 3 , 37 );
INSERT INTO book_author VALUES ( 2607910542 , 3 , 15 );
INSERT INTO book (isbn, school_id, title, publisher, pages, summary, lang, copies) VALUES ( 9544065322 , 3 ,"In the Shadow of Darkness","Bloomsbury Publishing",  728 , 'summary', 'English', 1 );
INSERT INTO book_category VALUES ( 9544065322 , 3 , 9 );
INSERT INTO book_category VALUES ( 9544065322 , 3 , 36 );
INSERT INTO book_category VALUES ( 9544065322 , 3 , 7 );
INSERT INTO book_author VALUES ( 9544065322 , 3 , 16 );
INSERT INTO book (isbn, school_id, title, publisher, pages, summary, lang, copies) VALUES ( 8967904003 , 2 ,"The Power Within","Wiley",  500 , 'summary', 'English', 5 );
INSERT INTO book_category VALUES ( 8967904003 , 2 , 44 );
INSERT INTO book_category VALUES ( 8967904003 , 2 , 29 );
INSERT INTO book_category VALUES ( 8967904003 , 2 , 6 );
INSERT INTO book_author VALUES ( 8967904003 , 2 , 15 );
INSERT INTO book (isbn, school_id, title, publisher, pages, summary, lang, copies) VALUES ( 9169174194 , 1 ,"A Dance with Fate","Macmillan Publishers",  388 , 'summary', 'English', 6 );
INSERT INTO book_category VALUES ( 9169174194 , 1 , 13 );
INSERT INTO book_category VALUES ( 9169174194 , 1 , 22 );
INSERT INTO book_category VALUES ( 9169174194 , 1 , 45 );
INSERT INTO book_author VALUES ( 9169174194 , 1 , 4 );
INSERT INTO book (isbn, school_id, title, publisher, pages, summary, lang, copies) VALUES ( 6471870199 , 3 ,"The Enchanted Garden","Macmillan Publishers",  601 , 'summary', 'English', 4 );
INSERT INTO book_category VALUES ( 6471870199 , 3 , 44 );
INSERT INTO book_category VALUES ( 6471870199 , 3 , 29 );
INSERT INTO book_category VALUES ( 6471870199 , 3 , 40 );
INSERT INTO book_author VALUES ( 6471870199 , 3 , 20 );
INSERT INTO book_author VALUES ( 6471870199 , 3 , 8 );
INSERT INTO book (isbn, school_id, title, publisher, pages, summary, lang, copies) VALUES ( 5590569382 , 2 ,"Whispers in the Wind","Pearson Education",  347 , 'summary', 'English', 2 );
INSERT INTO book_category VALUES ( 5590569382 , 2 , 1 );
INSERT INTO book_category VALUES ( 5590569382 , 2 , 25 );
INSERT INTO book_category VALUES ( 5590569382 , 2 , 4 );
INSERT INTO book_author VALUES ( 5590569382 , 2 , 10 );
INSERT INTO book_author VALUES ( 5590569382 , 2 , 2 );
INSERT INTO book (isbn, school_id, title, publisher, pages, summary, lang, copies) VALUES ( 7000737466 , 2 ,"House of Shadows","Wiley",  279 , 'summary', 'English', 3 );
INSERT INTO book_category VALUES ( 7000737466 , 2 , 9 );
INSERT INTO book_category VALUES ( 7000737466 , 2 , 28 );
INSERT INTO book_category VALUES ( 7000737466 , 2 , 36 );
INSERT INTO book_author VALUES ( 7000737466 , 2 , 15 );
INSERT INTO book_author VALUES ( 7000737466 , 2 , 9 );
INSERT INTO book_author VALUES ( 7000737466 , 2 , 11 );
INSERT INTO book (isbn, school_id, title, publisher, pages, summary, lang, copies) VALUES ( 3815202734 , 3 ,"The Successful Mind","Simon & Schuster",  715 , 'summary', 'English', 6 );
INSERT INTO book_category VALUES ( 3815202734 , 3 , 5 );
INSERT INTO book_category VALUES ( 3815202734 , 3 , 38 );
INSERT INTO book_category VALUES ( 3815202734 , 3 , 2 );
INSERT INTO book_author VALUES ( 3815202734 , 3 , 3 );
INSERT INTO book_author VALUES ( 3815202734 , 3 , 1 );
INSERT INTO book (isbn, school_id, title, publisher, pages, summary, lang, copies) VALUES ( 8314665134 , 2 ,"Wanderlust","HarperCollins",  544 , 'summary', 'English', 3 );
INSERT INTO book_category VALUES ( 8314665134 , 2 , 48 );
INSERT INTO book_category VALUES ( 8314665134 , 2 , 35 );
INSERT INTO book_category VALUES ( 8314665134 , 2 , 3 );
INSERT INTO book_author VALUES ( 8314665134 , 2 , 20 );
INSERT INTO book (isbn, school_id, title, publisher, pages, summary, lang, copies) VALUES ( 7897583532 , 2 ,"Philosophical Musings","Macmillan Publishers",  644 , 'summary', 'English', 1 );
INSERT INTO book_category VALUES ( 7897583532 , 2 , 50 );
INSERT INTO book_category VALUES ( 7897583532 , 2 , 14 );
INSERT INTO book_category VALUES ( 7897583532 , 2 , 26 );
INSERT INTO book_author VALUES ( 7897583532 , 2 , 11 );
INSERT INTO book (isbn, school_id, title, publisher, pages, summary, lang, copies) VALUES ( 6007806658 , 3 ,"The Culinary Journey","Penguin Random House",  248 , 'summary', 'English', 4 );
INSERT INTO book_category VALUES ( 6007806658 , 3 , 8 );
INSERT INTO book_category VALUES ( 6007806658 , 3 , 51 );
INSERT INTO book_category VALUES ( 6007806658 , 3 , 46 );
INSERT INTO book_author VALUES ( 6007806658 , 3 , 6 );
INSERT INTO book_author VALUES ( 6007806658 , 3 , 12 );
INSERT INTO book_author VALUES ( 6007806658 , 3 , 9 );
INSERT INTO book (isbn, school_id, title, publisher, pages, summary, lang, copies) VALUES ( 9586608353 , 4 ,"The Art of Negotiation","Pearson Education",  664 , 'summary', 'English', 5 );
INSERT INTO book_category VALUES ( 9586608353 , 4 , 5 );
INSERT INTO book_category VALUES ( 9586608353 , 4 , 31 );
INSERT INTO book_category VALUES ( 9586608353 , 4 , 24 );
INSERT INTO book_author VALUES ( 9586608353 , 4 , 19 );
INSERT INTO book_author VALUES ( 9586608353 , 4 , 16 );
INSERT INTO book_author VALUES ( 9586608353 , 4 , 4 );
INSERT INTO book (isbn, school_id, title, publisher, pages, summary, lang, copies) VALUES ( 9435836070 , 3 ,"Unveiling Secrets","Hachette Book Group",  383 , 'summary', 'English', 4 );
INSERT INTO book_category VALUES ( 9435836070 , 3 , 10 );
INSERT INTO book_category VALUES ( 9435836070 , 3 , 7 );
INSERT INTO book_category VALUES ( 9435836070 , 3 , 45 );
INSERT INTO book_author VALUES ( 9435836070 , 3 , 20 );
INSERT INTO book_author VALUES ( 9435836070 , 3 , 13 );
INSERT INTO book (isbn, school_id, title, publisher, pages, summary, lang, copies) VALUES ( 1185309534 , 2 ,"Quest for Freedom","Oxford University Press",  378 , 'summary', 'English', 1 );
INSERT INTO book_category VALUES ( 1185309534 , 2 , 35 );
INSERT INTO book_category VALUES ( 1185309534 , 2 , 6 );
INSERT INTO book_category VALUES ( 1185309534 , 2 , 20 );
INSERT INTO book_author VALUES ( 1185309534 , 2 , 10 );
INSERT INTO book_author VALUES ( 1185309534 , 2 , 6 );
INSERT INTO book_author VALUES ( 1185309534 , 2 , 9 );
INSERT INTO book (isbn, school_id, title, publisher, pages, summary, lang, copies) VALUES ( 1925026856 , 4 ,"The Poet's Heart","Penguin Random House",  872 , 'summary', 'English', 6 );
INSERT INTO book_category VALUES ( 1925026856 , 4 , 1 );
INSERT INTO book_category VALUES ( 1925026856 , 4 , 39 );
INSERT INTO book_category VALUES ( 1925026856 , 4 , 15 );
INSERT INTO book_author VALUES ( 1925026856 , 4 , 2 );
INSERT INTO book_author VALUES ( 1925026856 , 4 , 15 );
INSERT INTO book_author VALUES ( 1925026856 , 4 , 9 );
INSERT INTO book (isbn, school_id, title, publisher, pages, summary, lang, copies) VALUES ( 5582964602 , 2 ,"Realm of Shadows","Hachette Book Group",  791 , 'summary', 'English', 6 );
INSERT INTO book_category VALUES ( 5582964602 , 2 , 44 );
INSERT INTO book_category VALUES ( 5582964602 , 2 , 52 );
INSERT INTO book_category VALUES ( 5582964602 , 2 , 29 );
INSERT INTO book_author VALUES ( 5582964602 , 2 , 18 );
INSERT INTO book_author VALUES ( 5582964602 , 2 , 10 );
INSERT INTO book (isbn, school_id, title, publisher, pages, summary, lang, copies) VALUES ( 3958891735 , 4 ,"Haunted Memories","Wiley",  594 , 'summary', 'English', 6 );
INSERT INTO book_category VALUES ( 3958891735 , 4 , 9 );
INSERT INTO book_category VALUES ( 3958891735 , 4 , 36 );
INSERT INTO book_category VALUES ( 3958891735 , 4 , 43 );
INSERT INTO book_author VALUES ( 3958891735 , 4 , 3 );
INSERT INTO book_author VALUES ( 3958891735 , 4 , 1 );
INSERT INTO book (isbn, school_id, title, publisher, pages, summary, lang, copies) VALUES ( 5559085296 , 3 ,"The Entrepreneur's Guide","Bloomsbury Publishing",  990 , 'summary', 'English', 5 );
INSERT INTO book_category VALUES ( 5559085296 , 3 , 5 );
INSERT INTO book_category VALUES ( 5559085296 , 3 , 16 );
INSERT INTO book_category VALUES ( 5559085296 , 3 , 34 );
INSERT INTO book_author VALUES ( 5559085296 , 3 , 6 );
INSERT INTO book_author VALUES ( 5559085296 , 3 , 5 );
INSERT INTO book_author VALUES ( 5559085296 , 3 , 18 );
INSERT INTO book (isbn, school_id, title, publisher, pages, summary, lang, copies) VALUES ( 6216131837 , 4 ,"Wanderlust Chronicles","HarperCollins",  639 , 'summary', 'English', 4 );
INSERT INTO book_category VALUES ( 6216131837 , 4 , 48 );
INSERT INTO book_category VALUES ( 6216131837 , 4 , 33 );
INSERT INTO book_category VALUES ( 6216131837 , 4 , 35 );
INSERT INTO book_author VALUES ( 6216131837 , 4 , 3 );
INSERT INTO book_author VALUES ( 6216131837 , 4 , 14 );
INSERT INTO book (isbn, school_id, title, publisher, pages, summary, lang, copies) VALUES ( 9444239743 , 4 ,"The Art of Mindfulness","Hachette Book Group",  528 , 'summary', 'English', 4 );
INSERT INTO book_category VALUES ( 9444239743 , 4 , 17 );
INSERT INTO book_category VALUES ( 9444239743 , 4 , 19 );
INSERT INTO book_category VALUES ( 9444239743 , 4 , 30 );
INSERT INTO book_author VALUES ( 9444239743 , 4 , 11 );
INSERT INTO book (isbn, school_id, title, publisher, pages, summary, lang, copies) VALUES ( 2027669123 , 1 ,"The Enchanted Forest","Wiley",  618 , 'summary', 'English', 1 );
INSERT INTO book_category VALUES ( 2027669123 , 1 , 44 );
INSERT INTO book_category VALUES ( 2027669123 , 1 , 18 );
INSERT INTO book_category VALUES ( 2027669123 , 1 , 35 );
INSERT INTO book_author VALUES ( 2027669123 , 1 , 6 );
INSERT INTO book_author VALUES ( 2027669123 , 1 , 19 );
INSERT INTO book (isbn, school_id, title, publisher, pages, summary, lang, copies) VALUES ( 5809232954 , 2 ,"The Mystery of the Manor","Scholastic Corporation",  855 , 'summary', 'English', 4 );
INSERT INTO book_category VALUES ( 5809232954 , 2 , 10 );
INSERT INTO book_category VALUES ( 5809232954 , 2 , 7 );
INSERT INTO book_category VALUES ( 5809232954 , 2 , 23 );
INSERT INTO book_author VALUES ( 5809232954 , 2 , 19 );
INSERT INTO book_author VALUES ( 5809232954 , 2 , 2 );
INSERT INTO book_author VALUES ( 5809232954 , 2 , 17 );
INSERT INTO book (isbn, school_id, title, publisher, pages, summary, lang, copies) VALUES ( 9468618771 , 3 ,"The Science of Possibility","Pearson Education",  639 , 'summary', 'English', 3 );
INSERT INTO book_category VALUES ( 9468618771 , 3 , 47 );
INSERT INTO book_category VALUES ( 9468618771 , 3 , 35 );
INSERT INTO book_category VALUES ( 9468618771 , 3 , 27 );
INSERT INTO book_author VALUES ( 9468618771 , 3 , 19 );
INSERT INTO book (isbn, school_id, title, publisher, pages, summary, lang, copies) VALUES ( 4637928991 , 2 ,"Reflections of the Past","Bloomsbury Publishing",  728 , 'summary', 'English', 4 );
INSERT INTO book_category VALUES ( 4637928991 , 2 , 13 );
INSERT INTO book_category VALUES ( 4637928991 , 2 , 22 );
INSERT INTO book_category VALUES ( 4637928991 , 2 , 12 );
INSERT INTO book_author VALUES ( 4637928991 , 2 , 15 );
INSERT INTO book_author VALUES ( 4637928991 , 2 , 10 );
INSERT INTO book_author VALUES ( 4637928991 , 2 , 14 );
INSERT INTO book (isbn, school_id, title, publisher, pages, summary, lang, copies) VALUES ( 7055186186 , 1 ,"Secrets of the Unknown","Hachette Book Group",  693 , 'summary', 'English', 4 );
INSERT INTO book_category VALUES ( 7055186186 , 1 , 11 );
INSERT INTO book_category VALUES ( 7055186186 , 1 , 10 );
INSERT INTO book_category VALUES ( 7055186186 , 1 , 32 );
INSERT INTO book_author VALUES ( 7055186186 , 1 , 8 );
INSERT INTO book (isbn, school_id, title, publisher, pages, summary, lang, copies) VALUES ( 1302599992 , 3 ,"Echoes of History","Pearson Education",  811 , 'summary', 'English', 5 );
INSERT INTO book_category VALUES ( 1302599992 , 3 , 21 );
INSERT INTO book_author VALUES ( 1302599992 , 3 , 8 );
INSERT INTO book (isbn, school_id, title, publisher, pages, summary, lang, copies) VALUES ( 8544286555 , 1 ,"Whispers of Romance","HarperCollins",  308 , 'summary', 'English', 5 );
INSERT INTO book_category VALUES ( 8544286555 , 1 , 22 );
INSERT INTO book_author VALUES ( 8544286555 , 1 , 3 );
INSERT INTO book_author VALUES ( 8544286555 , 1 , 10 );
INSERT INTO book_author VALUES ( 8544286555 , 1 , 8 );
INSERT INTO book (isbn, school_id, title, publisher, pages, summary, lang, copies) VALUES ( 1848523716 , 4 ,"Journey of a Lifetime","Wiley",  822 , 'summary', 'English', 2 );
INSERT INTO book_category VALUES ( 1848523716 , 4 , 48 );
INSERT INTO book_category VALUES ( 1848523716 , 4 , 17 );
INSERT INTO book_author VALUES ( 1848523716 , 4 , 9 );
INSERT INTO book (isbn, school_id, title, publisher, pages, summary, lang, copies) VALUES ( 8208611606 , 3 ,"The Power Within","HarperCollins",  946 , 'summary', 'English', 3 );
INSERT INTO book_category VALUES ( 8208611606 , 3 , 17 );
INSERT INTO book_author VALUES ( 8208611606 , 3 , 3 );
INSERT INTO book_author VALUES ( 8208611606 , 3 , 13 );
INSERT INTO book_author VALUES ( 8208611606 , 3 , 5 );
INSERT INTO book (isbn, school_id, title, publisher, pages, summary, lang, copies) VALUES ( 4168408215 , 3 ,"Songs of the Soul","Pearson Education",  498 , 'summary', 'English', 1 );
INSERT INTO book_category VALUES ( 4168408215 , 3 , 1 );
INSERT INTO book_author VALUES ( 4168408215 , 3 , 4 );
INSERT INTO book_author VALUES ( 4168408215 , 3 , 16 );
INSERT INTO book_author VALUES ( 4168408215 , 3 , 5 );
INSERT INTO book (isbn, school_id, title, publisher, pages, summary, lang, copies) VALUES ( 4651225293 , 1 ,"Mastering Business Strategies","HarperCollins",  955 , 'summary', 'English', 6 );
INSERT INTO book_category VALUES ( 4651225293 , 1 , 5 );
INSERT INTO book_category VALUES ( 4651225293 , 1 , 17 );
INSERT INTO book_author VALUES ( 4651225293 , 1 , 15 );
INSERT INTO book (isbn, school_id, title, publisher, pages, summary, lang, copies) VALUES ( 1997415393 , 4 ,"Culinary Adventures","Hachette Book Group",  391 , 'summary', 'English', 4 );
INSERT INTO book_category VALUES ( 1997415393 , 4 , 8 );
INSERT INTO book_author VALUES ( 1997415393 , 4 , 15 );
INSERT INTO book_author VALUES ( 1997415393 , 4 , 2 );
INSERT INTO book (isbn, school_id, title, publisher, pages, summary, lang, copies) VALUES ( 8130199503 , 4 ,"Philosophical Musings","Bloomsbury Publishing",  571 , 'summary', 'English', 2 );
INSERT INTO book_category VALUES ( 8130199503 , 4 , 50 );
INSERT INTO book_category VALUES ( 8130199503 , 4 , 17 );
INSERT INTO book_author VALUES ( 8130199503 , 4 , 18 );
INSERT INTO book (isbn, school_id, title, publisher, pages, summary, lang, copies) VALUES ( 7559846542 , 1 ,"From Past to Present","Simon & Schuster",  812 , 'summary', 'English', 3 );
INSERT INTO book_category VALUES ( 7559846542 , 1 , 21 );
INSERT INTO book_category VALUES ( 7559846542 , 1 , 48 );
INSERT INTO book_author VALUES ( 7559846542 , 1 , 1 );
INSERT INTO book_author VALUES ( 7559846542 , 1 , 11 );
INSERT INTO book_author VALUES ( 7559846542 , 1 , 9 );
INSERT INTO book (isbn, school_id, title, publisher, pages, summary, lang, copies) VALUES ( 2380165340 , 3 ,"Love's Eternal Flame","Hachette Book Group",  292 , 'summary', 'English', 6 );
INSERT INTO book_category VALUES ( 2380165340 , 3 , 22 );
INSERT INTO book_author VALUES ( 2380165340 , 3 , 1 );
INSERT INTO book (isbn, school_id, title, publisher, pages, summary, lang, copies) VALUES ( 6135710346 , 3 ,"The Path to Enlightenment","HarperCollins",  360 , 'summary', 'English', 4 );
INSERT INTO book_category VALUES ( 6135710346 , 3 , 17 );
INSERT INTO book_author VALUES ( 6135710346 , 3 , 16 );
INSERT INTO book_author VALUES ( 6135710346 , 3 , 18 );
INSERT INTO book (isbn, school_id, title, publisher, pages, summary, lang, copies) VALUES ( 6784356311 , 2 ,"Verses of the Heart","Bloomsbury Publishing",  283 , 'summary', 'English', 3 );
INSERT INTO book_category VALUES ( 6784356311 , 2 , 1 );
INSERT INTO book_author VALUES ( 6784356311 , 2 , 6 );
INSERT INTO book (isbn, school_id, title, publisher, pages, summary, lang, copies) VALUES ( 9638908851 , 2 ,"Navigating the Business World","Oxford University Press",  562 , 'summary', 'English', 5 );
INSERT INTO book_category VALUES ( 9638908851 , 2 , 5 );
INSERT INTO book_category VALUES ( 9638908851 , 2 , 17 );
INSERT INTO book_author VALUES ( 9638908851 , 2 , 7 );
INSERT INTO book (isbn, school_id, title, publisher, pages, summary, lang, copies) VALUES ( 2933169509 , 2 ,"The Art of Gastronomy","Simon & Schuster",  712 , 'summary', 'English', 6 );
INSERT INTO book_category VALUES ( 2933169509 , 2 , 8 );
INSERT INTO book_category VALUES ( 2933169509 , 2 , 48 );
INSERT INTO book_author VALUES ( 2933169509 , 2 , 5 );
INSERT INTO book_author VALUES ( 2933169509 , 2 , 7 );
INSERT INTO book (isbn, school_id, title, publisher, pages, summary, lang, copies) VALUES ( 1384155897 , 4 ,"Wandering Thoughts","Penguin Random House",  413 , 'summary', 'English', 4 );
INSERT INTO book_category VALUES ( 1384155897 , 4 , 48 );
INSERT INTO book_author VALUES ( 1384155897 , 4 , 13 );
INSERT INTO book_author VALUES ( 1384155897 , 4 , 15 );
INSERT INTO book (isbn, school_id, title, publisher, pages, summary, lang, copies) VALUES ( 9998171052 , 3 ,"Essence of Existence","Penguin Random House",  587 , 'summary', 'English', 1 );
INSERT INTO book_category VALUES ( 9998171052 , 3 , 50 );
INSERT INTO book_author VALUES ( 9998171052 , 3 , 3 );
INSERT INTO book (isbn, school_id, title, publisher, pages, summary, lang, copies) VALUES ( 6387971125 , 1 ,"Uncovering Hidden Histories","Simon & Schuster",  649 , 'summary', 'English', 1 );
INSERT INTO book_category VALUES ( 6387971125 , 1 , 21 );
INSERT INTO book_category VALUES ( 6387971125 , 1 , 48 );
INSERT INTO book_author VALUES ( 6387971125 , 1 , 1 );
INSERT INTO book_author VALUES ( 6387971125 , 1 , 14 );
INSERT INTO book (isbn, school_id, title, publisher, pages, summary, lang, copies) VALUES ( 1309593749 , 2 ,"Love in the Air","Penguin Random House",  332 , 'summary', 'English', 2 );
INSERT INTO book_category VALUES ( 1309593749 , 2 , 22 );
INSERT INTO book_author VALUES ( 1309593749 , 2 , 19 );
INSERT INTO book_author VALUES ( 1309593749 , 2 , 8 );
INSERT INTO book_author VALUES ( 1309593749 , 2 , 15 );
INSERT INTO book (isbn, school_id, title, publisher, pages, summary, lang, copies) VALUES ( 2970790709 , 4 ,"Finding Inner Peace","Hachette Book Group",  947 , 'summary', 'English', 5 );
INSERT INTO book_category VALUES ( 2970790709 , 4 , 17 );
INSERT INTO book_author VALUES ( 2970790709 , 4 , 18 );
INSERT INTO book (isbn, school_id, title, publisher, pages, summary, lang, copies) VALUES ( 9492000776 , 4 ,"Whispers of the Soul","Oxford University Press",  998 , 'summary', 'English', 3 );
INSERT INTO book_category VALUES ( 9492000776 , 4 , 1 );
INSERT INTO book_category VALUES ( 9492000776 , 4 , 17 );
INSERT INTO book_author VALUES ( 9492000776 , 4 , 3 );
INSERT INTO book (isbn, school_id, title, publisher, pages, summary, lang, copies) VALUES ( 3279719968 , 2 ,"The Business Blueprint","Oxford University Press",  537 , 'summary', 'English', 5 );
INSERT INTO book_category VALUES ( 3279719968 , 2 , 5 );
INSERT INTO book_category VALUES ( 3279719968 , 2 , 48 );
INSERT INTO book_author VALUES ( 3279719968 , 2 , 4 );
INSERT INTO book_author VALUES ( 3279719968 , 2 , 19 );
INSERT INTO book (isbn, school_id, title, publisher, pages, summary, lang, copies) VALUES ( 2863418759 , 4 ,"Flavors of the World","Simon & Schuster",  842 , 'summary', 'English', 6 );
INSERT INTO book_category VALUES ( 2863418759 , 4 , 8 );
INSERT INTO book_category VALUES ( 2863418759 , 4 , 48 );
INSERT INTO book_author VALUES ( 2863418759 , 4 , 8 );
INSERT INTO book_author VALUES ( 2863418759 , 4 , 14 );
INSERT INTO book (isbn, school_id, title, publisher, pages, summary, lang, copies) VALUES ( 5490975990 , 3 ,"Wanderlust Chronicles","Pearson Education",  596 , 'summary', 'English', 1 );
INSERT INTO book_category VALUES ( 5490975990 , 3 , 48 );
INSERT INTO book_category VALUES ( 5490975990 , 3 , 17 );
INSERT INTO book_author VALUES ( 5490975990 , 3 , 13 );
INSERT INTO book_author VALUES ( 5490975990 , 3 , 20 );
INSERT INTO book_author VALUES ( 5490975990 , 3 , 10 );
INSERT INTO book (isbn, school_id, title, publisher, pages, summary, lang, copies) VALUES ( 7795672250 , 4 ,"Seeking Wisdom","Pearson Education",  477 , 'summary', 'English', 6 );
INSERT INTO book_category VALUES ( 7795672250 , 4 , 50 );
INSERT INTO book_category VALUES ( 7795672250 , 4 , 17 );
INSERT INTO book_author VALUES ( 7795672250 , 4 , 18 );
INSERT INTO book_author VALUES ( 7795672250 , 4 , 20 );
INSERT INTO book_author VALUES ( 7795672250 , 4 , 4 );
INSERT INTO book (isbn, school_id, title, publisher, pages, summary, lang, copies) VALUES ( 9659913635 , 1 ,"Footprints of the Past","Simon & Schuster",  879 , 'summary', 'English', 4 );
INSERT INTO book_category VALUES ( 9659913635 , 1 , 21 );
INSERT INTO book_category VALUES ( 9659913635 , 1 , 48 );
INSERT INTO book_author VALUES ( 9659913635 , 1 , 20 );
INSERT INTO book (isbn, school_id, title, publisher, pages, summary, lang, copies) VALUES ( 2669603395 , 2 ,"Romantic Encounters","Hachette Book Group",  634 , 'summary', 'English', 1 );
INSERT INTO book_category VALUES ( 2669603395 , 2 , 22 );
INSERT INTO book_author VALUES ( 2669603395 , 2 , 14 );
INSERT INTO book_author VALUES ( 2669603395 , 2 , 18 );
INSERT INTO book_author VALUES ( 2669603395 , 2 , 12 );
INSERT INTO book (isbn, school_id, title, publisher, pages, summary, lang, copies) VALUES ( 6961133261 , 2 ,"The Path to Happiness","Macmillan Publishers",  897 , 'summary', 'English', 2 );
INSERT INTO book_category VALUES ( 6961133261 , 2 , 17 );
INSERT INTO book_author VALUES ( 6961133261 , 2 , 20 );
INSERT INTO book_author VALUES ( 6961133261 , 2 , 17 );
INSERT INTO book (isbn, school_id, title, publisher, pages, summary, lang, copies) VALUES ( 9727631158 , 1 ,"Whispers of Inspiration","Bloomsbury Publishing",  741 , 'summary', 'English', 5 );
INSERT INTO book_category VALUES ( 9727631158 , 1 , 1 );
INSERT INTO book_category VALUES ( 9727631158 , 1 , 17 );
INSERT INTO book_author VALUES ( 9727631158 , 1 , 13 );
INSERT INTO book (isbn, school_id, title, publisher, pages, summary, lang, copies) VALUES ( 2962446715 , 1 ,"The Entrepreneur's Journey","Bloomsbury Publishing",  989 , 'summary', 'English', 4 );
INSERT INTO book_category VALUES ( 2962446715 , 1 , 5 );
INSERT INTO book_category VALUES ( 2962446715 , 1 , 17 );
INSERT INTO book_author VALUES ( 2962446715 , 1 , 17 );
INSERT INTO book_author VALUES ( 2962446715 , 1 , 5 );
INSERT INTO book_author VALUES ( 2962446715 , 1 , 7 );
INSERT INTO book (isbn, school_id, title, publisher, pages, summary, lang, copies) VALUES ( 4673644090 , 4 ,"Culinary Delights","Macmillan Publishers",  406 , 'summary', 'English', 4 );
INSERT INTO book_category VALUES ( 4673644090 , 4 , 8 );
INSERT INTO book_author VALUES ( 4673644090 , 4 , 4 );
INSERT INTO book_author VALUES ( 4673644090 , 4 , 17 );
INSERT INTO book (isbn, school_id, title, publisher, pages, summary, lang, copies) VALUES ( 7573906061 , 2 ,"Discovering New Horizons","Scholastic Corporation",  646 , 'summary', 'English', 5 );
INSERT INTO book_category VALUES ( 7573906061 , 2 , 48 );
INSERT INTO book_author VALUES ( 7573906061 , 2 , 8 );
INSERT INTO book_author VALUES ( 7573906061 , 2 , 1 );
INSERT INTO book_author VALUES ( 7573906061 , 2 , 3 );
INSERT INTO book (isbn, school_id, title, publisher, pages, summary, lang, copies) VALUES ( 8740830025 , 4 ,"The Quest for Meaning","Wiley",  460 , 'summary', 'English', 5 );
INSERT INTO book_category VALUES ( 8740830025 , 4 , 50 );
INSERT INTO book_author VALUES ( 8740830025 , 4 , 12 );
INSERT INTO book (isbn, school_id, title, publisher, pages, summary, lang, copies) VALUES ( 5409643304 , 4 ,"Chronicles of the Ages","Oxford University Press",  212 , 'summary', 'English', 2 );
INSERT INTO book_category VALUES ( 5409643304 , 4 , 21 );
INSERT INTO book_author VALUES ( 5409643304 , 4 , 16 );
INSERT INTO book (isbn, school_id, title, publisher, pages, summary, lang, copies) VALUES ( 9097481924 , 2 ,"Love and Destiny","Simon & Schuster",  413 , 'summary', 'English', 3 );
INSERT INTO book_category VALUES ( 9097481924 , 2 , 22 );
INSERT INTO book_author VALUES ( 9097481924 , 2 , 8 );
INSERT INTO book (isbn, school_id, title, publisher, pages, summary, lang, copies) VALUES ( 8012693106 , 4 ,"The Art of Personal Growth","Scholastic Corporation",  233 , 'summary', 'English', 6 );
INSERT INTO book_category VALUES ( 8012693106 , 4 , 17 );
INSERT INTO book_author VALUES ( 8012693106 , 4 , 15 );
INSERT INTO book_author VALUES ( 8012693106 , 4 , 6 );
INSERT INTO book_author VALUES ( 8012693106 , 4 , 13 );
INSERT INTO book (isbn, school_id, title, publisher, pages, summary, lang, copies) VALUES ( 2981051886 , 1 ,"Rhymes of Reflection","Pearson Education",  911 , 'summary', 'English', 2 );
INSERT INTO book_category VALUES ( 2981051886 , 1 , 1 );
INSERT INTO book_author VALUES ( 2981051886 , 1 , 5 );
INSERT INTO book (isbn, school_id, title, publisher, pages, summary, lang, copies) VALUES ( 9853018508 , 3 ,"The Business Mindset","Pearson Education",  247 , 'summary', 'English', 3 );
INSERT INTO book_category VALUES ( 9853018508 , 3 , 5 );
INSERT INTO book_author VALUES ( 9853018508 , 3 , 3 );
INSERT INTO book (isbn, school_id, title, publisher, pages, summary, lang, copies) VALUES ( 2000443724 , 3 ,"Cuisine Around the World","Penguin Random House",  815 , 'summary', 'English', 1 );
INSERT INTO book_category VALUES ( 2000443724 , 3 , 8 );
INSERT INTO book_category VALUES ( 2000443724 , 3 , 48 );
INSERT INTO book_author VALUES ( 2000443724 , 3 , 17 );
INSERT INTO book_author VALUES ( 2000443724 , 3 , 20 );
INSERT INTO book (isbn, school_id, title, publisher, pages, summary, lang, copies) VALUES ( 8897131646 , 1 ,"Wanderlust Wonders","Penguin Random House",  211 , 'summary', 'English', 2 );
INSERT INTO book_category VALUES ( 8897131646 , 1 , 48 );
INSERT INTO book_category VALUES ( 8897131646 , 1 , 17 );
INSERT INTO book_author VALUES ( 8897131646 , 1 , 7 );
INSERT INTO book (isbn, school_id, title, publisher, pages, summary, lang, copies) VALUES ( 5526924819 , 2 ,"The Philosophy of Life","Scholastic Corporation",  747 , 'summary', 'English', 5 );
INSERT INTO book_category VALUES ( 5526924819 , 2 , 50 );
INSERT INTO book_author VALUES ( 5526924819 , 2 , 3 );
INSERT INTO book_author VALUES ( 5526924819 , 2 , 18 );
INSERT INTO book_author VALUES ( 5526924819 , 2 , 6 );
INSERT INTO book (isbn, school_id, title, publisher, pages, summary, lang, copies) VALUES ( 9108475039 , 3 ,"Stories from the Past","Wiley",  272 , 'summary', 'English', 2 );
INSERT INTO book_category VALUES ( 9108475039 , 3 , 21 );
INSERT INTO book_author VALUES ( 9108475039 , 3 , 15 );
INSERT INTO book (isbn, school_id, title, publisher, pages, summary, lang, copies) VALUES ( 2429194461 , 3 ,"Passion's Embrace","Oxford University Press",  248 , 'summary', 'English', 6 );
INSERT INTO book_category VALUES ( 2429194461 , 3 , 22 );
INSERT INTO book_author VALUES ( 2429194461 , 3 , 2 );
INSERT INTO book_author VALUES ( 2429194461 , 3 , 3 );
INSERT INTO book_author VALUES ( 2429194461 , 3 , 15 );
INSERT INTO book (isbn, school_id, title, publisher, pages, summary, lang, copies) VALUES ( 7352543988 , 2 ,"Unlocking Potential","Macmillan Publishers",  640 , 'summary', 'English', 6 );
INSERT INTO book_category VALUES ( 7352543988 , 2 , 17 );
INSERT INTO book_author VALUES ( 7352543988 , 2 , 2 );
INSERT INTO book (isbn, school_id, title, publisher, pages, summary, lang, copies) VALUES ( 6715307651 , 2 ,"Whispers of the Heart","Pearson Education",  757 , 'summary', 'English', 2 );
INSERT INTO book_category VALUES ( 6715307651 , 2 , 1 );
INSERT INTO book_author VALUES ( 6715307651 , 2 , 10 );
INSERT INTO book_author VALUES ( 6715307651 , 2 , 2 );
INSERT INTO book (isbn, school_id, title, publisher, pages, summary, lang, copies) VALUES ( 2797281145 , 2 ,"The Business Revolution","Macmillan Publishers",  228 , 'summary', 'English', 6 );
INSERT INTO book_category VALUES ( 2797281145 , 2 , 5 );
INSERT INTO book_author VALUES ( 2797281145 , 2 , 17 );
INSERT INTO book (isbn, school_id, title, publisher, pages, summary, lang, copies) VALUES ( 7153700158 , 2 ,"Culinary Inspirations","Oxford University Press",  270 , 'summary', 'English', 4 );
INSERT INTO book_category VALUES ( 7153700158 , 2 , 8 );
INSERT INTO book_author VALUES ( 7153700158 , 2 , 6 );
INSERT INTO book_author VALUES ( 7153700158 , 2 , 17 );
INSERT INTO book (isbn, school_id, title, publisher, pages, summary, lang, copies) VALUES ( 1172331314 , 3 ,"Wanderlust Escapades","Simon & Schuster",  358 , 'summary', 'English', 6 );
INSERT INTO book_category VALUES ( 1172331314 , 3 , 48 );
INSERT INTO book_author VALUES ( 1172331314 , 3 , 1 );
INSERT INTO book_author VALUES ( 1172331314 , 3 , 5 );
INSERT INTO book (isbn, school_id, title, publisher, pages, summary, lang, copies) VALUES ( 2184315378 , 4 ,"The Philosophy of Wisdom","Bloomsbury Publishing",  371 , 'summary', 'English', 3 );
INSERT INTO book_category VALUES ( 2184315378 , 4 , 50 );
INSERT INTO book_author VALUES ( 2184315378 , 4 , 5 );
INSERT INTO book_author VALUES ( 2184315378 , 4 , 4 );
INSERT INTO book_author VALUES ( 2184315378 , 4 , 6 );
INSERT INTO book (isbn, school_id, title, publisher, pages, summary, lang, copies) VALUES ( 6799307304 , 3 ,"Wanderlust Wonders","HarperCollins",  974 , 'summary', 'English', 5 );
INSERT INTO book_category VALUES ( 6799307304 , 3 , 48 );
INSERT INTO book_author VALUES ( 6799307304 , 3 , 3 );
INSERT INTO book (isbn, school_id, title, publisher, pages, summary, lang, copies) VALUES ( 9136206359 , 1 ,"Exploring Philosophies","Hachette Book Group",  439 , 'summary', 'English', 3 );
INSERT INTO book_category VALUES ( 9136206359 , 1 , 50 );
INSERT INTO book_author VALUES ( 9136206359 , 1 , 19 );
INSERT INTO book_author VALUES ( 9136206359 , 1 , 14 );
INSERT INTO book_author VALUES ( 9136206359 , 1 , 8 );
INSERT INTO book (isbn, school_id, title, publisher, pages, summary, lang, copies) VALUES ( 4784777953 , 3 ,"Tales of the Past","Penguin Random House",  878 , 'summary', 'English', 5 );
INSERT INTO book_category VALUES ( 4784777953 , 3 , 21 );
INSERT INTO book_author VALUES ( 4784777953 , 3 , 4 );
INSERT INTO book (isbn, school_id, title, publisher, pages, summary, lang, copies) VALUES ( 7003509671 , 3 ,"A Love to Remember","Bloomsbury Publishing",  260 , 'summary', 'English', 5 );
INSERT INTO book_category VALUES ( 7003509671 , 3 , 22 );
INSERT INTO book_author VALUES ( 7003509671 , 3 , 10 );
INSERT INTO book_author VALUES ( 7003509671 , 3 , 15 );
INSERT INTO book_author VALUES ( 7003509671 , 3 , 3 );
INSERT INTO book (isbn, school_id, title, publisher, pages, summary, lang, copies) VALUES ( 5522427813 , 3 ,"The Path to Success","Wiley",  547 , 'summary', 'English', 6 );
INSERT INTO book_category VALUES ( 5522427813 , 3 , 17 );
INSERT INTO book_author VALUES ( 5522427813 , 3 , 13 );
INSERT INTO book (isbn, school_id, title, publisher, pages, summary, lang, copies) VALUES ( 8236129674 , 4 ,"Rhythms of the Heart","Simon & Schuster",  646 , 'summary', 'English', 6 );
INSERT INTO book_category VALUES ( 8236129674 , 4 , 1 );
INSERT INTO book_author VALUES ( 8236129674 , 4 , 17 );
INSERT INTO book (isbn, school_id, title, publisher, pages, summary, lang, copies) VALUES ( 3835918086 , 4 ,"The Business Visionary","Pearson Education",  745 , 'summary', 'English', 5 );
INSERT INTO book_category VALUES ( 3835918086 , 4 , 5 );
INSERT INTO book_author VALUES ( 3835918086 , 4 , 10 );
INSERT INTO book_author VALUES ( 3835918086 , 4 , 17 );
INSERT INTO book_author VALUES ( 3835918086 , 4 , 4 );
INSERT INTO book (isbn, school_id, title, publisher, pages, summary, lang, copies) VALUES ( 5567515590 , 2 ,"Culinary Delights","Hachette Book Group",  367 , 'summary', 'English', 2 );
INSERT INTO book_category VALUES ( 5567515590 , 2 , 8 );
INSERT INTO book_author VALUES ( 5567515590 , 2 , 17 );
INSERT INTO book_author VALUES ( 5567515590 , 2 , 11 );
INSERT INTO book (isbn, school_id, title, publisher, pages, summary, lang, copies) VALUES ( 8630741602 , 2 ,"Journey of Discovery","Oxford University Press",  616 , 'summary', 'English', 2 );
INSERT INTO book_category VALUES ( 8630741602 , 2 , 48 );
INSERT INTO book_author VALUES ( 8630741602 , 2 , 11 );
INSERT INTO book_author VALUES ( 8630741602 , 2 , 16 );
INSERT INTO book (isbn, school_id, title, publisher, pages, summary, lang, copies) VALUES ( 1767344444 , 4 ,"The Philosophy of Happiness","Bloomsbury Publishing",  878 , 'summary', 'English', 6 );
INSERT INTO book_category VALUES ( 1767344444 , 4 , 50 );
INSERT INTO book_author VALUES ( 1767344444 , 4 , 13 );
INSERT INTO book (isbn, school_id, title, publisher, pages, summary, lang, copies) VALUES ( 6128514500 , 1 ,"Legends of History","Wiley",  314 , 'summary', 'English', 6 );
INSERT INTO book_category VALUES ( 6128514500 , 1 , 21 );
INSERT INTO book_author VALUES ( 6128514500 , 1 , 8 );
INSERT INTO book_author VALUES ( 6128514500 , 1 , 10 );
INSERT INTO book (isbn, school_id, title, publisher, pages, summary, lang, copies) VALUES ( 3500372391 , 3 ,"Whispers of Love","Pearson Education",  589 , 'summary', 'English', 6 );
INSERT INTO book_category VALUES ( 3500372391 , 3 , 22 );
INSERT INTO book_author VALUES ( 3500372391 , 3 , 13 );
INSERT INTO book_author VALUES ( 3500372391 , 3 , 7 );
INSERT INTO book_author VALUES ( 3500372391 , 3 , 17 );
INSERT INTO book (isbn, school_id, title, publisher, pages, summary, lang, copies) VALUES ( 2765518761 , 3 ,"The Path to Personal Growth","Macmillan Publishers",  453 , 'summary', 'English', 2 );
INSERT INTO book_category VALUES ( 2765518761 , 3 , 17 );
INSERT INTO book_author VALUES ( 2765518761 , 3 , 3 );
INSERT INTO book_author VALUES ( 2765518761 , 3 , 8 );
INSERT INTO book (isbn, school_id, title, publisher, pages, summary, lang, copies) VALUES ( 8318154054 , 3 ,"Melodies of the Soul","Macmillan Publishers",  266 , 'summary', 'English', 4 );
INSERT INTO book_category VALUES ( 8318154054 , 3 , 1 );
INSERT INTO book_author VALUES ( 8318154054 , 3 , 2 );
INSERT INTO book (isbn, school_id, title, publisher, pages, summary, lang, copies) VALUES ( 5022354908 , 4 ,"The Business Strategist","HarperCollins",  706 , 'summary', 'English', 6 );
INSERT INTO book_category VALUES ( 5022354908 , 4 , 5 );
INSERT INTO book_author VALUES ( 5022354908 , 4 , 1 );
INSERT INTO book (isbn, school_id, title, publisher, pages, summary, lang, copies) VALUES ( 9534212084 , 2 ,"Culinary Explorations","Wiley",  699 , 'summary', 'English', 4 );
INSERT INTO book_category VALUES ( 9534212084 , 2 , 8 );
INSERT INTO book_author VALUES ( 9534212084 , 2 , 18 );
INSERT INTO book (isbn, school_id, title, publisher, pages, summary, lang, copies) VALUES ( 6532824087 , 1 ,"Adventures of a Traveler","Simon & Schuster",  828 , 'summary', 'English', 6 );
INSERT INTO book_category VALUES ( 6532824087 , 1 , 48 );
INSERT INTO book_author VALUES ( 6532824087 , 1 , 5 );
INSERT INTO book_author VALUES ( 6532824087 , 1 , 13 );
INSERT INTO book (isbn, school_id, title, publisher, pages, summary, lang, copies) VALUES ( 5387612134 , 4 ,"Reflections on Life","Simon & Schuster",  938 , 'summary', 'English', 6 );
INSERT INTO book_category VALUES ( 5387612134 , 4 , 50 );
INSERT INTO book_author VALUES ( 5387612134 , 4 , 8 );
INSERT INTO book (isbn, school_id, title, publisher, pages, summary, lang, copies) VALUES ( 5366155140 , 1 ,"Tales of Ancient Times","Oxford University Press",  562 , 'summary', 'English', 4 );
INSERT INTO book_category VALUES ( 5366155140 , 1 , 21 );
INSERT INTO book_author VALUES ( 5366155140 , 1 , 5 );
INSERT INTO book_author VALUES ( 5366155140 , 1 , 19 );
INSERT INTO book_author VALUES ( 5366155140 , 1 , 18 );
INSERT INTO book (isbn, school_id, title, publisher, pages, summary, lang, copies) VALUES ( 6672853558 , 4 ,"Love's Unforgettable Journey","Bloomsbury Publishing",  764 , 'summary', 'English', 5 );
INSERT INTO book_category VALUES ( 6672853558 , 4 , 22 );
INSERT INTO book_author VALUES ( 6672853558 , 4 , 12 );
INSERT INTO book_author VALUES ( 6672853558 , 4 , 9 );
INSERT INTO book (isbn, school_id, title, publisher, pages, summary, lang, copies) VALUES ( 6804249927 , 2 ,"The Path to Self-Discovery","Penguin Random House",  716 , 'summary', 'English', 6 );
INSERT INTO book_category VALUES ( 6804249927 , 2 , 17 );
INSERT INTO book_author VALUES ( 6804249927 , 2 , 7 );
INSERT INTO book_author VALUES ( 6804249927 , 2 , 11 );
INSERT INTO book_author VALUES ( 6804249927 , 2 , 6 );
INSERT INTO book (isbn, school_id, title, publisher, pages, summary, lang, copies) VALUES ( 6619824780 , 3 ,"Verses of Love","Simon & Schuster",  653 , 'summary', 'English', 6 );
INSERT INTO book_category VALUES ( 6619824780 , 3 , 1 );
INSERT INTO book_author VALUES ( 6619824780 , 3 , 8 );
INSERT INTO book (isbn, school_id, title, publisher, pages, summary, lang, copies) VALUES ( 3219173647 , 1 ,"Business Secrets Unveiled","Simon & Schuster",  273 , 'summary', 'English', 1 );
INSERT INTO book_category VALUES ( 3219173647 , 1 , 5 );
INSERT INTO book_author VALUES ( 3219173647 , 1 , 6 );
INSERT INTO book (isbn, school_id, title, publisher, pages, summary, lang, copies) VALUES ( 1102731847 , 3 ,"Gourmet Delights","Oxford University Press",  346 , 'summary', 'English', 5 );
INSERT INTO book_category VALUES ( 1102731847 , 3 , 8 );
INSERT INTO book_author VALUES ( 1102731847 , 3 , 20 );
INSERT INTO book_author VALUES ( 1102731847 , 3 , 8 );
INSERT INTO book (isbn, school_id, title, publisher, pages, summary, lang, copies) VALUES ( 7533903794 , 1 ,"Wanderlust Escapades","Bloomsbury Publishing",  744 , 'summary', 'English', 5 );
INSERT INTO book_category VALUES ( 7533903794 , 1 , 48 );
INSERT INTO book_category VALUES ( 7533903794 , 1 , 17 );
INSERT INTO book_author VALUES ( 7533903794 , 1 , 14 );
INSERT INTO book (isbn, school_id, title, publisher, pages, summary, lang, copies) VALUES ( 8720893083 , 2 ,"The Philosophy of Existence","Simon & Schuster",  518 , 'summary', 'English', 2 );
INSERT INTO book_category VALUES ( 8720893083 , 2 , 50 );
INSERT INTO book_author VALUES ( 8720893083 , 2 , 5 );
INSERT INTO book (isbn, school_id, title, publisher, pages, summary, lang, copies) VALUES ( 7496521447 , 3 ,"Tales of the Forgotten","Wiley",  549 , 'summary', 'English', 2 );
INSERT INTO book_category VALUES ( 7496521447 , 3 , 21 );
INSERT INTO book_author VALUES ( 7496521447 , 3 , 15 );
INSERT INTO book_author VALUES ( 7496521447 , 3 , 10 );
INSERT INTO book_author VALUES ( 7496521447 , 3 , 3 );
INSERT INTO book (isbn, school_id, title, publisher, pages, summary, lang, copies) VALUES ( 2494742034 , 1 ,"Eternal Love Stories","Penguin Random House",  463 , 'summary', 'English', 1 );
INSERT INTO book_category VALUES ( 2494742034 , 1 , 22 );
INSERT INTO book_author VALUES ( 2494742034 , 1 , 10 );
INSERT INTO book_author VALUES ( 2494742034 , 1 , 16 );
INSERT INTO book (isbn, school_id, title, publisher, pages, summary, lang, copies) VALUES ( 8578322962 , 1 ,"The Path to Inner Strength","Pearson Education",  405 , 'summary', 'English', 3 );
INSERT INTO book_category VALUES ( 8578322962 , 1 , 17 );
INSERT INTO book_author VALUES ( 8578322962 , 1 , 6 );
INSERT INTO book_author VALUES ( 8578322962 , 1 , 13 );
INSERT INTO book (isbn, school_id, title, publisher, pages, summary, lang, copies) VALUES ( 4343900643 , 4 ,"Whispers of Inspiration","Bloomsbury Publishing",  544 , 'summary', 'English', 4 );
INSERT INTO book_category VALUES ( 4343900643 , 4 , 1 );
INSERT INTO book_author VALUES ( 4343900643 , 4 , 19 );
INSERT INTO book (isbn, school_id, title, publisher, pages, summary, lang, copies) VALUES ( 6128487778 , 4 ,"The Business Innovator","Hachette Book Group",  346 , 'summary', 'English', 2 );
INSERT INTO book_category VALUES ( 6128487778 , 4 , 5 );
INSERT INTO book_category VALUES ( 6128487778 , 4 , 17 );
INSERT INTO book_author VALUES ( 6128487778 , 4 , 13 );
INSERT INTO book_author VALUES ( 6128487778 , 4 , 7 );
INSERT INTO book (isbn, school_id, title, publisher, pages, summary, lang, copies) VALUES ( 2045666475 , 4 ,"Culinary Inspirations","Hachette Book Group",  755 , 'summary', 'English', 4 );
INSERT INTO book_category VALUES ( 2045666475 , 4 , 8 );
INSERT INTO book_author VALUES ( 2045666475 , 4 , 9 );
INSERT INTO book_author VALUES ( 2045666475 , 4 , 7 );
INSERT INTO book (isbn, school_id, title, publisher, pages, summary, lang, copies) VALUES ( 6062613673 , 3 ,"Wanderlust Dreams","Wiley",  853 , 'summary', 'English', 3 );
INSERT INTO book_category VALUES ( 6062613673 , 3 , 48 );
INSERT INTO book_author VALUES ( 6062613673 , 3 , 12 );
INSERT INTO book (isbn, school_id, title, publisher, pages, summary, lang, copies) VALUES ( 1080254233 , 1 ,"The Philosophy of Wisdom","Oxford University Press",  346 , 'summary', 'English', 2 );
INSERT INTO book_category VALUES ( 1080254233 , 1 , 50 );
INSERT INTO book_author VALUES ( 1080254233 , 1 , 9 );
INSERT INTO book (isbn, school_id, title, publisher, pages, summary, lang, copies) VALUES ( 5782425652 , 4 ,"Echoes of the Ancient World","Penguin Random House",  623 , 'summary', 'English', 2 );
INSERT INTO book_category VALUES ( 5782425652 , 4 , 21 );
INSERT INTO book_author VALUES ( 5782425652 , 4 , 9 );
INSERT INTO book_author VALUES ( 5782425652 , 4 , 4 );
INSERT INTO book (isbn, school_id, title, publisher, pages, summary, lang, copies) VALUES ( 3323201377 , 1 ,"Passion's Embrace","Penguin Random House",  350 , 'summary', 'English', 2 );
INSERT INTO book_category VALUES ( 3323201377 , 1 , 22 );
INSERT INTO book_author VALUES ( 3323201377 , 1 , 10 );
INSERT INTO book_author VALUES ( 3323201377 , 1 , 3 );
INSERT INTO book (isbn, school_id, title, publisher, pages, summary, lang, copies) VALUES ( 7314199723 , 3 ,"The Journey Within","Macmillan Publishers",  329 , 'summary', 'English', 4 );
INSERT INTO book_category VALUES ( 7314199723 , 3 , 17 );
INSERT INTO book_author VALUES ( 7314199723 , 3 , 17 );
INSERT INTO book_author VALUES ( 7314199723 , 3 , 20 );
INSERT INTO book (isbn, school_id, title, publisher, pages, summary, lang, copies) VALUES ( 9367291889 , 3 ,"Verses of Serenity","Hachette Book Group",  476 , 'summary', 'English', 6 );
INSERT INTO book_category VALUES ( 9367291889 , 3 , 1 );
INSERT INTO book_author VALUES ( 9367291889 , 3 , 11 );
INSERT INTO book_author VALUES ( 9367291889 , 3 , 3 );
INSERT INTO book (isbn, school_id, title, publisher, pages, summary, lang, copies) VALUES ( 9790907362 , 4 ,"The Business Vision","Wiley",  866 , 'summary', 'English', 4 );
INSERT INTO book_category VALUES ( 9790907362 , 4 , 5 );
INSERT INTO book_author VALUES ( 9790907362 , 4 , 10 );
INSERT INTO book_author VALUES ( 9790907362 , 4 , 20 );
INSERT INTO book_author VALUES ( 9790907362 , 4 , 19 );
INSERT INTO book (isbn, school_id, title, publisher, pages, summary, lang, copies) VALUES ( 8148697411 , 4 ,"Culinary Delights","Pearson Education",  676 , 'summary', 'English', 2 );
INSERT INTO book_category VALUES ( 8148697411 , 4 , 8 );
INSERT INTO book_category VALUES ( 8148697411 , 4 , 48 );
INSERT INTO book_author VALUES ( 8148697411 , 4 , 1 );
INSERT INTO book_author VALUES ( 8148697411 , 4 , 18 );
INSERT INTO book_author VALUES ( 8148697411 , 4 , 12 );
INSERT INTO book (isbn, school_id, title, publisher, pages, summary, lang, copies) VALUES ( 6786833649 , 4 ,"Exploring the Unknown","Macmillan Publishers",  409 , 'summary', 'English', 6 );
INSERT INTO book_category VALUES ( 6786833649 , 4 , 48 );
INSERT INTO book_author VALUES ( 6786833649 , 4 , 1 );
INSERT INTO book_author VALUES ( 6786833649 , 4 , 16 );
INSERT INTO book (isbn, school_id, title, publisher, pages, summary, lang, copies) VALUES ( 9843105486 , 4 ,"Philosophical Reflections","Simon & Schuster",  469 , 'summary', 'English', 6 );
INSERT INTO book_category VALUES ( 9843105486 , 4 , 50 );
INSERT INTO book_author VALUES ( 9843105486 , 4 , 3 );
INSERT INTO book_author VALUES ( 9843105486 , 4 , 1 );
INSERT INTO book_author VALUES ( 9843105486 , 4 , 8 );
INSERT INTO book (isbn, school_id, title, publisher, pages, summary, lang, copies) VALUES ( 7113768221 , 1 ,"Tales of the Untold","Hachette Book Group",  361 , 'summary', 'English', 5 );
INSERT INTO book_category VALUES ( 7113768221 , 1 , 21 );
INSERT INTO book_author VALUES ( 7113768221 , 1 , 9 );
INSERT INTO book_author VALUES ( 7113768221 , 1 , 12 );
INSERT INTO book (isbn, school_id, title, publisher, pages, summary, lang, copies) VALUES ( 6064538370 , 1 ,"Love's Eternal Journey","Hachette Book Group",  765 , 'summary', 'English', 3 );
INSERT INTO book_category VALUES ( 6064538370 , 1 , 22 );
INSERT INTO book_author VALUES ( 6064538370 , 1 , 10 );
INSERT INTO book_author VALUES ( 6064538370 , 1 , 1 );
INSERT INTO book_author VALUES ( 6064538370 , 1 , 20 );
INSERT INTO book (isbn, school_id, title, publisher, pages, summary, lang, copies) VALUES ( 2470679337 , 4 ,"The Path to Success","Penguin Random House",  745 , 'summary', 'English', 2 );
INSERT INTO book_category VALUES ( 2470679337 , 4 , 17 );
INSERT INTO book_author VALUES ( 2470679337 , 4 , 5 );
INSERT INTO book_author VALUES ( 2470679337 , 4 , 13 );
INSERT INTO book_author VALUES ( 2470679337 , 4 , 10 );
INSERT INTO book (isbn, school_id, title, publisher, pages, summary, lang, copies) VALUES ( 1810706413 , 4 ,"Whispers of the Heart","HarperCollins",  914 , 'summary', 'English', 2 );
INSERT INTO book_category VALUES ( 1810706413 , 4 , 1 );
INSERT INTO book_author VALUES ( 1810706413 , 4 , 15 );
INSERT INTO book_author VALUES ( 1810706413 , 4 , 9 );
INSERT INTO book (isbn, school_id, title, publisher, pages, summary, lang, copies) VALUES ( 6696926419 , 1 ,"Business Strategies Revealed","Penguin Random House",  657 , 'summary', 'English', 2 );
INSERT INTO book_category VALUES ( 6696926419 , 1 , 5 );
INSERT INTO book_author VALUES ( 6696926419 , 1 , 10 );
INSERT INTO book_author VALUES ( 6696926419 , 1 , 8 );
INSERT INTO book_author VALUES ( 6696926419 , 1 , 7 );
INSERT INTO book (isbn, school_id, title, publisher, pages, summary, lang, copies) VALUES ( 7698775525 , 3 ,"The Art of Culinary Delights","Simon & Schuster",  321 , 'summary', 'English', 4 );
INSERT INTO book_category VALUES ( 7698775525 , 3 , 8 );
INSERT INTO book_author VALUES ( 7698775525 , 3 , 16 );
INSERT INTO book_author VALUES ( 7698775525 , 3 , 5 );
INSERT INTO book_author VALUES ( 7698775525 , 3 , 11 );
INSERT INTO book (isbn, school_id, title, publisher, pages, summary, lang, copies) VALUES ( 7338328768 , 1 ,"Wanderlust Wanderings","Scholastic Corporation",  335 , 'summary', 'English', 5 );
INSERT INTO book_category VALUES ( 7338328768 , 1 , 48 );
INSERT INTO book_author VALUES ( 7338328768 , 1 , 18 );
INSERT INTO book_author VALUES ( 7338328768 , 1 , 2 );
INSERT INTO book_author VALUES ( 7338328768 , 1 , 14 );
INSERT INTO book (isbn, school_id, title, publisher, pages, summary, lang, copies) VALUES ( 5938972412 , 1 ,"The Philosophy of Life","Hachette Book Group",  443 , 'summary', 'English', 3 );
INSERT INTO book_category VALUES ( 5938972412 , 1 , 50 );
INSERT INTO book_author VALUES ( 5938972412 , 1 , 8 );
INSERT INTO book (isbn, school_id, title, publisher, pages, summary, lang, copies) VALUES ( 2813792257 , 3 ,"Chronicles of the Past","Hachette Book Group",  779 , 'summary', 'English', 1 );
INSERT INTO book_category VALUES ( 2813792257 , 3 , 21 );
INSERT INTO book_author VALUES ( 2813792257 , 3 , 14 );
INSERT INTO book_author VALUES ( 2813792257 , 3 , 1 );
INSERT INTO book (isbn, school_id, title, publisher, pages, summary, lang, copies) VALUES ( 1175770259 , 4 ,"Love's Enchantment","HarperCollins",  569 , 'summary', 'English', 1 );
INSERT INTO book_category VALUES ( 1175770259 , 4 , 22 );
INSERT INTO book_author VALUES ( 1175770259 , 4 , 13 );
INSERT INTO book (isbn, school_id, title, publisher, pages, summary, lang, copies) VALUES ( 1586835494 , 2 ,"The Path to Personal Transformation","Oxford University Press",  222 , 'summary', 'English', 5 );
INSERT INTO book_category VALUES ( 1586835494 , 2 , 17 );
INSERT INTO book_author VALUES ( 1586835494 , 2 , 11 );
INSERT INTO book_author VALUES ( 1586835494 , 2 , 4 );
INSERT INTO book_author VALUES ( 1586835494 , 2 , 3 );
INSERT INTO book (isbn, school_id, title, publisher, pages, summary, lang, copies) VALUES ( 1351173333 , 4 ,"Rhymes of the Soul","Bloomsbury Publishing",  683 , 'summary', 'English', 2 );
INSERT INTO book_category VALUES ( 1351173333 , 4 , 1 );
INSERT INTO book_author VALUES ( 1351173333 , 4 , 9 );
INSERT INTO book_author VALUES ( 1351173333 , 4 , 14 );
INSERT INTO book (isbn, school_id, title, publisher, pages, summary, lang, copies) VALUES ( 2964027640 , 4 ,"The Business Mastermind","Macmillan Publishers",  794 , 'summary', 'English', 1 );
INSERT INTO book_category VALUES ( 2964027640 , 4 , 5 );
INSERT INTO book_author VALUES ( 2964027640 , 4 , 18 );
INSERT INTO book_author VALUES ( 2964027640 , 4 , 10 );
INSERT INTO book (isbn, school_id, title, publisher, pages, summary, lang, copies) VALUES ( 2955527640 , 2 ,"Fight of Flight","Macmillan Publishers",  500 , 'summary', 'English', 1 );
INSERT INTO book_category VALUES ( 2955527640 , 2 , 7 );
INSERT INTO book_author VALUES ( 2955527640 , 2 , 21 );
INSERT INTO book_author VALUES ( 2955527640 , 2 , 22 );
INSERT INTO book (isbn, school_id, title, publisher, pages, summary, lang, copies) VALUES ( 2955521140 , 1 ,"Cave Nightmares","Macmillan Publishers",  666 , 'summary', 'English', 1 );
INSERT INTO book_category VALUES ( 2955521140 , 1 , 9 );
INSERT INTO book_category VALUES ( 2955521140 , 1 , 11 );
INSERT INTO book_author VALUES ( 2955521140 , 1 , 15 );
INSERT INTO book_author VALUES ( 2955521140 , 1 , 22 );
INSERT INTO book (isbn, school_id, title, publisher, pages, summary, lang, copies) VALUES ( 2956521140 , 1 ,"Werewolf Communion","Macmillan Publishers",  837 , 'summary', 'English', 1 );
INSERT INTO book_category VALUES ( 2956521140 , 1 , 9 );
INSERT INTO book_category VALUES ( 2956521140 , 1 , 11 );
INSERT INTO book_author VALUES ( 2956521140 , 1 , 22 );
INSERT INTO book (isbn, school_id, title, publisher, pages, summary, lang, copies) VALUES ( 3355521140 , 3 ,"Blood on the Wall","Macmillan Publishers",  463 , 'summary', 'English', 1 );
INSERT INTO book_category VALUES ( 3355521140 , 3 , 11 );
INSERT INTO book_author VALUES ( 3355521140 , 3 , 11 );
INSERT INTO book_author VALUES ( 3355521140 , 3 , 21 );

-- users
INSERT INTO users (username, passwrd, user_fullname, date_of_birth, approved) VALUES ("alice01","G7tB9", "Alice Thompson", date_add(DATE '1978-03-15',interval 1 day), true);
INSERT INTO operator VALUES ((select user_id from users where username = "alice01"), 1 );
INSERT INTO users (username, passwrd, user_fullname, date_of_birth, approved) VALUES ("benjamin85","W2fE8", "Benjamin Davis", date_add(DATE '1969-07-28',interval 1 day), true);
INSERT INTO operator VALUES ((select user_id from users where username = "benjamin85"), 2 );
INSERT INTO users (username, passwrd, user_fullname, date_of_birth, approved) VALUES ("sophia72","R5dJ6", "Sophia Wilson", date_add(DATE '1982-12-05',interval 1 day), true);
INSERT INTO operator VALUES ((select user_id from users where username = "sophia72"), 3 );
INSERT INTO users (username, passwrd, user_fullname, date_of_birth, approved) VALUES ("ethan92","K3pC4", "Ethan Anderson", date_add(DATE '1976-09-19',interval 1 day), true);
INSERT INTO operator VALUES ((select user_id from users where username = "ethan92"), 4 );
INSERT INTO users (username, passwrd, user_fullname, date_of_birth, approved) VALUES ("emma01","F4yP7", "Emma Martinez", date_add(DATE '2001-02-12',interval 1 day), true);
INSERT INTO student VALUES ( 6 , 4 );
INSERT INTO users (username, passwrd, user_fullname, date_of_birth, approved) VALUES ("liam05","X8jN5", "Liam Garcia", date_add(DATE '2005-09-03',interval 1 day), true);
INSERT INTO student VALUES ( 7 , 4 );
INSERT INTO users (username, passwrd, user_fullname, date_of_birth, approved) VALUES ("olivia03","D6rM4", "Olivia Robinson", date_add(DATE '2003-06-19',interval 1 day), true);
INSERT INTO student VALUES ( 8 , 3 );
INSERT INTO users (username, passwrd, user_fullname, date_of_birth, approved) VALUES ("noah02","Z9kQ1", "Noah Lee", date_add(DATE '2002-04-27',interval 1 day), true);
INSERT INTO student VALUES ( 9 , 4 );
INSERT INTO users (username, passwrd, user_fullname, date_of_birth, approved) VALUES ("ava06","T5hS9", "Ava Perez", date_add(DATE '2006-07-08',interval 1 day), true);
INSERT INTO student VALUES ( 10 , 2 );
INSERT INTO users (username, passwrd, user_fullname, date_of_birth, approved) VALUES ("isabella04","A2gV7", "Isabella Jackson", date_add(DATE '2004-11-21',interval 1 day), true);
INSERT INTO student VALUES ( 11 , 1 );
INSERT INTO users (username, passwrd, user_fullname, date_of_birth, approved) VALUES ("sophia07","H6bR1", "Sophia Phillips", date_add(DATE '2007-03-30',interval 1 day), true);
INSERT INTO student VALUES ( 12 , 2 );
INSERT INTO users (username, passwrd, user_fullname, date_of_birth, approved) VALUES ("mia08","U9sW0", "Mia Torres", date_add(DATE '2008-06-14',interval 1 day), true);
INSERT INTO student VALUES ( 13 , 2 );
INSERT INTO users (username, passwrd, user_fullname, date_of_birth, approved) VALUES ("charlotte01","E3tK6", "Charlotte Davis", date_add(DATE '2001-08-02',interval 1 day), true);
INSERT INTO student VALUES ( 14 , 3 );
INSERT INTO users (username, passwrd, user_fullname, date_of_birth, approved) VALUES ("amelia09","P4xZ2", "Amelia Sanchez", date_add(DATE '2009-01-11',interval 1 day), true);
INSERT INTO student VALUES ( 15 , 1 );
INSERT INTO users (username, passwrd, user_fullname, date_of_birth, approved) VALUES ("harper03","B7vD9", "Harper Brown", date_add(DATE '2003-12-26',interval 1 day), true);
INSERT INTO student VALUES ( 16 , 1 );
INSERT INTO users (username, passwrd, user_fullname, date_of_birth, approved) VALUES ("evelyn07","O1lQ4", "Evelyn Scott", date_add(DATE '2007-10-17',interval 1 day), true);
INSERT INTO student VALUES ( 17 , 2 );
INSERT INTO users (username, passwrd, user_fullname, date_of_birth, approved) VALUES ("abigail02","I9aY7", "Abigail Green", date_add(DATE '2002-09-07',interval 1 day), true);
INSERT INTO student VALUES ( 18 , 3 );
INSERT INTO users (username, passwrd, user_fullname, date_of_birth, approved) VALUES ("emily05","C2nX6", "Emily Adams", date_add(DATE '2005-05-02',interval 1 day), true);
INSERT INTO student VALUES ( 19 , 3 );
INSERT INTO users (username, passwrd, user_fullname, date_of_birth, approved) VALUES ("elizabeth04","S7mZ8", "Elizabeth Baker", date_add(DATE '2004-03-18',interval 1 day), true);
INSERT INTO student VALUES ( 20 , 2 );
INSERT INTO users (username, passwrd, user_fullname, date_of_birth, approved) VALUES ("sofia09","J3eR1", "Sofia Nelson", date_add(DATE '2009-09-22',interval 1 day), true);
INSERT INTO student VALUES ( 21 , 1 );
INSERT INTO users (username, passwrd, user_fullname, date_of_birth, approved) VALUES ("avery08","M1pT6", "Avery Hill", date_add(DATE '2008-08-07',interval 1 day), true);
INSERT INTO student VALUES ( 22 , 1 );
INSERT INTO users (username, passwrd, user_fullname, date_of_birth, approved) VALUES ("ella06","Y8bK4", "Ella Ramirez", date_add(DATE '2006-11-30',interval 1 day), true);
INSERT INTO student VALUES ( 23 , 4 );
INSERT INTO users (username, passwrd, user_fullname, date_of_birth, approved) VALUES ("scarlett01","G2fW3", "Scarlett Campbell", date_add(DATE '2001-12-10',interval 1 day), true);
INSERT INTO student VALUES ( 24 , 1 );
INSERT INTO users (username, passwrd, user_fullname, date_of_birth, approved) VALUES ("grace03","X5jV6", "Grace Mitchell", date_add(DATE '2003-02-23',interval 1 day), true);
INSERT INTO student VALUES ( 25 , 3 );
INSERT INTO users (username, passwrd, user_fullname, date_of_birth, approved) VALUES ("victoria07","D4rL9", "Victoria Turner", date_add(DATE '2007-07-14',interval 1 day), true);
INSERT INTO student VALUES ( 26 , 3 );
INSERT INTO users (username, passwrd, user_fullname, date_of_birth, approved) VALUES ("william74","R9sH4", "William Johnson", date_add(DATE '1974-06-28',interval 1 day), true);
INSERT INTO professor VALUES ( 27 , 2 );
INSERT INTO users (username, passwrd, user_fullname, date_of_birth, approved) VALUES ("james69","E2kP5", "James Wilson", date_add(DATE '1969-09-10',interval 1 day), true);
INSERT INTO professor VALUES ( 28 , 1 );
INSERT INTO users (username, passwrd, user_fullname, date_of_birth, approved) VALUES ("oliver78","Q4wY6", "Oliver Thompson", date_add(DATE '1978-05-03',interval 1 day), true);
INSERT INTO professor VALUES ( 29 , 4 );
INSERT INTO users (username, passwrd, user_fullname, date_of_birth, approved) VALUES ("sophia82","F6uR5", "Sophia Garcia", date_add(DATE '1982-08-19',interval 1 day), true);
INSERT INTO professor VALUES ( 30 , 2 );
INSERT INTO users (username, passwrd, user_fullname, date_of_birth, approved) VALUES ("charlotte76","T9gM7", "Charlotte Davis", date_add(DATE '1976-07-21',interval 1 day), true);
INSERT INTO professor VALUES ( 31 , 1 );
INSERT INTO users (username, passwrd, user_fullname, date_of_birth, approved) VALUES ("amelia71","Z2xN4", "Amelia Mitchell", date_add(DATE '1971-11-06',interval 1 day), true);
INSERT INTO professor VALUES ( 32 , 4 );
INSERT INTO users (username, passwrd, user_fullname, date_of_birth, approved) VALUES ("evelyn79","O5rK2", "Evelyn Clark", date_add(DATE '1979-04-14',interval 1 day), true);
INSERT INTO professor VALUES ( 33 , 3 );
INSERT INTO users (username, passwrd, user_fullname, date_of_birth, approved) VALUES ("mia85","I8jA9", "Mia Adams", date_add(DATE '1985-02-28',interval 1 day), true);
INSERT INTO professor VALUES ( 34 , 1 );
INSERT INTO users (username, passwrd, user_fullname, date_of_birth, approved) VALUES ("grace72","V3bL6", "Grace Turner", date_add(DATE '1972-09-03',interval 1 day), true);
INSERT INTO professor VALUES ( 35 , 2 );
INSERT INTO users (username, passwrd, user_fullname, date_of_birth, approved) VALUES ("victoria77","D9fX7", "Victoria Green", date_add(DATE '1977-04-17',interval 1 day), true);
INSERT INTO professor VALUES ( 36 , 3 );
INSERT INTO users (username, passwrd, user_fullname, date_of_birth, approved) VALUES ("benjamin73","W6vC4", "Benjamin Hill", date_add(DATE '1973-12-11',interval 1 day), true);
INSERT INTO professor VALUES ( 37 , 2 );
INSERT INTO users (username, passwrd, user_fullname, date_of_birth, approved) VALUES ("liam75","R4wM9", "Liam Baker", date_add(DATE '1975-11-30',interval 1 day), true);
INSERT INTO professor VALUES ( 38 , 2 );
INSERT INTO users (username, passwrd, user_fullname, date_of_birth, approved) VALUES ("noah81","I6sH2", "Noah Scott", date_add(DATE '1981-10-05',interval 1 day), true);
INSERT INTO professor VALUES ( 39 , 4 );
INSERT INTO users (username, passwrd, user_fullname, date_of_birth, approved) VALUES ("sophia78","T3vR6", "Sophia Phillips", date_add(DATE '1978-03-18',interval 1 day), true);
INSERT INTO professor VALUES ( 40 , 3 );
INSERT INTO users (username, passwrd, user_fullname, date_of_birth, approved) VALUES ("ava83","A2gV7", "Ava Nelson", date_add(DATE '1983-09-26',interval 1 day), true);
INSERT INTO professor VALUES ( 41 , 1 );

-- reviews
INSERT INTO review (user_id, isbn, school_id, likert, description, approved) VALUES ( 11 , 9169174194 , 1 , 1 ,'Awful',true);
INSERT INTO review (user_id, isbn, school_id, likert, description, approved) VALUES ( 11 , 7055186186 , 1 , 2 ,'Boring',true);
INSERT INTO review (user_id, isbn, school_id, likert, description, approved) VALUES ( 11 , 9727631158 , 1 , 2 ,'Boring',true);
INSERT INTO review (user_id, isbn, school_id, likert, description, approved) VALUES ( 11 , 2962446715 , 1 , 1 ,'Awful',true);
INSERT INTO review (user_id, isbn, school_id, likert, description, approved) VALUES ( 11 , 8897131646 , 1 , 5 ,'Excellent',true);
INSERT INTO review (user_id, isbn, school_id, likert, description, approved) VALUES ( 11 , 9136206359 , 1 , 3 ,'Okay',true);
INSERT INTO review (user_id, isbn, school_id, likert, description, approved) VALUES ( 11 , 6128514500 , 1 , 1 ,'Awful',true);
INSERT INTO review (user_id, isbn, school_id, likert, description, approved) VALUES ( 11 , 6532824087 , 1 , 4 ,'Good',true);
INSERT INTO review (user_id, isbn, school_id, likert, description, approved) VALUES ( 11 , 3219173647 , 1 , 4 ,'Good',true);
INSERT INTO review (user_id, isbn, school_id, likert, description, approved) VALUES ( 11 , 8578322962 , 1 , 2 ,'Boring',true);
INSERT INTO review (user_id, isbn, school_id, likert, description, approved) VALUES ( 11 , 3323201377 , 1 , 1 ,'Awful',true);
INSERT INTO review (user_id, isbn, school_id, likert, description, approved) VALUES ( 11 , 7113768221 , 1 , 3 ,'Okay',true);
INSERT INTO review (user_id, isbn, school_id, likert, description, approved) VALUES ( 11 , 6064538370 , 1 , 5 ,'Excellent',true);
INSERT INTO review (user_id, isbn, school_id, likert, description, approved) VALUES ( 11 , 6696926419 , 1 , 3 ,'Okay',true);
INSERT INTO review (user_id, isbn, school_id, likert, description, approved) VALUES ( 11 , 7338328768 , 1 , 2 ,'Boring',true);
INSERT INTO review (user_id, isbn, school_id, likert, description, approved) VALUES ( 15 , 9169174194 , 1 , 1 ,'Awful',true);
INSERT INTO review (user_id, isbn, school_id, likert, description, approved) VALUES ( 15 , 2027669123 , 1 , 3 ,'Okay',true);
INSERT INTO review (user_id, isbn, school_id, likert, description, approved) VALUES ( 15 , 7055186186 , 1 , 4 ,'Good',true);
INSERT INTO review (user_id, isbn, school_id, likert, description, approved) VALUES ( 15 , 8544286555 , 1 , 3 ,'Okay',true);
INSERT INTO review (user_id, isbn, school_id, likert, description, approved) VALUES ( 15 , 4651225293 , 1 , 2 ,'Boring',true);
INSERT INTO review (user_id, isbn, school_id, likert, description, approved) VALUES ( 15 , 9659913635 , 1 , 3 ,'Okay',true);
INSERT INTO review (user_id, isbn, school_id, likert, description, approved) VALUES ( 15 , 9727631158 , 1 , 1 ,'Awful',true);
INSERT INTO review (user_id, isbn, school_id, likert, description, approved) VALUES ( 15 , 2981051886 , 1 , 5 ,'Excellent',true);
INSERT INTO review (user_id, isbn, school_id, likert, description, approved) VALUES ( 15 , 8897131646 , 1 , 2 ,'Boring',true);
INSERT INTO review (user_id, isbn, school_id, likert, description, approved) VALUES ( 15 , 6532824087 , 1 , 3 ,'Okay',true);
INSERT INTO review (user_id, isbn, school_id, likert, description, approved) VALUES ( 15 , 5366155140 , 1 , 3 ,'Okay',true);
INSERT INTO review (user_id, isbn, school_id, likert, description, approved) VALUES ( 15 , 3219173647 , 1 , 5 ,'Excellent',true);
INSERT INTO review (user_id, isbn, school_id, likert, description, approved) VALUES ( 15 , 7533903794 , 1 , 3 ,'Okay',true);
INSERT INTO review (user_id, isbn, school_id, likert, description, approved) VALUES ( 15 , 2494742034 , 1 , 4 ,'Good',true);
INSERT INTO review (user_id, isbn, school_id, likert, description, approved) VALUES ( 15 , 1080254233 , 1 , 2 ,'Boring',true);
INSERT INTO review (user_id, isbn, school_id, likert, description, approved) VALUES ( 15 , 7113768221 , 1 , 1 ,'Awful',true);
INSERT INTO review (user_id, isbn, school_id, likert, description, approved) VALUES ( 15 , 6064538370 , 1 , 4 ,'Good',true);
INSERT INTO review (user_id, isbn, school_id, likert, description, approved) VALUES ( 15 , 7338328768 , 1 , 4 ,'Good',true);
INSERT INTO review (user_id, isbn, school_id, likert, description, approved) VALUES ( 15 , 5938972412 , 1 , 5 ,'Excellent',true);
INSERT INTO review (user_id, isbn, school_id, likert, description, approved) VALUES ( 16 , 9169174194 , 1 , 5 ,'Excellent',true);
INSERT INTO review (user_id, isbn, school_id, likert, description, approved) VALUES ( 16 , 8544286555 , 1 , 2 ,'Boring',true);
INSERT INTO review (user_id, isbn, school_id, likert, description, approved) VALUES ( 16 , 4651225293 , 1 , 2 ,'Boring',true);
INSERT INTO review (user_id, isbn, school_id, likert, description, approved) VALUES ( 16 , 7559846542 , 1 , 2 ,'Boring',true);
INSERT INTO review (user_id, isbn, school_id, likert, description, approved) VALUES ( 16 , 6387971125 , 1 , 3 ,'Okay',true);
INSERT INTO review (user_id, isbn, school_id, likert, description, approved) VALUES ( 16 , 9727631158 , 1 , 2 ,'Boring',true);
INSERT INTO review (user_id, isbn, school_id, likert, description, approved) VALUES ( 16 , 2981051886 , 1 , 3 ,'Okay',true);
INSERT INTO review (user_id, isbn, school_id, likert, description, approved) VALUES ( 16 , 8578322962 , 1 , 1 ,'Awful',true);
INSERT INTO review (user_id, isbn, school_id, likert, description, approved) VALUES ( 16 , 1080254233 , 1 , 1 ,'Awful',true);
INSERT INTO review (user_id, isbn, school_id, likert, description, approved) VALUES ( 16 , 6064538370 , 1 , 1 ,'Awful',true);
INSERT INTO review (user_id, isbn, school_id, likert, description, approved) VALUES ( 16 , 5938972412 , 1 , 4 ,'Good',true);
INSERT INTO review (user_id, isbn, school_id, likert, description, approved) VALUES ( 21 , 2027669123 , 1 , 1 ,'Awful',true);
INSERT INTO review (user_id, isbn, school_id, likert, description, approved) VALUES ( 21 , 7055186186 , 1 , 5 ,'Excellent',true);
INSERT INTO review (user_id, isbn, school_id, likert, description, approved) VALUES ( 21 , 4651225293 , 1 , 1 ,'Awful',true);
INSERT INTO review (user_id, isbn, school_id, likert, description, approved) VALUES ( 21 , 7559846542 , 1 , 5 ,'Excellent',true);
INSERT INTO review (user_id, isbn, school_id, likert, description, approved) VALUES ( 21 , 6387971125 , 1 , 2 ,'Boring',true);
INSERT INTO review (user_id, isbn, school_id, likert, description, approved) VALUES ( 21 , 9659913635 , 1 , 3 ,'Okay',true);
INSERT INTO review (user_id, isbn, school_id, likert, description, approved) VALUES ( 21 , 2962446715 , 1 , 1 ,'Awful',true);
INSERT INTO review (user_id, isbn, school_id, likert, description, approved) VALUES ( 21 , 8897131646 , 1 , 4 ,'Good',true);
INSERT INTO review (user_id, isbn, school_id, likert, description, approved) VALUES ( 21 , 9136206359 , 1 , 1 ,'Awful',true);
INSERT INTO review (user_id, isbn, school_id, likert, description, approved) VALUES ( 21 , 6532824087 , 1 , 4 ,'Good',true);
INSERT INTO review (user_id, isbn, school_id, likert, description, approved) VALUES ( 21 , 3219173647 , 1 , 4 ,'Good',true);
INSERT INTO review (user_id, isbn, school_id, likert, description, approved) VALUES ( 21 , 7533903794 , 1 , 3 ,'Okay',true);
INSERT INTO review (user_id, isbn, school_id, likert, description, approved) VALUES ( 21 , 3323201377 , 1 , 1 ,'Awful',true);
INSERT INTO review (user_id, isbn, school_id, likert, description, approved) VALUES ( 21 , 7338328768 , 1 , 2 ,'Boring',true);
INSERT INTO review (user_id, isbn, school_id, likert, description, approved) VALUES ( 21 , 5938972412 , 1 , 3 ,'Okay',true);
INSERT INTO review (user_id, isbn, school_id, likert, description, approved) VALUES ( 22 , 2027669123 , 1 , 4 ,'Good',true);
INSERT INTO review (user_id, isbn, school_id, likert, description, approved) VALUES ( 22 , 7055186186 , 1 , 1 ,'Awful',true);
INSERT INTO review (user_id, isbn, school_id, likert, description, approved) VALUES ( 22 , 7559846542 , 1 , 5 ,'Excellent',true);
INSERT INTO review (user_id, isbn, school_id, likert, description, approved) VALUES ( 22 , 9727631158 , 1 , 5 ,'Excellent',true);
INSERT INTO review (user_id, isbn, school_id, likert, description, approved) VALUES ( 22 , 2962446715 , 1 , 3 ,'Okay',true);
INSERT INTO review (user_id, isbn, school_id, likert, description, approved) VALUES ( 22 , 2981051886 , 1 , 5 ,'Excellent',true);
INSERT INTO review (user_id, isbn, school_id, likert, description, approved) VALUES ( 22 , 3219173647 , 1 , 2 ,'Boring',true);
INSERT INTO review (user_id, isbn, school_id, likert, description, approved) VALUES ( 22 , 2494742034 , 1 , 1 ,'Awful',true);
INSERT INTO review (user_id, isbn, school_id, likert, description, approved) VALUES ( 22 , 1080254233 , 1 , 1 ,'Awful',true);
INSERT INTO review (user_id, isbn, school_id, likert, description, approved) VALUES ( 22 , 3323201377 , 1 , 4 ,'Good',true);
INSERT INTO review (user_id, isbn, school_id, likert, description, approved) VALUES ( 22 , 7338328768 , 1 , 5 ,'Excellent',true);
INSERT INTO review (user_id, isbn, school_id, likert, description, approved) VALUES ( 24 , 9169174194 , 1 , 4 ,'Good',true);
INSERT INTO review (user_id, isbn, school_id, likert, description, approved) VALUES ( 24 , 2027669123 , 1 , 2 ,'Boring',true);
INSERT INTO review (user_id, isbn, school_id, likert, description, approved) VALUES ( 24 , 6387971125 , 1 , 2 ,'Boring',true);
INSERT INTO review (user_id, isbn, school_id, likert, description, approved) VALUES ( 24 , 9659913635 , 1 , 2 ,'Boring',true);
INSERT INTO review (user_id, isbn, school_id, likert, description, approved) VALUES ( 24 , 2962446715 , 1 , 5 ,'Excellent',true);
INSERT INTO review (user_id, isbn, school_id, likert, description, approved) VALUES ( 24 , 2981051886 , 1 , 1 ,'Awful',true);
INSERT INTO review (user_id, isbn, school_id, likert, description, approved) VALUES ( 24 , 9136206359 , 1 , 3 ,'Okay',true);
INSERT INTO review (user_id, isbn, school_id, likert, description, approved) VALUES ( 24 , 6128514500 , 1 , 5 ,'Excellent',true);
INSERT INTO review (user_id, isbn, school_id, likert, description, approved) VALUES ( 24 , 5366155140 , 1 , 1 ,'Awful',true);
INSERT INTO review (user_id, isbn, school_id, likert, description, approved) VALUES ( 24 , 7533903794 , 1 , 1 ,'Awful',true);
INSERT INTO review (user_id, isbn, school_id, likert, description, approved) VALUES ( 24 , 2494742034 , 1 , 4 ,'Good',true);
INSERT INTO review (user_id, isbn, school_id, likert, description, approved) VALUES ( 24 , 8578322962 , 1 , 2 ,'Boring',true);
INSERT INTO review (user_id, isbn, school_id, likert, description, approved) VALUES ( 24 , 3323201377 , 1 , 2 ,'Boring',true);
INSERT INTO review (user_id, isbn, school_id, likert, description, approved) VALUES ( 24 , 7113768221 , 1 , 4 ,'Good',true);
INSERT INTO review (user_id, isbn, school_id, likert, description, approved) VALUES ( 24 , 6696926419 , 1 , 1 ,'Awful',true);
INSERT INTO review (user_id, isbn, school_id, likert, description, approved) VALUES ( 24 , 5938972412 , 1 , 5 ,'Excellent',true);
INSERT INTO review (user_id, isbn, school_id, likert, description, approved) VALUES ( 28 , 2027669123 , 1 , 5 ,'Excellent',true);
INSERT INTO review (user_id, isbn, school_id, likert, description, approved) VALUES ( 28 , 7055186186 , 1 , 5 ,'Excellent',true);
INSERT INTO review (user_id, isbn, school_id, likert, description, approved) VALUES ( 28 , 4651225293 , 1 , 4 ,'Good',true);
INSERT INTO review (user_id, isbn, school_id, likert, description, approved) VALUES ( 28 , 6387971125 , 1 , 1 ,'Awful',true);
INSERT INTO review (user_id, isbn, school_id, likert, description, approved) VALUES ( 28 , 9659913635 , 1 , 3 ,'Okay',true);
INSERT INTO review (user_id, isbn, school_id, likert, description, approved) VALUES ( 28 , 9136206359 , 1 , 2 ,'Boring',true);
INSERT INTO review (user_id, isbn, school_id, likert, description, approved) VALUES ( 28 , 6532824087 , 1 , 3 ,'Okay',true);
INSERT INTO review (user_id, isbn, school_id, likert, description, approved) VALUES ( 28 , 5366155140 , 1 , 4 ,'Good',true);
INSERT INTO review (user_id, isbn, school_id, likert, description, approved) VALUES ( 28 , 7533903794 , 1 , 2 ,'Boring',true);
INSERT INTO review (user_id, isbn, school_id, likert, description, approved) VALUES ( 28 , 2494742034 , 1 , 1 ,'Awful',true);
INSERT INTO review (user_id, isbn, school_id, likert, description, approved) VALUES ( 28 , 8578322962 , 1 , 2 ,'Boring',true);
INSERT INTO review (user_id, isbn, school_id, likert, description, approved) VALUES ( 28 , 1080254233 , 1 , 3 ,'Okay',true);
INSERT INTO review (user_id, isbn, school_id, likert, description, approved) VALUES ( 28 , 3323201377 , 1 , 5 ,'Excellent',true);
INSERT INTO review (user_id, isbn, school_id, likert, description, approved) VALUES ( 28 , 7113768221 , 1 , 2 ,'Boring',true);
INSERT INTO review (user_id, isbn, school_id, likert, description, approved) VALUES ( 28 , 6696926419 , 1 , 5 ,'Excellent',true);
INSERT INTO review (user_id, isbn, school_id, likert, description, approved) VALUES ( 28 , 7338328768 , 1 , 1 ,'Awful',true);
INSERT INTO review (user_id, isbn, school_id, likert, description, approved) VALUES ( 28 , 5938972412 , 1 , 2 ,'Boring',true);
INSERT INTO review (user_id, isbn, school_id, likert, description, approved) VALUES ( 31 , 9169174194 , 1 , 3 ,'Okay',true);
INSERT INTO review (user_id, isbn, school_id, likert, description, approved) VALUES ( 31 , 2027669123 , 1 , 3 ,'Okay',true);
INSERT INTO review (user_id, isbn, school_id, likert, description, approved) VALUES ( 31 , 4651225293 , 1 , 3 ,'Okay',true);
INSERT INTO review (user_id, isbn, school_id, likert, description, approved) VALUES ( 31 , 7559846542 , 1 , 3 ,'Okay',true);
INSERT INTO review (user_id, isbn, school_id, likert, description, approved) VALUES ( 31 , 6387971125 , 1 , 5 ,'Excellent',true);
INSERT INTO review (user_id, isbn, school_id, likert, description, approved) VALUES ( 31 , 9659913635 , 1 , 5 ,'Excellent',true);
INSERT INTO review (user_id, isbn, school_id, likert, description, approved) VALUES ( 31 , 9727631158 , 1 , 3 ,'Okay',true);
INSERT INTO review (user_id, isbn, school_id, likert, description, approved) VALUES ( 31 , 2962446715 , 1 , 5 ,'Excellent',true);
INSERT INTO review (user_id, isbn, school_id, likert, description, approved) VALUES ( 31 , 9136206359 , 1 , 4 ,'Good',true);
INSERT INTO review (user_id, isbn, school_id, likert, description, approved) VALUES ( 31 , 6128514500 , 1 , 3 ,'Okay',true);
INSERT INTO review (user_id, isbn, school_id, likert, description, approved) VALUES ( 31 , 3219173647 , 1 , 1 ,'Awful',true);
INSERT INTO review (user_id, isbn, school_id, likert, description, approved) VALUES ( 31 , 8578322962 , 1 , 3 ,'Okay',true);
INSERT INTO review (user_id, isbn, school_id, likert, description, approved) VALUES ( 31 , 1080254233 , 1 , 3 ,'Okay',true);
INSERT INTO review (user_id, isbn, school_id, likert, description, approved) VALUES ( 31 , 3323201377 , 1 , 1 ,'Awful',true);
INSERT INTO review (user_id, isbn, school_id, likert, description, approved) VALUES ( 31 , 7338328768 , 1 , 4 ,'Good',true);
INSERT INTO review (user_id, isbn, school_id, likert, description, approved) VALUES ( 34 , 9169174194 , 1 , 1 ,'Awful',true);
INSERT INTO review (user_id, isbn, school_id, likert, description, approved) VALUES ( 34 , 4651225293 , 1 , 3 ,'Okay',true);
INSERT INTO review (user_id, isbn, school_id, likert, description, approved) VALUES ( 34 , 6387971125 , 1 , 3 ,'Okay',true);
INSERT INTO review (user_id, isbn, school_id, likert, description, approved) VALUES ( 34 , 9727631158 , 1 , 2 ,'Boring',true);
INSERT INTO review (user_id, isbn, school_id, likert, description, approved) VALUES ( 34 , 2981051886 , 1 , 1 ,'Awful',true);
INSERT INTO review (user_id, isbn, school_id, likert, description, approved) VALUES ( 34 , 8897131646 , 1 , 5 ,'Excellent',true);
INSERT INTO review (user_id, isbn, school_id, likert, description, approved) VALUES ( 34 , 6532824087 , 1 , 3 ,'Okay',true);
INSERT INTO review (user_id, isbn, school_id, likert, description, approved) VALUES ( 34 , 2494742034 , 1 , 4 ,'Good',true);
INSERT INTO review (user_id, isbn, school_id, likert, description, approved) VALUES ( 34 , 3323201377 , 1 , 2 ,'Boring',true);
INSERT INTO review (user_id, isbn, school_id, likert, description, approved) VALUES ( 34 , 7113768221 , 1 , 2 ,'Boring',true);
INSERT INTO review (user_id, isbn, school_id, likert, description, approved) VALUES ( 34 , 6064538370 , 1 , 5 ,'Excellent',true);
INSERT INTO review (user_id, isbn, school_id, likert, description, approved) VALUES ( 34 , 6696926419 , 1 , 2 ,'Boring',true);
INSERT INTO review (user_id, isbn, school_id, likert, description, approved) VALUES ( 41 , 9169174194 , 1 , 1 ,'Awful',true);
INSERT INTO review (user_id, isbn, school_id, likert, description, approved) VALUES ( 41 , 4651225293 , 1 , 2 ,'Boring',true);
INSERT INTO review (user_id, isbn, school_id, likert, description, approved) VALUES ( 41 , 9727631158 , 1 , 1 ,'Awful',true);
INSERT INTO review (user_id, isbn, school_id, likert, description, approved) VALUES ( 41 , 9136206359 , 1 , 3 ,'Okay',true);
INSERT INTO review (user_id, isbn, school_id, likert, description, approved) VALUES ( 41 , 5366155140 , 1 , 5 ,'Excellent',true);
INSERT INTO review (user_id, isbn, school_id, likert, description, approved) VALUES ( 41 , 3219173647 , 1 , 1 ,'Awful',true);
INSERT INTO review (user_id, isbn, school_id, likert, description, approved) VALUES ( 41 , 7533903794 , 1 , 1 ,'Awful',true);
INSERT INTO review (user_id, isbn, school_id, likert, description, approved) VALUES ( 41 , 8578322962 , 1 , 2 ,'Boring',true);
INSERT INTO review (user_id, isbn, school_id, likert, description, approved) VALUES ( 41 , 1080254233 , 1 , 5 ,'Excellent',true);
INSERT INTO review (user_id, isbn, school_id, likert, description, approved) VALUES ( 41 , 3323201377 , 1 , 2 ,'Boring',true);
INSERT INTO review (user_id, isbn, school_id, likert, description, approved) VALUES ( 41 , 6696926419 , 1 , 2 ,'Boring',true);
INSERT INTO review (user_id, isbn, school_id, likert, description, approved) VALUES ( 41 , 7338328768 , 1 , 2 ,'Boring',true);
INSERT INTO review (user_id, isbn, school_id, likert, description, approved) VALUES ( 41 , 5938972412 , 1 , 5 ,'Excellent',true);
INSERT INTO review (user_id, isbn, school_id, likert, description, approved) VALUES ( 10 , 7689479498 , 2 , 3 ,'Okay',true);
INSERT INTO review (user_id, isbn, school_id, likert, description, approved) VALUES ( 10 , 5590569382 , 2 , 5 ,'Excellent',true);
INSERT INTO review (user_id, isbn, school_id, likert, description, approved) VALUES ( 10 , 7897583532 , 2 , 1 ,'Awful',true);
INSERT INTO review (user_id, isbn, school_id, likert, description, approved) VALUES ( 10 , 1185309534 , 2 , 2 ,'Boring',true);
INSERT INTO review (user_id, isbn, school_id, likert, description, approved) VALUES ( 10 , 5809232954 , 2 , 3 ,'Okay',true);
INSERT INTO review (user_id, isbn, school_id, likert, description, approved) VALUES ( 10 , 4637928991 , 2 , 2 ,'Boring',true);
INSERT INTO review (user_id, isbn, school_id, likert, description, approved) VALUES ( 10 , 6784356311 , 2 , 5 ,'Excellent',true);
INSERT INTO review (user_id, isbn, school_id, likert, description, approved) VALUES ( 10 , 3279719968 , 2 , 3 ,'Okay',true);
INSERT INTO review (user_id, isbn, school_id, likert, description, approved) VALUES ( 10 , 2669603395 , 2 , 3 ,'Okay',true);
INSERT INTO review (user_id, isbn, school_id, likert, description, approved) VALUES ( 10 , 7573906061 , 2 , 3 ,'Okay',true);
INSERT INTO review (user_id, isbn, school_id, likert, description, approved) VALUES ( 10 , 7352543988 , 2 , 3 ,'Okay',true);
INSERT INTO review (user_id, isbn, school_id, likert, description, approved) VALUES ( 10 , 6715307651 , 2 , 1 ,'Awful',true);
INSERT INTO review (user_id, isbn, school_id, likert, description, approved) VALUES ( 10 , 7153700158 , 2 , 4 ,'Good',true);
INSERT INTO review (user_id, isbn, school_id, likert, description, approved) VALUES ( 10 , 8630741602 , 2 , 1 ,'Awful',true);
INSERT INTO review (user_id, isbn, school_id, likert, description, approved) VALUES ( 10 , 8720893083 , 2 , 3 ,'Okay',true);
INSERT INTO review (user_id, isbn, school_id, likert, description, approved) VALUES ( 10 , 1586835494 , 2 , 4 ,'Good',true);
INSERT INTO review (user_id, isbn, school_id, likert, description, approved) VALUES ( 12 , 5753796566 , 2 , 2 ,'Boring',true);
INSERT INTO review (user_id, isbn, school_id, likert, description, approved) VALUES ( 12 , 8967904003 , 2 , 5 ,'Excellent',true);
INSERT INTO review (user_id, isbn, school_id, likert, description, approved) VALUES ( 12 , 5582964602 , 2 , 3 ,'Okay',true);
INSERT INTO review (user_id, isbn, school_id, likert, description, approved) VALUES ( 12 , 5809232954 , 2 , 5 ,'Excellent',true);
INSERT INTO review (user_id, isbn, school_id, likert, description, approved) VALUES ( 12 , 6784356311 , 2 , 2 ,'Boring',true);
INSERT INTO review (user_id, isbn, school_id, likert, description, approved) VALUES ( 12 , 9638908851 , 2 , 1 ,'Awful',true);
INSERT INTO review (user_id, isbn, school_id, likert, description, approved) VALUES ( 12 , 2669603395 , 2 , 4 ,'Good',true);
INSERT INTO review (user_id, isbn, school_id, likert, description, approved) VALUES ( 12 , 9097481924 , 2 , 1 ,'Awful',true);
INSERT INTO review (user_id, isbn, school_id, likert, description, approved) VALUES ( 12 , 7352543988 , 2 , 5 ,'Excellent',true);
INSERT INTO review (user_id, isbn, school_id, likert, description, approved) VALUES ( 12 , 2797281145 , 2 , 4 ,'Good',true);
INSERT INTO review (user_id, isbn, school_id, likert, description, approved) VALUES ( 12 , 7153700158 , 2 , 3 ,'Okay',true);
INSERT INTO review (user_id, isbn, school_id, likert, description, approved) VALUES ( 12 , 5567515590 , 2 , 2 ,'Boring',true);
INSERT INTO review (user_id, isbn, school_id, likert, description, approved) VALUES ( 12 , 8630741602 , 2 , 4 ,'Good',true);
INSERT INTO review (user_id, isbn, school_id, likert, description, approved) VALUES ( 12 , 8720893083 , 2 , 2 ,'Boring',true);
INSERT INTO review (user_id, isbn, school_id, likert, description, approved) VALUES ( 13 , 7689479498 , 2 , 3 ,'Okay',true);
INSERT INTO review (user_id, isbn, school_id, likert, description, approved) VALUES ( 13 , 5548916630 , 2 , 3 ,'Okay',true);
INSERT INTO review (user_id, isbn, school_id, likert, description, approved) VALUES ( 13 , 8967904003 , 2 , 2 ,'Boring',true);
INSERT INTO review (user_id, isbn, school_id, likert, description, approved) VALUES ( 13 , 5590569382 , 2 , 3 ,'Okay',true);
INSERT INTO review (user_id, isbn, school_id, likert, description, approved) VALUES ( 13 , 7000737466 , 2 , 5 ,'Excellent',true);
INSERT INTO review (user_id, isbn, school_id, likert, description, approved) VALUES ( 13 , 5809232954 , 2 , 1 ,'Awful',true);
INSERT INTO review (user_id, isbn, school_id, likert, description, approved) VALUES ( 13 , 6784356311 , 2 , 2 ,'Boring',true);
INSERT INTO review (user_id, isbn, school_id, likert, description, approved) VALUES ( 13 , 9638908851 , 2 , 1 ,'Awful',true);
INSERT INTO review (user_id, isbn, school_id, likert, description, approved) VALUES ( 13 , 2933169509 , 2 , 4 ,'Good',true);
INSERT INTO review (user_id, isbn, school_id, likert, description, approved) VALUES ( 13 , 1309593749 , 2 , 3 ,'Okay',true);
INSERT INTO review (user_id, isbn, school_id, likert, description, approved) VALUES ( 13 , 2669603395 , 2 , 3 ,'Okay',true);
INSERT INTO review (user_id, isbn, school_id, likert, description, approved) VALUES ( 13 , 6961133261 , 2 , 3 ,'Okay',true);
INSERT INTO review (user_id, isbn, school_id, likert, description, approved) VALUES ( 13 , 7573906061 , 2 , 5 ,'Excellent',true);
INSERT INTO review (user_id, isbn, school_id, likert, description, approved) VALUES ( 13 , 9097481924 , 2 , 2 ,'Boring',true);
INSERT INTO review (user_id, isbn, school_id, likert, description, approved) VALUES ( 13 , 5567515590 , 2 , 4 ,'Good',true);
INSERT INTO review (user_id, isbn, school_id, likert, description, approved) VALUES ( 13 , 8630741602 , 2 , 2 ,'Boring',true);
INSERT INTO review (user_id, isbn, school_id, likert, description, approved) VALUES ( 13 , 8720893083 , 2 , 4 ,'Good',true);
INSERT INTO review (user_id, isbn, school_id, likert, description, approved) VALUES ( 17 , 5753796566 , 2 , 4 ,'Good',true);
INSERT INTO review (user_id, isbn, school_id, likert, description, approved) VALUES ( 17 , 7689479498 , 2 , 5 ,'Excellent',true);
INSERT INTO review (user_id, isbn, school_id, likert, description, approved) VALUES ( 17 , 5590569382 , 2 , 1 ,'Awful',true);
INSERT INTO review (user_id, isbn, school_id, likert, description, approved) VALUES ( 17 , 7000737466 , 2 , 5 ,'Excellent',true);
INSERT INTO review (user_id, isbn, school_id, likert, description, approved) VALUES ( 17 , 7897583532 , 2 , 1 ,'Awful',true);
INSERT INTO review (user_id, isbn, school_id, likert, description, approved) VALUES ( 17 , 1185309534 , 2 , 2 ,'Boring',true);
INSERT INTO review (user_id, isbn, school_id, likert, description, approved) VALUES ( 17 , 5809232954 , 2 , 5 ,'Excellent',true);
INSERT INTO review (user_id, isbn, school_id, likert, description, approved) VALUES ( 17 , 4637928991 , 2 , 1 ,'Awful',true);
INSERT INTO review (user_id, isbn, school_id, likert, description, approved) VALUES ( 17 , 6784356311 , 2 , 4 ,'Good',true);
INSERT INTO review (user_id, isbn, school_id, likert, description, approved) VALUES ( 17 , 9638908851 , 2 , 4 ,'Good',true);
INSERT INTO review (user_id, isbn, school_id, likert, description, approved) VALUES ( 17 , 2933169509 , 2 , 1 ,'Awful',true);
INSERT INTO review (user_id, isbn, school_id, likert, description, approved) VALUES ( 17 , 3279719968 , 2 , 1 ,'Awful',true);
INSERT INTO review (user_id, isbn, school_id, likert, description, approved) VALUES ( 17 , 9097481924 , 2 , 2 ,'Boring',true);
INSERT INTO review (user_id, isbn, school_id, likert, description, approved) VALUES ( 17 , 7352543988 , 2 , 2 ,'Boring',true);
INSERT INTO review (user_id, isbn, school_id, likert, description, approved) VALUES ( 17 , 2797281145 , 2 , 3 ,'Okay',true);
INSERT INTO review (user_id, isbn, school_id, likert, description, approved) VALUES ( 17 , 8630741602 , 2 , 4 ,'Good',true);
INSERT INTO review (user_id, isbn, school_id, likert, description, approved) VALUES ( 17 , 6804249927 , 2 , 5 ,'Excellent',true);
INSERT INTO review (user_id, isbn, school_id, likert, description, approved) VALUES ( 20 , 8967904003 , 2 , 3 ,'Okay',true);
INSERT INTO review (user_id, isbn, school_id, likert, description, approved) VALUES ( 20 , 7897583532 , 2 , 4 ,'Good',true);
INSERT INTO review (user_id, isbn, school_id, likert, description, approved) VALUES ( 20 , 1185309534 , 2 , 1 ,'Awful',true);
INSERT INTO review (user_id, isbn, school_id, likert, description, approved) VALUES ( 20 , 6784356311 , 2 , 5 ,'Excellent',true);
INSERT INTO review (user_id, isbn, school_id, likert, description, approved) VALUES ( 20 , 2933169509 , 2 , 5 ,'Excellent',true);
INSERT INTO review (user_id, isbn, school_id, likert, description, approved) VALUES ( 20 , 1309593749 , 2 , 2 ,'Boring',true);
INSERT INTO review (user_id, isbn, school_id, likert, description, approved) VALUES ( 20 , 3279719968 , 2 , 5 ,'Excellent',true);
INSERT INTO review (user_id, isbn, school_id, likert, description, approved) VALUES ( 20 , 6961133261 , 2 , 3 ,'Okay',true);
INSERT INTO review (user_id, isbn, school_id, likert, description, approved) VALUES ( 20 , 7352543988 , 2 , 4 ,'Good',true);
INSERT INTO review (user_id, isbn, school_id, likert, description, approved) VALUES ( 20 , 6715307651 , 2 , 2 ,'Boring',true);
INSERT INTO review (user_id, isbn, school_id, likert, description, approved) VALUES ( 20 , 6804249927 , 2 , 1 ,'Awful',true);
INSERT INTO review (user_id, isbn, school_id, likert, description, approved) VALUES ( 27 , 5753796566 , 2 , 2 ,'Boring',true);
INSERT INTO review (user_id, isbn, school_id, likert, description, approved) VALUES ( 27 , 8967904003 , 2 , 5 ,'Excellent',true);
INSERT INTO review (user_id, isbn, school_id, likert, description, approved) VALUES ( 27 , 5590569382 , 2 , 1 ,'Awful',true);
INSERT INTO review (user_id, isbn, school_id, likert, description, approved) VALUES ( 27 , 8314665134 , 2 , 5 ,'Excellent',true);
INSERT INTO review (user_id, isbn, school_id, likert, description, approved) VALUES ( 27 , 7897583532 , 2 , 5 ,'Excellent',true);
INSERT INTO review (user_id, isbn, school_id, likert, description, approved) VALUES ( 27 , 1185309534 , 2 , 5 ,'Excellent',true);
INSERT INTO review (user_id, isbn, school_id, likert, description, approved) VALUES ( 27 , 5582964602 , 2 , 1 ,'Awful',true);
INSERT INTO review (user_id, isbn, school_id, likert, description, approved) VALUES ( 27 , 5809232954 , 2 , 2 ,'Boring',true);
INSERT INTO review (user_id, isbn, school_id, likert, description, approved) VALUES ( 27 , 4637928991 , 2 , 5 ,'Excellent',true);
INSERT INTO review (user_id, isbn, school_id, likert, description, approved) VALUES ( 27 , 1309593749 , 2 , 1 ,'Awful',true);
INSERT INTO review (user_id, isbn, school_id, likert, description, approved) VALUES ( 27 , 2669603395 , 2 , 1 ,'Awful',true);
INSERT INTO review (user_id, isbn, school_id, likert, description, approved) VALUES ( 27 , 6961133261 , 2 , 4 ,'Good',true);
INSERT INTO review (user_id, isbn, school_id, likert, description, approved) VALUES ( 27 , 7573906061 , 2 , 2 ,'Boring',true);
INSERT INTO review (user_id, isbn, school_id, likert, description, approved) VALUES ( 27 , 8630741602 , 2 , 5 ,'Excellent',true);
INSERT INTO review (user_id, isbn, school_id, likert, description, approved) VALUES ( 27 , 8720893083 , 2 , 3 ,'Okay',true);
INSERT INTO review (user_id, isbn, school_id, likert, description, approved) VALUES ( 27 , 1586835494 , 2 , 3 ,'Okay',true);
INSERT INTO review (user_id, isbn, school_id, likert, description, approved) VALUES ( 30 , 7689479498 , 2 , 1 ,'Awful',true);
INSERT INTO review (user_id, isbn, school_id, likert, description, approved) VALUES ( 30 , 8967904003 , 2 , 1 ,'Awful',true);
INSERT INTO review (user_id, isbn, school_id, likert, description, approved) VALUES ( 30 , 5590569382 , 2 , 4 ,'Good',true);
INSERT INTO review (user_id, isbn, school_id, likert, description, approved) VALUES ( 30 , 7000737466 , 2 , 2 ,'Boring',true);
INSERT INTO review (user_id, isbn, school_id, likert, description, approved) VALUES ( 30 , 8314665134 , 2 , 3 ,'Okay',true);
INSERT INTO review (user_id, isbn, school_id, likert, description, approved) VALUES ( 30 , 7897583532 , 2 , 2 ,'Boring',true);
INSERT INTO review (user_id, isbn, school_id, likert, description, approved) VALUES ( 30 , 5582964602 , 2 , 1 ,'Awful',true);
INSERT INTO review (user_id, isbn, school_id, likert, description, approved) VALUES ( 30 , 4637928991 , 2 , 5 ,'Excellent',true);
INSERT INTO review (user_id, isbn, school_id, likert, description, approved) VALUES ( 30 , 6784356311 , 2 , 1 ,'Awful',true);
INSERT INTO review (user_id, isbn, school_id, likert, description, approved) VALUES ( 30 , 2933169509 , 2 , 3 ,'Okay',true);
INSERT INTO review (user_id, isbn, school_id, likert, description, approved) VALUES ( 30 , 2669603395 , 2 , 1 ,'Awful',true);
INSERT INTO review (user_id, isbn, school_id, likert, description, approved) VALUES ( 30 , 6961133261 , 2 , 2 ,'Boring',true);
INSERT INTO review (user_id, isbn, school_id, likert, description, approved) VALUES ( 30 , 7573906061 , 2 , 2 ,'Boring',true);
INSERT INTO review (user_id, isbn, school_id, likert, description, approved) VALUES ( 30 , 7352543988 , 2 , 2 ,'Boring',true);
INSERT INTO review (user_id, isbn, school_id, likert, description, approved) VALUES ( 30 , 6715307651 , 2 , 5 ,'Excellent',true);
INSERT INTO review (user_id, isbn, school_id, likert, description, approved) VALUES ( 30 , 7153700158 , 2 , 2 ,'Boring',true);
INSERT INTO review (user_id, isbn, school_id, likert, description, approved) VALUES ( 30 , 5567515590 , 2 , 2 ,'Boring',true);
INSERT INTO review (user_id, isbn, school_id, likert, description, approved) VALUES ( 30 , 8630741602 , 2 , 2 ,'Boring',true);
INSERT INTO review (user_id, isbn, school_id, likert, description, approved) VALUES ( 30 , 6804249927 , 2 , 2 ,'Boring',true);
INSERT INTO review (user_id, isbn, school_id, likert, description, approved) VALUES ( 30 , 8720893083 , 2 , 3 ,'Okay',true);
INSERT INTO review (user_id, isbn, school_id, likert, description, approved) VALUES ( 35 , 5753796566 , 2 , 1 ,'Awful',true);
INSERT INTO review (user_id, isbn, school_id, likert, description, approved) VALUES ( 35 , 7000737466 , 2 , 2 ,'Boring',true);
INSERT INTO review (user_id, isbn, school_id, likert, description, approved) VALUES ( 35 , 7897583532 , 2 , 2 ,'Boring',true);
INSERT INTO review (user_id, isbn, school_id, likert, description, approved) VALUES ( 35 , 5582964602 , 2 , 3 ,'Okay',true);
INSERT INTO review (user_id, isbn, school_id, likert, description, approved) VALUES ( 35 , 5809232954 , 2 , 4 ,'Good',true);
INSERT INTO review (user_id, isbn, school_id, likert, description, approved) VALUES ( 35 , 4637928991 , 2 , 3 ,'Okay',true);
INSERT INTO review (user_id, isbn, school_id, likert, description, approved) VALUES ( 35 , 6784356311 , 2 , 5 ,'Excellent',true);
INSERT INTO review (user_id, isbn, school_id, likert, description, approved) VALUES ( 35 , 1309593749 , 2 , 5 ,'Excellent',true);
INSERT INTO review (user_id, isbn, school_id, likert, description, approved) VALUES ( 35 , 3279719968 , 2 , 5 ,'Excellent',true);
INSERT INTO review (user_id, isbn, school_id, likert, description, approved) VALUES ( 35 , 2669603395 , 2 , 4 ,'Good',true);
INSERT INTO review (user_id, isbn, school_id, likert, description, approved) VALUES ( 35 , 7352543988 , 2 , 1 ,'Awful',true);
INSERT INTO review (user_id, isbn, school_id, likert, description, approved) VALUES ( 35 , 6715307651 , 2 , 3 ,'Okay',true);
INSERT INTO review (user_id, isbn, school_id, likert, description, approved) VALUES ( 35 , 2797281145 , 2 , 2 ,'Boring',true);
INSERT INTO review (user_id, isbn, school_id, likert, description, approved) VALUES ( 35 , 5567515590 , 2 , 5 ,'Excellent',true);
INSERT INTO review (user_id, isbn, school_id, likert, description, approved) VALUES ( 35 , 8630741602 , 2 , 5 ,'Excellent',true);
INSERT INTO review (user_id, isbn, school_id, likert, description, approved) VALUES ( 35 , 1586835494 , 2 , 5 ,'Excellent',true);
INSERT INTO review (user_id, isbn, school_id, likert, description, approved) VALUES ( 37 , 5753796566 , 2 , 3 ,'Okay',true);
INSERT INTO review (user_id, isbn, school_id, likert, description, approved) VALUES ( 37 , 7689479498 , 2 , 5 ,'Excellent',true);
INSERT INTO review (user_id, isbn, school_id, likert, description, approved) VALUES ( 37 , 5548916630 , 2 , 5 ,'Excellent',true);
INSERT INTO review (user_id, isbn, school_id, likert, description, approved) VALUES ( 37 , 8967904003 , 2 , 2 ,'Boring',true);
INSERT INTO review (user_id, isbn, school_id, likert, description, approved) VALUES ( 37 , 7000737466 , 2 , 5 ,'Excellent',true);
INSERT INTO review (user_id, isbn, school_id, likert, description, approved) VALUES ( 37 , 8314665134 , 2 , 2 ,'Boring',true);
INSERT INTO review (user_id, isbn, school_id, likert, description, approved) VALUES ( 37 , 5582964602 , 2 , 3 ,'Okay',true);
INSERT INTO review (user_id, isbn, school_id, likert, description, approved) VALUES ( 37 , 4637928991 , 2 , 4 ,'Good',true);
INSERT INTO review (user_id, isbn, school_id, likert, description, approved) VALUES ( 37 , 2933169509 , 2 , 5 ,'Excellent',true);
INSERT INTO review (user_id, isbn, school_id, likert, description, approved) VALUES ( 37 , 3279719968 , 2 , 1 ,'Awful',true);
INSERT INTO review (user_id, isbn, school_id, likert, description, approved) VALUES ( 37 , 7573906061 , 2 , 3 ,'Okay',true);
INSERT INTO review (user_id, isbn, school_id, likert, description, approved) VALUES ( 37 , 7352543988 , 2 , 4 ,'Good',true);
INSERT INTO review (user_id, isbn, school_id, likert, description, approved) VALUES ( 37 , 2797281145 , 2 , 4 ,'Good',true);
INSERT INTO review (user_id, isbn, school_id, likert, description, approved) VALUES ( 37 , 5567515590 , 2 , 3 ,'Okay',true);
INSERT INTO review (user_id, isbn, school_id, likert, description, approved) VALUES ( 37 , 6804249927 , 2 , 4 ,'Good',true);
INSERT INTO review (user_id, isbn, school_id, likert, description, approved) VALUES ( 37 , 8720893083 , 2 , 2 ,'Boring',true);
INSERT INTO review (user_id, isbn, school_id, likert, description, approved) VALUES ( 37 , 1586835494 , 2 , 5 ,'Excellent',true);
INSERT INTO review (user_id, isbn, school_id, likert, description, approved) VALUES ( 38 , 5548916630 , 2 , 3 ,'Okay',true);
INSERT INTO review (user_id, isbn, school_id, likert, description, approved) VALUES ( 38 , 8967904003 , 2 , 4 ,'Good',true);
INSERT INTO review (user_id, isbn, school_id, likert, description, approved) VALUES ( 38 , 5590569382 , 2 , 4 ,'Good',true);
INSERT INTO review (user_id, isbn, school_id, likert, description, approved) VALUES ( 38 , 7000737466 , 2 , 5 ,'Excellent',true);
INSERT INTO review (user_id, isbn, school_id, likert, description, approved) VALUES ( 38 , 8314665134 , 2 , 2 ,'Boring',true);
INSERT INTO review (user_id, isbn, school_id, likert, description, approved) VALUES ( 38 , 1185309534 , 2 , 1 ,'Awful',true);
INSERT INTO review (user_id, isbn, school_id, likert, description, approved) VALUES ( 38 , 6784356311 , 2 , 3 ,'Okay',true);
INSERT INTO review (user_id, isbn, school_id, likert, description, approved) VALUES ( 38 , 2933169509 , 2 , 3 ,'Okay',true);
INSERT INTO review (user_id, isbn, school_id, likert, description, approved) VALUES ( 38 , 1309593749 , 2 , 4 ,'Good',true);
INSERT INTO review (user_id, isbn, school_id, likert, description, approved) VALUES ( 38 , 2669603395 , 2 , 1 ,'Awful',true);
INSERT INTO review (user_id, isbn, school_id, likert, description, approved) VALUES ( 38 , 6961133261 , 2 , 4 ,'Good',true);
INSERT INTO review (user_id, isbn, school_id, likert, description, approved) VALUES ( 38 , 7573906061 , 2 , 2 ,'Boring',true);
INSERT INTO review (user_id, isbn, school_id, likert, description, approved) VALUES ( 38 , 9097481924 , 2 , 1 ,'Awful',true);
INSERT INTO review (user_id, isbn, school_id, likert, description, approved) VALUES ( 38 , 7352543988 , 2 , 3 ,'Okay',true);
INSERT INTO review (user_id, isbn, school_id, likert, description, approved) VALUES ( 38 , 6715307651 , 2 , 2 ,'Boring',true);
INSERT INTO review (user_id, isbn, school_id, likert, description, approved) VALUES ( 38 , 2797281145 , 2 , 3 ,'Okay',true);
INSERT INTO review (user_id, isbn, school_id, likert, description, approved) VALUES ( 38 , 5567515590 , 2 , 4 ,'Good',true);
INSERT INTO review (user_id, isbn, school_id, likert, description, approved) VALUES ( 38 , 8630741602 , 2 , 3 ,'Okay',true);
INSERT INTO review (user_id, isbn, school_id, likert, description, approved) VALUES ( 38 , 8720893083 , 2 , 2 ,'Boring',true);
INSERT INTO review (user_id, isbn, school_id, likert, description, approved) VALUES ( 8 , 3894934944 , 3 , 4 ,'Good',true);
INSERT INTO review (user_id, isbn, school_id, likert, description, approved) VALUES ( 8 , 2607910542 , 3 , 4 ,'Good',true);
INSERT INTO review (user_id, isbn, school_id, likert, description, approved) VALUES ( 8 , 3815202734 , 3 , 5 ,'Excellent',true);
INSERT INTO review (user_id, isbn, school_id, likert, description, approved) VALUES ( 8 , 6007806658 , 3 , 1 ,'Awful',true);
INSERT INTO review (user_id, isbn, school_id, likert, description, approved) VALUES ( 8 , 5559085296 , 3 , 5 ,'Excellent',true);
INSERT INTO review (user_id, isbn, school_id, likert, description, approved) VALUES ( 8 , 1302599992 , 3 , 1 ,'Awful',true);
INSERT INTO review (user_id, isbn, school_id, likert, description, approved) VALUES ( 8 , 2380165340 , 3 , 2 ,'Boring',true);
INSERT INTO review (user_id, isbn, school_id, likert, description, approved) VALUES ( 8 , 5490975990 , 3 , 5 ,'Excellent',true);
INSERT INTO review (user_id, isbn, school_id, likert, description, approved) VALUES ( 8 , 9853018508 , 3 , 2 ,'Boring',true);
INSERT INTO review (user_id, isbn, school_id, likert, description, approved) VALUES ( 8 , 2000443724 , 3 , 3 ,'Okay',true);
INSERT INTO review (user_id, isbn, school_id, likert, description, approved) VALUES ( 8 , 9108475039 , 3 , 3 ,'Okay',true);
INSERT INTO review (user_id, isbn, school_id, likert, description, approved) VALUES ( 8 , 1172331314 , 3 , 4 ,'Good',true);
INSERT INTO review (user_id, isbn, school_id, likert, description, approved) VALUES ( 8 , 4784777953 , 3 , 2 ,'Boring',true);
INSERT INTO review (user_id, isbn, school_id, likert, description, approved) VALUES ( 8 , 7003509671 , 3 , 3 ,'Okay',true);
INSERT INTO review (user_id, isbn, school_id, likert, description, approved) VALUES ( 8 , 5522427813 , 3 , 2 ,'Boring',true);
INSERT INTO review (user_id, isbn, school_id, likert, description, approved) VALUES ( 8 , 3500372391 , 3 , 5 ,'Excellent',true);
INSERT INTO review (user_id, isbn, school_id, likert, description, approved) VALUES ( 8 , 6619824780 , 3 , 4 ,'Good',true);
INSERT INTO review (user_id, isbn, school_id, likert, description, approved) VALUES ( 8 , 1102731847 , 3 , 5 ,'Excellent',true);
INSERT INTO review (user_id, isbn, school_id, likert, description, approved) VALUES ( 8 , 2813792257 , 3 , 5 ,'Excellent',true);
INSERT INTO review (user_id, isbn, school_id, likert, description, approved) VALUES ( 14 , 9544065322 , 3 , 3 ,'Okay',true);
INSERT INTO review (user_id, isbn, school_id, likert, description, approved) VALUES ( 14 , 3815202734 , 3 , 1 ,'Awful',true);
INSERT INTO review (user_id, isbn, school_id, likert, description, approved) VALUES ( 14 , 6007806658 , 3 , 5 ,'Excellent',true);
INSERT INTO review (user_id, isbn, school_id, likert, description, approved) VALUES ( 14 , 5559085296 , 3 , 5 ,'Excellent',true);
INSERT INTO review (user_id, isbn, school_id, likert, description, approved) VALUES ( 14 , 9468618771 , 3 , 1 ,'Awful',true);
INSERT INTO review (user_id, isbn, school_id, likert, description, approved) VALUES ( 14 , 1302599992 , 3 , 4 ,'Good',true);
INSERT INTO review (user_id, isbn, school_id, likert, description, approved) VALUES ( 14 , 8208611606 , 3 , 4 ,'Good',true);
INSERT INTO review (user_id, isbn, school_id, likert, description, approved) VALUES ( 14 , 2380165340 , 3 , 3 ,'Okay',true);
INSERT INTO review (user_id, isbn, school_id, likert, description, approved) VALUES ( 14 , 6135710346 , 3 , 2 ,'Boring',true);
INSERT INTO review (user_id, isbn, school_id, likert, description, approved) VALUES ( 14 , 9853018508 , 3 , 3 ,'Okay',true);
INSERT INTO review (user_id, isbn, school_id, likert, description, approved) VALUES ( 14 , 2000443724 , 3 , 1 ,'Awful',true);
INSERT INTO review (user_id, isbn, school_id, likert, description, approved) VALUES ( 14 , 2429194461 , 3 , 4 ,'Good',true);
INSERT INTO review (user_id, isbn, school_id, likert, description, approved) VALUES ( 14 , 1172331314 , 3 , 4 ,'Good',true);
INSERT INTO review (user_id, isbn, school_id, likert, description, approved) VALUES ( 14 , 5522427813 , 3 , 5 ,'Excellent',true);
INSERT INTO review (user_id, isbn, school_id, likert, description, approved) VALUES ( 14 , 8318154054 , 3 , 5 ,'Excellent',true);
INSERT INTO review (user_id, isbn, school_id, likert, description, approved) VALUES ( 14 , 6062613673 , 3 , 5 ,'Excellent',true);
INSERT INTO review (user_id, isbn, school_id, likert, description, approved) VALUES ( 14 , 7314199723 , 3 , 4 ,'Good',true);
INSERT INTO review (user_id, isbn, school_id, likert, description, approved) VALUES ( 14 , 9367291889 , 3 , 5 ,'Excellent',true);
INSERT INTO review (user_id, isbn, school_id, likert, description, approved) VALUES ( 14 , 7698775525 , 3 , 2 ,'Boring',true);
INSERT INTO review (user_id, isbn, school_id, likert, description, approved) VALUES ( 18 , 9544065322 , 3 , 3 ,'Okay',true);
INSERT INTO review (user_id, isbn, school_id, likert, description, approved) VALUES ( 18 , 6471870199 , 3 , 5 ,'Excellent',true);
INSERT INTO review (user_id, isbn, school_id, likert, description, approved) VALUES ( 18 , 6007806658 , 3 , 5 ,'Excellent',true);
INSERT INTO review (user_id, isbn, school_id, likert, description, approved) VALUES ( 18 , 5559085296 , 3 , 2 ,'Boring',true);
INSERT INTO review (user_id, isbn, school_id, likert, description, approved) VALUES ( 18 , 9468618771 , 3 , 4 ,'Good',true);
INSERT INTO review (user_id, isbn, school_id, likert, description, approved) VALUES ( 18 , 1302599992 , 3 , 2 ,'Boring',true);
INSERT INTO review (user_id, isbn, school_id, likert, description, approved) VALUES ( 18 , 8208611606 , 3 , 4 ,'Good',true);
INSERT INTO review (user_id, isbn, school_id, likert, description, approved) VALUES ( 18 , 6135710346 , 3 , 5 ,'Excellent',true);
INSERT INTO review (user_id, isbn, school_id, likert, description, approved) VALUES ( 18 , 5490975990 , 3 , 2 ,'Boring',true);
INSERT INTO review (user_id, isbn, school_id, likert, description, approved) VALUES ( 18 , 2000443724 , 3 , 3 ,'Okay',true);
INSERT INTO review (user_id, isbn, school_id, likert, description, approved) VALUES ( 18 , 4784777953 , 3 , 5 ,'Excellent',true);
INSERT INTO review (user_id, isbn, school_id, likert, description, approved) VALUES ( 18 , 7003509671 , 3 , 5 ,'Excellent',true);
INSERT INTO review (user_id, isbn, school_id, likert, description, approved) VALUES ( 18 , 5522427813 , 3 , 3 ,'Okay',true);
INSERT INTO review (user_id, isbn, school_id, likert, description, approved) VALUES ( 18 , 3500372391 , 3 , 3 ,'Okay',true);
INSERT INTO review (user_id, isbn, school_id, likert, description, approved) VALUES ( 18 , 2765518761 , 3 , 3 ,'Okay',true);
INSERT INTO review (user_id, isbn, school_id, likert, description, approved) VALUES ( 18 , 8318154054 , 3 , 2 ,'Boring',true);
INSERT INTO review (user_id, isbn, school_id, likert, description, approved) VALUES ( 18 , 7496521447 , 3 , 3 ,'Okay',true);
INSERT INTO review (user_id, isbn, school_id, likert, description, approved) VALUES ( 18 , 6062613673 , 3 , 3 ,'Okay',true);
INSERT INTO review (user_id, isbn, school_id, likert, description, approved) VALUES ( 18 , 9367291889 , 3 , 2 ,'Boring',true);
INSERT INTO review (user_id, isbn, school_id, likert, description, approved) VALUES ( 18 , 7698775525 , 3 , 1 ,'Awful',true);
INSERT INTO review (user_id, isbn, school_id, likert, description, approved) VALUES ( 19 , 3894934944 , 3 , 1 ,'Awful',true);
INSERT INTO review (user_id, isbn, school_id, likert, description, approved) VALUES ( 19 , 2607910542 , 3 , 4 ,'Good',true);
INSERT INTO review (user_id, isbn, school_id, likert, description, approved) VALUES ( 19 , 9544065322 , 3 , 2 ,'Boring',true);
INSERT INTO review (user_id, isbn, school_id, likert, description, approved) VALUES ( 19 , 6007806658 , 3 , 5 ,'Excellent',true);
INSERT INTO review (user_id, isbn, school_id, likert, description, approved) VALUES ( 19 , 5559085296 , 3 , 3 ,'Okay',true);
INSERT INTO review (user_id, isbn, school_id, likert, description, approved) VALUES ( 19 , 5490975990 , 3 , 3 ,'Okay',true);
INSERT INTO review (user_id, isbn, school_id, likert, description, approved) VALUES ( 19 , 2000443724 , 3 , 4 ,'Good',true);
INSERT INTO review (user_id, isbn, school_id, likert, description, approved) VALUES ( 19 , 1172331314 , 3 , 2 ,'Boring',true);
INSERT INTO review (user_id, isbn, school_id, likert, description, approved) VALUES ( 19 , 4784777953 , 3 , 2 ,'Boring',true);
INSERT INTO review (user_id, isbn, school_id, likert, description, approved) VALUES ( 19 , 3500372391 , 3 , 5 ,'Excellent',true);
INSERT INTO review (user_id, isbn, school_id, likert, description, approved) VALUES ( 19 , 2765518761 , 3 , 1 ,'Awful',true);
INSERT INTO review (user_id, isbn, school_id, likert, description, approved) VALUES ( 19 , 1102731847 , 3 , 1 ,'Awful',true);
INSERT INTO review (user_id, isbn, school_id, likert, description, approved) VALUES ( 19 , 7496521447 , 3 , 4 ,'Good',true);
INSERT INTO review (user_id, isbn, school_id, likert, description, approved) VALUES ( 19 , 6062613673 , 3 , 5 ,'Excellent',true);
INSERT INTO review (user_id, isbn, school_id, likert, description, approved) VALUES ( 19 , 7314199723 , 3 , 1 ,'Awful',true);
INSERT INTO review (user_id, isbn, school_id, likert, description, approved) VALUES ( 19 , 9367291889 , 3 , 3 ,'Okay',true);
INSERT INTO review (user_id, isbn, school_id, likert, description, approved) VALUES ( 19 , 7698775525 , 3 , 3 ,'Okay',true);
INSERT INTO review (user_id, isbn, school_id, likert, description, approved) VALUES ( 19 , 2813792257 , 3 , 1 ,'Awful',true);
INSERT INTO review (user_id, isbn, school_id, likert, description, approved) VALUES ( 25 , 2607910542 , 3 , 5 ,'Excellent',true);
INSERT INTO review (user_id, isbn, school_id, likert, description, approved) VALUES ( 25 , 6471870199 , 3 , 5 ,'Excellent',true);
INSERT INTO review (user_id, isbn, school_id, likert, description, approved) VALUES ( 25 , 3815202734 , 3 , 1 ,'Awful',true);
INSERT INTO review (user_id, isbn, school_id, likert, description, approved) VALUES ( 25 , 6007806658 , 3 , 3 ,'Okay',true);
INSERT INTO review (user_id, isbn, school_id, likert, description, approved) VALUES ( 25 , 9435836070 , 3 , 3 ,'Okay',true);
INSERT INTO review (user_id, isbn, school_id, likert, description, approved) VALUES ( 25 , 9468618771 , 3 , 1 ,'Awful',true);
INSERT INTO review (user_id, isbn, school_id, likert, description, approved) VALUES ( 25 , 8208611606 , 3 , 1 ,'Awful',true);
INSERT INTO review (user_id, isbn, school_id, likert, description, approved) VALUES ( 25 , 9998171052 , 3 , 4 ,'Good',true);
INSERT INTO review (user_id, isbn, school_id, likert, description, approved) VALUES ( 25 , 9853018508 , 3 , 1 ,'Awful',true);
INSERT INTO review (user_id, isbn, school_id, likert, description, approved) VALUES ( 25 , 2000443724 , 3 , 1 ,'Awful',true);
INSERT INTO review (user_id, isbn, school_id, likert, description, approved) VALUES ( 25 , 9108475039 , 3 , 5 ,'Excellent',true);
INSERT INTO review (user_id, isbn, school_id, likert, description, approved) VALUES ( 25 , 1172331314 , 3 , 2 ,'Boring',true);
INSERT INTO review (user_id, isbn, school_id, likert, description, approved) VALUES ( 25 , 7003509671 , 3 , 1 ,'Awful',true);
INSERT INTO review (user_id, isbn, school_id, likert, description, approved) VALUES ( 25 , 3500372391 , 3 , 5 ,'Excellent',true);
INSERT INTO review (user_id, isbn, school_id, likert, description, approved) VALUES ( 25 , 1102731847 , 3 , 3 ,'Okay',true);
INSERT INTO review (user_id, isbn, school_id, likert, description, approved) VALUES ( 25 , 6062613673 , 3 , 5 ,'Excellent',true);
INSERT INTO review (user_id, isbn, school_id, likert, description, approved) VALUES ( 25 , 9367291889 , 3 , 2 ,'Boring',true);
INSERT INTO review (user_id, isbn, school_id, likert, description, approved) VALUES ( 25 , 7698775525 , 3 , 3 ,'Okay',true);
INSERT INTO review (user_id, isbn, school_id, likert, description, approved) VALUES ( 26 , 9544065322 , 3 , 2 ,'Boring',true);
INSERT INTO review (user_id, isbn, school_id, likert, description, approved) VALUES ( 26 , 3815202734 , 3 , 2 ,'Boring',true);
INSERT INTO review (user_id, isbn, school_id, likert, description, approved) VALUES ( 26 , 6007806658 , 3 , 5 ,'Excellent',true);
INSERT INTO review (user_id, isbn, school_id, likert, description, approved) VALUES ( 26 , 5559085296 , 3 , 2 ,'Boring',true);
INSERT INTO review (user_id, isbn, school_id, likert, description, approved) VALUES ( 26 , 9468618771 , 3 , 2 ,'Boring',true);
INSERT INTO review (user_id, isbn, school_id, likert, description, approved) VALUES ( 26 , 1302599992 , 3 , 4 ,'Good',true);
INSERT INTO review (user_id, isbn, school_id, likert, description, approved) VALUES ( 26 , 6135710346 , 3 , 4 ,'Good',true);
INSERT INTO review (user_id, isbn, school_id, likert, description, approved) VALUES ( 26 , 5490975990 , 3 , 4 ,'Good',true);
INSERT INTO review (user_id, isbn, school_id, likert, description, approved) VALUES ( 26 , 9853018508 , 3 , 3 ,'Okay',true);
INSERT INTO review (user_id, isbn, school_id, likert, description, approved) VALUES ( 26 , 4784777953 , 3 , 1 ,'Awful',true);
INSERT INTO review (user_id, isbn, school_id, likert, description, approved) VALUES ( 26 , 5522427813 , 3 , 1 ,'Awful',true);
INSERT INTO review (user_id, isbn, school_id, likert, description, approved) VALUES ( 26 , 3500372391 , 3 , 2 ,'Boring',true);
INSERT INTO review (user_id, isbn, school_id, likert, description, approved) VALUES ( 26 , 2765518761 , 3 , 5 ,'Excellent',true);
INSERT INTO review (user_id, isbn, school_id, likert, description, approved) VALUES ( 26 , 7314199723 , 3 , 1 ,'Awful',true);
INSERT INTO review (user_id, isbn, school_id, likert, description, approved) VALUES ( 26 , 7698775525 , 3 , 1 ,'Awful',true);
INSERT INTO review (user_id, isbn, school_id, likert, description, approved) VALUES ( 26 , 2813792257 , 3 , 1 ,'Awful',true);
INSERT INTO review (user_id, isbn, school_id, likert, description, approved) VALUES ( 33 , 9435836070 , 3 , 1 ,'Awful',true);
INSERT INTO review (user_id, isbn, school_id, likert, description, approved) VALUES ( 33 , 9468618771 , 3 , 4 ,'Good',true);
INSERT INTO review (user_id, isbn, school_id, likert, description, approved) VALUES ( 33 , 1302599992 , 3 , 3 ,'Okay',true);
INSERT INTO review (user_id, isbn, school_id, likert, description, approved) VALUES ( 33 , 8208611606 , 3 , 3 ,'Okay',true);
INSERT INTO review (user_id, isbn, school_id, likert, description, approved) VALUES ( 33 , 4168408215 , 3 , 4 ,'Good',true);
INSERT INTO review (user_id, isbn, school_id, likert, description, approved) VALUES ( 33 , 2380165340 , 3 , 5 ,'Excellent',true);
INSERT INTO review (user_id, isbn, school_id, likert, description, approved) VALUES ( 33 , 5490975990 , 3 , 4 ,'Good',true);
INSERT INTO review (user_id, isbn, school_id, likert, description, approved) VALUES ( 33 , 1172331314 , 3 , 1 ,'Awful',true);
INSERT INTO review (user_id, isbn, school_id, likert, description, approved) VALUES ( 33 , 4784777953 , 3 , 2 ,'Boring',true);
INSERT INTO review (user_id, isbn, school_id, likert, description, approved) VALUES ( 33 , 5522427813 , 3 , 4 ,'Good',true);
INSERT INTO review (user_id, isbn, school_id, likert, description, approved) VALUES ( 33 , 2765518761 , 3 , 3 ,'Okay',true);
INSERT INTO review (user_id, isbn, school_id, likert, description, approved) VALUES ( 33 , 8318154054 , 3 , 5 ,'Excellent',true);
INSERT INTO review (user_id, isbn, school_id, likert, description, approved) VALUES ( 33 , 1102731847 , 3 , 4 ,'Good',true);
INSERT INTO review (user_id, isbn, school_id, likert, description, approved) VALUES ( 33 , 6062613673 , 3 , 3 ,'Okay',true);
INSERT INTO review (user_id, isbn, school_id, likert, description, approved) VALUES ( 36 , 9544065322 , 3 , 4 ,'Good',true);
INSERT INTO review (user_id, isbn, school_id, likert, description, approved) VALUES ( 36 , 6007806658 , 3 , 2 ,'Boring',true);
INSERT INTO review (user_id, isbn, school_id, likert, description, approved) VALUES ( 36 , 5559085296 , 3 , 4 ,'Good',true);
INSERT INTO review (user_id, isbn, school_id, likert, description, approved) VALUES ( 36 , 1302599992 , 3 , 4 ,'Good',true);
INSERT INTO review (user_id, isbn, school_id, likert, description, approved) VALUES ( 36 , 8208611606 , 3 , 3 ,'Okay',true);
INSERT INTO review (user_id, isbn, school_id, likert, description, approved) VALUES ( 36 , 2380165340 , 3 , 1 ,'Awful',true);
INSERT INTO review (user_id, isbn, school_id, likert, description, approved) VALUES ( 36 , 5490975990 , 3 , 1 ,'Awful',true);
INSERT INTO review (user_id, isbn, school_id, likert, description, approved) VALUES ( 36 , 9853018508 , 3 , 2 ,'Boring',true);
INSERT INTO review (user_id, isbn, school_id, likert, description, approved) VALUES ( 36 , 6799307304 , 3 , 2 ,'Boring',true);
INSERT INTO review (user_id, isbn, school_id, likert, description, approved) VALUES ( 36 , 4784777953 , 3 , 5 ,'Excellent',true);
INSERT INTO review (user_id, isbn, school_id, likert, description, approved) VALUES ( 36 , 3500372391 , 3 , 1 ,'Awful',true);
INSERT INTO review (user_id, isbn, school_id, likert, description, approved) VALUES ( 36 , 8318154054 , 3 , 2 ,'Boring',true);
INSERT INTO review (user_id, isbn, school_id, likert, description, approved) VALUES ( 36 , 6619824780 , 3 , 5 ,'Excellent',true);
INSERT INTO review (user_id, isbn, school_id, likert, description, approved) VALUES ( 36 , 6062613673 , 3 , 5 ,'Excellent',true);
INSERT INTO review (user_id, isbn, school_id, likert, description, approved) VALUES ( 36 , 7314199723 , 3 , 1 ,'Awful',true);
INSERT INTO review (user_id, isbn, school_id, likert, description, approved) VALUES ( 36 , 9367291889 , 3 , 4 ,'Good',true);
INSERT INTO review (user_id, isbn, school_id, likert, description, approved) VALUES ( 36 , 7698775525 , 3 , 4 ,'Good',true);
INSERT INTO review (user_id, isbn, school_id, likert, description, approved) VALUES ( 40 , 2607910542 , 3 , 3 ,'Okay',true);
INSERT INTO review (user_id, isbn, school_id, likert, description, approved) VALUES ( 40 , 9544065322 , 3 , 2 ,'Boring',true);
INSERT INTO review (user_id, isbn, school_id, likert, description, approved) VALUES ( 40 , 1302599992 , 3 , 4 ,'Good',true);
INSERT INTO review (user_id, isbn, school_id, likert, description, approved) VALUES ( 40 , 8208611606 , 3 , 3 ,'Okay',true);
INSERT INTO review (user_id, isbn, school_id, likert, description, approved) VALUES ( 40 , 4168408215 , 3 , 5 ,'Excellent',true);
INSERT INTO review (user_id, isbn, school_id, likert, description, approved) VALUES ( 40 , 2380165340 , 3 , 3 ,'Okay',true);
INSERT INTO review (user_id, isbn, school_id, likert, description, approved) VALUES ( 40 , 9853018508 , 3 , 2 ,'Boring',true);
INSERT INTO review (user_id, isbn, school_id, likert, description, approved) VALUES ( 40 , 1172331314 , 3 , 4 ,'Good',true);
INSERT INTO review (user_id, isbn, school_id, likert, description, approved) VALUES ( 40 , 7003509671 , 3 , 1 ,'Awful',true);
INSERT INTO review (user_id, isbn, school_id, likert, description, approved) VALUES ( 40 , 5522427813 , 3 , 4 ,'Good',true);
INSERT INTO review (user_id, isbn, school_id, likert, description, approved) VALUES ( 40 , 3500372391 , 3 , 2 ,'Boring',true);
INSERT INTO review (user_id, isbn, school_id, likert, description, approved) VALUES ( 40 , 9367291889 , 3 , 5 ,'Excellent',true);
INSERT INTO review (user_id, isbn, school_id, likert, description, approved) VALUES ( 6 , 9288824891 , 4 , 3 ,'Okay',true);
INSERT INTO review (user_id, isbn, school_id, likert, description, approved) VALUES ( 6 , 1925026856 , 4 , 4 ,'Good',true);
INSERT INTO review (user_id, isbn, school_id, likert, description, approved) VALUES ( 6 , 3958891735 , 4 , 4 ,'Good',true);
INSERT INTO review (user_id, isbn, school_id, likert, description, approved) VALUES ( 6 , 9444239743 , 4 , 3 ,'Okay',true);
INSERT INTO review (user_id, isbn, school_id, likert, description, approved) VALUES ( 6 , 8130199503 , 4 , 1 ,'Awful',true);
INSERT INTO review (user_id, isbn, school_id, likert, description, approved) VALUES ( 6 , 1384155897 , 4 , 4 ,'Good',true);
INSERT INTO review (user_id, isbn, school_id, likert, description, approved) VALUES ( 6 , 9492000776 , 4 , 3 ,'Okay',true);
INSERT INTO review (user_id, isbn, school_id, likert, description, approved) VALUES ( 6 , 2863418759 , 4 , 2 ,'Boring',true);
INSERT INTO review (user_id, isbn, school_id, likert, description, approved) VALUES ( 6 , 7795672250 , 4 , 5 ,'Excellent',true);
INSERT INTO review (user_id, isbn, school_id, likert, description, approved) VALUES ( 6 , 4673644090 , 4 , 3 ,'Okay',true);
INSERT INTO review (user_id, isbn, school_id, likert, description, approved) VALUES ( 6 , 5409643304 , 4 , 4 ,'Good',true);
INSERT INTO review (user_id, isbn, school_id, likert, description, approved) VALUES ( 6 , 8012693106 , 4 , 3 ,'Okay',true);
INSERT INTO review (user_id, isbn, school_id, likert, description, approved) VALUES ( 6 , 1767344444 , 4 , 2 ,'Boring',true);
INSERT INTO review (user_id, isbn, school_id, likert, description, approved) VALUES ( 6 , 5387612134 , 4 , 3 ,'Okay',true);
INSERT INTO review (user_id, isbn, school_id, likert, description, approved) VALUES ( 6 , 5782425652 , 4 , 4 ,'Good',true);
INSERT INTO review (user_id, isbn, school_id, likert, description, approved) VALUES ( 6 , 6786833649 , 4 , 5 ,'Excellent',true);
INSERT INTO review (user_id, isbn, school_id, likert, description, approved) VALUES ( 6 , 9843105486 , 4 , 3 ,'Okay',true);
INSERT INTO review (user_id, isbn, school_id, likert, description, approved) VALUES ( 6 , 2470679337 , 4 , 4 ,'Good',true);
INSERT INTO review (user_id, isbn, school_id, likert, description, approved) VALUES ( 6 , 1810706413 , 4 , 5 ,'Excellent',true);
INSERT INTO review (user_id, isbn, school_id, likert, description, approved) VALUES ( 7 , 9288824891 , 4 , 3 ,'Okay',true);
INSERT INTO review (user_id, isbn, school_id, likert, description, approved) VALUES ( 7 , 3958891735 , 4 , 3 ,'Okay',true);
INSERT INTO review (user_id, isbn, school_id, likert, description, approved) VALUES ( 7 , 6216131837 , 4 , 2 ,'Boring',true);
INSERT INTO review (user_id, isbn, school_id, likert, description, approved) VALUES ( 7 , 9444239743 , 4 , 3 ,'Okay',true);
INSERT INTO review (user_id, isbn, school_id, likert, description, approved) VALUES ( 7 , 1848523716 , 4 , 1 ,'Awful',true);
INSERT INTO review (user_id, isbn, school_id, likert, description, approved) VALUES ( 7 , 8130199503 , 4 , 5 ,'Excellent',true);
INSERT INTO review (user_id, isbn, school_id, likert, description, approved) VALUES ( 7 , 7795672250 , 4 , 3 ,'Okay',true);
INSERT INTO review (user_id, isbn, school_id, likert, description, approved) VALUES ( 7 , 4673644090 , 4 , 2 ,'Boring',true);
INSERT INTO review (user_id, isbn, school_id, likert, description, approved) VALUES ( 7 , 3835918086 , 4 , 3 ,'Okay',true);
INSERT INTO review (user_id, isbn, school_id, likert, description, approved) VALUES ( 7 , 5022354908 , 4 , 1 ,'Awful',true);
INSERT INTO review (user_id, isbn, school_id, likert, description, approved) VALUES ( 7 , 5387612134 , 4 , 4 ,'Good',true);
INSERT INTO review (user_id, isbn, school_id, likert, description, approved) VALUES ( 7 , 6672853558 , 4 , 1 ,'Awful',true);
INSERT INTO review (user_id, isbn, school_id, likert, description, approved) VALUES ( 7 , 4343900643 , 4 , 2 ,'Boring',true);
INSERT INTO review (user_id, isbn, school_id, likert, description, approved) VALUES ( 7 , 9790907362 , 4 , 5 ,'Excellent',true);
INSERT INTO review (user_id, isbn, school_id, likert, description, approved) VALUES ( 7 , 9843105486 , 4 , 1 ,'Awful',true);
INSERT INTO review (user_id, isbn, school_id, likert, description, approved) VALUES ( 7 , 2470679337 , 4 , 1 ,'Awful',true);
INSERT INTO review (user_id, isbn, school_id, likert, description, approved) VALUES ( 7 , 1810706413 , 4 , 1 ,'Awful',true);
INSERT INTO review (user_id, isbn, school_id, likert, description, approved) VALUES ( 7 , 1351173333 , 4 , 3 ,'Okay',true);
INSERT INTO review (user_id, isbn, school_id, likert, description, approved) VALUES ( 7 , 2964027640 , 4 , 3 ,'Okay',true);
INSERT INTO review (user_id, isbn, school_id, likert, description, approved) VALUES ( 9 , 9906261493 , 4 , 2 ,'Boring',true);
INSERT INTO review (user_id, isbn, school_id, likert, description, approved) VALUES ( 9 , 6216131837 , 4 , 3 ,'Okay',true);
INSERT INTO review (user_id, isbn, school_id, likert, description, approved) VALUES ( 9 , 9444239743 , 4 , 3 ,'Okay',true);
INSERT INTO review (user_id, isbn, school_id, likert, description, approved) VALUES ( 9 , 1997415393 , 4 , 5 ,'Excellent',true);
INSERT INTO review (user_id, isbn, school_id, likert, description, approved) VALUES ( 9 , 8130199503 , 4 , 4 ,'Good',true);
INSERT INTO review (user_id, isbn, school_id, likert, description, approved) VALUES ( 9 , 2970790709 , 4 , 3 ,'Okay',true);
INSERT INTO review (user_id, isbn, school_id, likert, description, approved) VALUES ( 9 , 2863418759 , 4 , 5 ,'Excellent',true);
INSERT INTO review (user_id, isbn, school_id, likert, description, approved) VALUES ( 9 , 4673644090 , 4 , 5 ,'Excellent',true);
INSERT INTO review (user_id, isbn, school_id, likert, description, approved) VALUES ( 9 , 5409643304 , 4 , 5 ,'Excellent',true);
INSERT INTO review (user_id, isbn, school_id, likert, description, approved) VALUES ( 9 , 8012693106 , 4 , 4 ,'Good',true);
INSERT INTO review (user_id, isbn, school_id, likert, description, approved) VALUES ( 9 , 2184315378 , 4 , 3 ,'Okay',true);
INSERT INTO review (user_id, isbn, school_id, likert, description, approved) VALUES ( 9 , 3835918086 , 4 , 2 ,'Boring',true);
INSERT INTO review (user_id, isbn, school_id, likert, description, approved) VALUES ( 9 , 1767344444 , 4 , 3 ,'Okay',true);
INSERT INTO review (user_id, isbn, school_id, likert, description, approved) VALUES ( 9 , 5022354908 , 4 , 2 ,'Boring',true);
INSERT INTO review (user_id, isbn, school_id, likert, description, approved) VALUES ( 9 , 5387612134 , 4 , 3 ,'Okay',true);
INSERT INTO review (user_id, isbn, school_id, likert, description, approved) VALUES ( 9 , 6672853558 , 4 , 2 ,'Boring',true);
INSERT INTO review (user_id, isbn, school_id, likert, description, approved) VALUES ( 9 , 4343900643 , 4 , 3 ,'Okay',true);
INSERT INTO review (user_id, isbn, school_id, likert, description, approved) VALUES ( 9 , 6128487778 , 4 , 3 ,'Okay',true);
INSERT INTO review (user_id, isbn, school_id, likert, description, approved) VALUES ( 9 , 5782425652 , 4 , 5 ,'Excellent',true);
INSERT INTO review (user_id, isbn, school_id, likert, description, approved) VALUES ( 9 , 8148697411 , 4 , 1 ,'Awful',true);
INSERT INTO review (user_id, isbn, school_id, likert, description, approved) VALUES ( 9 , 1175770259 , 4 , 1 ,'Awful',true);
INSERT INTO review (user_id, isbn, school_id, likert, description, approved) VALUES ( 9 , 1351173333 , 4 , 2 ,'Boring',true);
INSERT INTO review (user_id, isbn, school_id, likert, description, approved) VALUES ( 23 , 9906261493 , 4 , 3 ,'Okay',true);
INSERT INTO review (user_id, isbn, school_id, likert, description, approved) VALUES ( 23 , 4265313933 , 4 , 4 ,'Good',true);
INSERT INTO review (user_id, isbn, school_id, likert, description, approved) VALUES ( 23 , 9586608353 , 4 , 1 ,'Awful',true);
INSERT INTO review (user_id, isbn, school_id, likert, description, approved) VALUES ( 23 , 3958891735 , 4 , 1 ,'Awful',true);
INSERT INTO review (user_id, isbn, school_id, likert, description, approved) VALUES ( 23 , 1848523716 , 4 , 5 ,'Excellent',true);
INSERT INTO review (user_id, isbn, school_id, likert, description, approved) VALUES ( 23 , 1997415393 , 4 , 4 ,'Good',true);
INSERT INTO review (user_id, isbn, school_id, likert, description, approved) VALUES ( 23 , 8130199503 , 4 , 4 ,'Good',true);
INSERT INTO review (user_id, isbn, school_id, likert, description, approved) VALUES ( 23 , 1384155897 , 4 , 5 ,'Excellent',true);
INSERT INTO review (user_id, isbn, school_id, likert, description, approved) VALUES ( 23 , 9492000776 , 4 , 3 ,'Okay',true);
INSERT INTO review (user_id, isbn, school_id, likert, description, approved) VALUES ( 23 , 8740830025 , 4 , 1 ,'Awful',true);
INSERT INTO review (user_id, isbn, school_id, likert, description, approved) VALUES ( 23 , 5409643304 , 4 , 3 ,'Okay',true);
INSERT INTO review (user_id, isbn, school_id, likert, description, approved) VALUES ( 23 , 3835918086 , 4 , 5 ,'Excellent',true);
INSERT INTO review (user_id, isbn, school_id, likert, description, approved) VALUES ( 23 , 6672853558 , 4 , 2 ,'Boring',true);
INSERT INTO review (user_id, isbn, school_id, likert, description, approved) VALUES ( 23 , 6128487778 , 4 , 4 ,'Good',true);
INSERT INTO review (user_id, isbn, school_id, likert, description, approved) VALUES ( 23 , 9790907362 , 4 , 5 ,'Excellent',true);
INSERT INTO review (user_id, isbn, school_id, likert, description, approved) VALUES ( 23 , 2470679337 , 4 , 3 ,'Okay',true);
INSERT INTO review (user_id, isbn, school_id, likert, description, approved) VALUES ( 23 , 1810706413 , 4 , 3 ,'Okay',true);
INSERT INTO review (user_id, isbn, school_id, likert, description, approved) VALUES ( 23 , 1175770259 , 4 , 2 ,'Boring',true);
INSERT INTO review (user_id, isbn, school_id, likert, description, approved) VALUES ( 23 , 1351173333 , 4 , 4 ,'Good',true);
INSERT INTO review (user_id, isbn, school_id, likert, description, approved) VALUES ( 29 , 4265313933 , 4 , 5 ,'Excellent',true);
INSERT INTO review (user_id, isbn, school_id, likert, description, approved) VALUES ( 29 , 9586608353 , 4 , 3 ,'Okay',true);
INSERT INTO review (user_id, isbn, school_id, likert, description, approved) VALUES ( 29 , 3958891735 , 4 , 4 ,'Good',true);
INSERT INTO review (user_id, isbn, school_id, likert, description, approved) VALUES ( 29 , 6216131837 , 4 , 3 ,'Okay',true);
INSERT INTO review (user_id, isbn, school_id, likert, description, approved) VALUES ( 29 , 1848523716 , 4 , 5 ,'Excellent',true);
INSERT INTO review (user_id, isbn, school_id, likert, description, approved) VALUES ( 29 , 1384155897 , 4 , 5 ,'Excellent',true);
INSERT INTO review (user_id, isbn, school_id, likert, description, approved) VALUES ( 29 , 2970790709 , 4 , 3 ,'Okay',true);
INSERT INTO review (user_id, isbn, school_id, likert, description, approved) VALUES ( 29 , 2863418759 , 4 , 1 ,'Awful',true);
INSERT INTO review (user_id, isbn, school_id, likert, description, approved) VALUES ( 29 , 7795672250 , 4 , 2 ,'Boring',true);
INSERT INTO review (user_id, isbn, school_id, likert, description, approved) VALUES ( 29 , 4673644090 , 4 , 3 ,'Okay',true);
INSERT INTO review (user_id, isbn, school_id, likert, description, approved) VALUES ( 29 , 8740830025 , 4 , 2 ,'Boring',true);
INSERT INTO review (user_id, isbn, school_id, likert, description, approved) VALUES ( 29 , 5409643304 , 4 , 3 ,'Okay',true);
INSERT INTO review (user_id, isbn, school_id, likert, description, approved) VALUES ( 29 , 2184315378 , 4 , 5 ,'Excellent',true);
INSERT INTO review (user_id, isbn, school_id, likert, description, approved) VALUES ( 29 , 3835918086 , 4 , 2 ,'Boring',true);
INSERT INTO review (user_id, isbn, school_id, likert, description, approved) VALUES ( 29 , 6672853558 , 4 , 2 ,'Boring',true);
INSERT INTO review (user_id, isbn, school_id, likert, description, approved) VALUES ( 29 , 4343900643 , 4 , 2 ,'Boring',true);
INSERT INTO review (user_id, isbn, school_id, likert, description, approved) VALUES ( 29 , 9790907362 , 4 , 1 ,'Awful',true);
INSERT INTO review (user_id, isbn, school_id, likert, description, approved) VALUES ( 29 , 8148697411 , 4 , 4 ,'Good',true);
INSERT INTO review (user_id, isbn, school_id, likert, description, approved) VALUES ( 29 , 6786833649 , 4 , 4 ,'Good',true);
INSERT INTO review (user_id, isbn, school_id, likert, description, approved) VALUES ( 29 , 2470679337 , 4 , 4 ,'Good',true);
INSERT INTO review (user_id, isbn, school_id, likert, description, approved) VALUES ( 29 , 1810706413 , 4 , 2 ,'Boring',true);
INSERT INTO review (user_id, isbn, school_id, likert, description, approved) VALUES ( 29 , 1351173333 , 4 , 2 ,'Boring',true);
INSERT INTO review (user_id, isbn, school_id, likert, description, approved) VALUES ( 29 , 2964027640 , 4 , 3 ,'Okay',true);
INSERT INTO review (user_id, isbn, school_id, likert, description, approved) VALUES ( 32 , 9288824891 , 4 , 1 ,'Awful',true);
INSERT INTO review (user_id, isbn, school_id, likert, description, approved) VALUES ( 32 , 9906261493 , 4 , 2 ,'Boring',true);
INSERT INTO review (user_id, isbn, school_id, likert, description, approved) VALUES ( 32 , 6216131837 , 4 , 4 ,'Good',true);
INSERT INTO review (user_id, isbn, school_id, likert, description, approved) VALUES ( 32 , 1848523716 , 4 , 5 ,'Excellent',true);
INSERT INTO review (user_id, isbn, school_id, likert, description, approved) VALUES ( 32 , 2970790709 , 4 , 5 ,'Excellent',true);
INSERT INTO review (user_id, isbn, school_id, likert, description, approved) VALUES ( 32 , 4673644090 , 4 , 5 ,'Excellent',true);
INSERT INTO review (user_id, isbn, school_id, likert, description, approved) VALUES ( 32 , 8740830025 , 4 , 1 ,'Awful',true);
INSERT INTO review (user_id, isbn, school_id, likert, description, approved) VALUES ( 32 , 1767344444 , 4 , 1 ,'Awful',true);
INSERT INTO review (user_id, isbn, school_id, likert, description, approved) VALUES ( 32 , 5022354908 , 4 , 5 ,'Excellent',true);
INSERT INTO review (user_id, isbn, school_id, likert, description, approved) VALUES ( 32 , 6672853558 , 4 , 2 ,'Boring',true);
INSERT INTO review (user_id, isbn, school_id, likert, description, approved) VALUES ( 32 , 4343900643 , 4 , 1 ,'Awful',true);
INSERT INTO review (user_id, isbn, school_id, likert, description, approved) VALUES ( 32 , 2045666475 , 4 , 1 ,'Awful',true);
INSERT INTO review (user_id, isbn, school_id, likert, description, approved) VALUES ( 32 , 5782425652 , 4 , 3 ,'Okay',true);
INSERT INTO review (user_id, isbn, school_id, likert, description, approved) VALUES ( 32 , 9790907362 , 4 , 3 ,'Okay',true);
INSERT INTO review (user_id, isbn, school_id, likert, description, approved) VALUES ( 32 , 8148697411 , 4 , 3 ,'Okay',true);
INSERT INTO review (user_id, isbn, school_id, likert, description, approved) VALUES ( 32 , 6786833649 , 4 , 3 ,'Okay',true);
INSERT INTO review (user_id, isbn, school_id, likert, description, approved) VALUES ( 32 , 9843105486 , 4 , 4 ,'Good',true);
INSERT INTO review (user_id, isbn, school_id, likert, description, approved) VALUES ( 32 , 1175770259 , 4 , 2 ,'Boring',true);
INSERT INTO review (user_id, isbn, school_id, likert, description, approved) VALUES ( 32 , 2964027640 , 4 , 4 ,'Good',true);
INSERT INTO review (user_id, isbn, school_id, likert, description, approved) VALUES ( 39 , 9906261493 , 4 , 4 ,'Good',true);
INSERT INTO review (user_id, isbn, school_id, likert, description, approved) VALUES ( 39 , 4265313933 , 4 , 2 ,'Boring',true);
INSERT INTO review (user_id, isbn, school_id, likert, description, approved) VALUES ( 39 , 9586608353 , 4 , 2 ,'Boring',true);
INSERT INTO review (user_id, isbn, school_id, likert, description, approved) VALUES ( 39 , 3958891735 , 4 , 1 ,'Awful',true);
INSERT INTO review (user_id, isbn, school_id, likert, description, approved) VALUES ( 39 , 6216131837 , 4 , 5 ,'Excellent',true);
INSERT INTO review (user_id, isbn, school_id, likert, description, approved) VALUES ( 39 , 9444239743 , 4 , 3 ,'Okay',true);
INSERT INTO review (user_id, isbn, school_id, likert, description, approved) VALUES ( 39 , 1848523716 , 4 , 1 ,'Awful',true);
INSERT INTO review (user_id, isbn, school_id, likert, description, approved) VALUES ( 39 , 2970790709 , 4 , 2 ,'Boring',true);
INSERT INTO review (user_id, isbn, school_id, likert, description, approved) VALUES ( 39 , 7795672250 , 4 , 3 ,'Okay',true);
INSERT INTO review (user_id, isbn, school_id, likert, description, approved) VALUES ( 39 , 4673644090 , 4 , 5 ,'Excellent',true);
INSERT INTO review (user_id, isbn, school_id, likert, description, approved) VALUES ( 39 , 5409643304 , 4 , 1 ,'Awful',true);
INSERT INTO review (user_id, isbn, school_id, likert, description, approved) VALUES ( 39 , 3835918086 , 4 , 5 ,'Excellent',true);
INSERT INTO review (user_id, isbn, school_id, likert, description, approved) VALUES ( 39 , 5022354908 , 4 , 2 ,'Boring',true);
INSERT INTO review (user_id, isbn, school_id, likert, description, approved) VALUES ( 39 , 5387612134 , 4 , 1 ,'Awful',true);
INSERT INTO review (user_id, isbn, school_id, likert, description, approved) VALUES ( 39 , 6672853558 , 4 , 1 ,'Awful',true);
INSERT INTO review (user_id, isbn, school_id, likert, description, approved) VALUES ( 39 , 6128487778 , 4 , 1 ,'Awful',true);
INSERT INTO review (user_id, isbn, school_id, likert, description, approved) VALUES ( 39 , 2045666475 , 4 , 3 ,'Okay',true);
INSERT INTO review (user_id, isbn, school_id, likert, description, approved) VALUES ( 39 , 9790907362 , 4 , 4 ,'Good',true);
INSERT INTO review (user_id, isbn, school_id, likert, description, approved) VALUES ( 39 , 1810706413 , 4 , 2 ,'Boring',true);

-- returned rentals
INSERT INTO rental (user_id, isbn, school_id, returned, rental_datetime) VALUES ( 11 , 9169174194 , 1 , true, DATE '2022-04-14');
INSERT INTO rental (user_id, isbn, school_id, returned, rental_datetime) VALUES ( 11 , 2027669123 , 1 , true, DATE '2023-04-23');
INSERT INTO rental (user_id, isbn, school_id, returned, rental_datetime) VALUES ( 11 , 7055186186 , 1 , true, DATE '2022-04-15');
INSERT INTO rental (user_id, isbn, school_id, returned, rental_datetime) VALUES ( 11 , 8544286555 , 1 , true, DATE '2023-03-21');
INSERT INTO rental (user_id, isbn, school_id, returned, rental_datetime) VALUES ( 11 , 7559846542 , 1 , true, DATE '2022-02-03');
INSERT INTO rental (user_id, isbn, school_id, returned, rental_datetime) VALUES ( 11 , 9659913635 , 1 , true, DATE '2022-09-23');
INSERT INTO rental (user_id, isbn, school_id, returned, rental_datetime) VALUES ( 11 , 9727631158 , 1 , true, DATE '2023-01-24');
INSERT INTO rental (user_id, isbn, school_id, returned, rental_datetime) VALUES ( 11 , 2981051886 , 1 , true, DATE '2023-04-01');
INSERT INTO rental (user_id, isbn, school_id, returned, rental_datetime) VALUES ( 11 , 8897131646 , 1 , true, DATE '2023-03-09');
INSERT INTO rental (user_id, isbn, school_id, returned, rental_datetime) VALUES ( 11 , 9136206359 , 1 , true, DATE '2022-10-02');
INSERT INTO rental (user_id, isbn, school_id, returned, rental_datetime) VALUES ( 11 , 5366155140 , 1 , true, DATE '2022-09-26');
INSERT INTO rental (user_id, isbn, school_id, returned, rental_datetime) VALUES ( 11 , 7533903794 , 1 , true, DATE '2022-09-15');
INSERT INTO rental (user_id, isbn, school_id, returned, rental_datetime) VALUES ( 11 , 2494742034 , 1 , true, DATE '2023-02-15');
INSERT INTO rental (user_id, isbn, school_id, returned, rental_datetime) VALUES ( 11 , 8578322962 , 1 , true, DATE '2022-03-22');
INSERT INTO rental (user_id, isbn, school_id, returned, rental_datetime) VALUES ( 11 , 7113768221 , 1 , true, DATE '2022-04-25');
INSERT INTO rental (user_id, isbn, school_id, returned, rental_datetime) VALUES ( 11 , 6064538370 , 1 , true, DATE '2022-02-11');
INSERT INTO rental (user_id, isbn, school_id, returned, rental_datetime) VALUES ( 11 , 7338328768 , 1 , true, DATE '2022-01-13');
INSERT INTO rental (user_id, isbn, school_id, returned, rental_datetime) VALUES ( 11 , 5938972412 , 1 , true, DATE '2022-03-04');
INSERT INTO rental (user_id, isbn, school_id, returned, rental_datetime) VALUES ( 15 , 9169174194 , 1 , true, DATE '2022-09-01');
INSERT INTO rental (user_id, isbn, school_id, returned, rental_datetime) VALUES ( 15 , 7055186186 , 1 , true, DATE '2023-01-05');
INSERT INTO rental (user_id, isbn, school_id, returned, rental_datetime) VALUES ( 15 , 8544286555 , 1 , true, DATE '2022-08-13');
INSERT INTO rental (user_id, isbn, school_id, returned, rental_datetime) VALUES ( 15 , 4651225293 , 1 , true, DATE '2022-03-07');
INSERT INTO rental (user_id, isbn, school_id, returned, rental_datetime) VALUES ( 15 , 7559846542 , 1 , true, DATE '2022-01-15');
INSERT INTO rental (user_id, isbn, school_id, returned, rental_datetime) VALUES ( 15 , 6387971125 , 1 , true, DATE '2023-05-06');
INSERT INTO rental (user_id, isbn, school_id, returned, rental_datetime) VALUES ( 15 , 9659913635 , 1 , true, DATE '2023-03-25');
INSERT INTO rental (user_id, isbn, school_id, returned, rental_datetime) VALUES ( 15 , 9727631158 , 1 , true, DATE '2022-07-13');
INSERT INTO rental (user_id, isbn, school_id, returned, rental_datetime) VALUES ( 15 , 2962446715 , 1 , true, DATE '2022-01-23');
INSERT INTO rental (user_id, isbn, school_id, returned, rental_datetime) VALUES ( 15 , 6128514500 , 1 , true, DATE '2022-04-28');
INSERT INTO rental (user_id, isbn, school_id, returned, rental_datetime) VALUES ( 15 , 6532824087 , 1 , true, DATE '2022-07-08');
INSERT INTO rental (user_id, isbn, school_id, returned, rental_datetime) VALUES ( 15 , 5366155140 , 1 , true, DATE '2023-05-06');
INSERT INTO rental (user_id, isbn, school_id, returned, rental_datetime) VALUES ( 15 , 7533903794 , 1 , true, DATE '2022-12-07');
INSERT INTO rental (user_id, isbn, school_id, returned, rental_datetime) VALUES ( 15 , 8578322962 , 1 , true, DATE '2022-01-20');
INSERT INTO rental (user_id, isbn, school_id, returned, rental_datetime) VALUES ( 15 , 3323201377 , 1 , true, DATE '2022-01-17');
INSERT INTO rental (user_id, isbn, school_id, returned, rental_datetime) VALUES ( 15 , 6064538370 , 1 , true, DATE '2022-10-04');
INSERT INTO rental (user_id, isbn, school_id, returned, rental_datetime) VALUES ( 15 , 6696926419 , 1 , true, DATE '2022-02-04');
INSERT INTO rental (user_id, isbn, school_id, returned, rental_datetime) VALUES ( 15 , 5938972412 , 1 , true, DATE '2022-04-03');
INSERT INTO rental (user_id, isbn, school_id, returned, rental_datetime) VALUES ( 16 , 9169174194 , 1 , true, DATE '2022-03-11');
INSERT INTO rental (user_id, isbn, school_id, returned, rental_datetime) VALUES ( 16 , 7055186186 , 1 , true, DATE '2023-05-15');
INSERT INTO rental (user_id, isbn, school_id, returned, rental_datetime) VALUES ( 16 , 8544286555 , 1 , true, DATE '2023-04-11');
INSERT INTO rental (user_id, isbn, school_id, returned, rental_datetime) VALUES ( 16 , 7559846542 , 1 , true, DATE '2022-04-05');
INSERT INTO rental (user_id, isbn, school_id, returned, rental_datetime) VALUES ( 16 , 6387971125 , 1 , true, DATE '2023-02-13');
INSERT INTO rental (user_id, isbn, school_id, returned, rental_datetime) VALUES ( 16 , 9659913635 , 1 , true, DATE '2022-10-15');
INSERT INTO rental (user_id, isbn, school_id, returned, rental_datetime) VALUES ( 16 , 2981051886 , 1 , true, DATE '2022-01-06');
INSERT INTO rental (user_id, isbn, school_id, returned, rental_datetime) VALUES ( 16 , 8897131646 , 1 , true, DATE '2022-09-25');
INSERT INTO rental (user_id, isbn, school_id, returned, rental_datetime) VALUES ( 16 , 9136206359 , 1 , true, DATE '2022-01-26');
INSERT INTO rental (user_id, isbn, school_id, returned, rental_datetime) VALUES ( 16 , 6532824087 , 1 , true, DATE '2023-02-26');
INSERT INTO rental (user_id, isbn, school_id, returned, rental_datetime) VALUES ( 16 , 5366155140 , 1 , true, DATE '2023-01-17');
INSERT INTO rental (user_id, isbn, school_id, returned, rental_datetime) VALUES ( 16 , 3219173647 , 1 , true, DATE '2022-09-20');
INSERT INTO rental (user_id, isbn, school_id, returned, rental_datetime) VALUES ( 16 , 7533903794 , 1 , true, DATE '2023-02-21');
INSERT INTO rental (user_id, isbn, school_id, returned, rental_datetime) VALUES ( 16 , 2494742034 , 1 , true, DATE '2022-10-02');
INSERT INTO rental (user_id, isbn, school_id, returned, rental_datetime) VALUES ( 16 , 8578322962 , 1 , true, DATE '2022-04-17');
INSERT INTO rental (user_id, isbn, school_id, returned, rental_datetime) VALUES ( 16 , 3323201377 , 1 , true, DATE '2023-02-21');
INSERT INTO rental (user_id, isbn, school_id, returned, rental_datetime) VALUES ( 16 , 6696926419 , 1 , true, DATE '2022-09-05');
INSERT INTO rental (user_id, isbn, school_id, returned, rental_datetime) VALUES ( 16 , 5938972412 , 1 , true, DATE '2022-07-05');
INSERT INTO rental (user_id, isbn, school_id, returned, rental_datetime) VALUES ( 21 , 9169174194 , 1 , true, DATE '2022-04-10');
INSERT INTO rental (user_id, isbn, school_id, returned, rental_datetime) VALUES ( 21 , 2027669123 , 1 , true, DATE '2023-04-24');
INSERT INTO rental (user_id, isbn, school_id, returned, rental_datetime) VALUES ( 21 , 8544286555 , 1 , true, DATE '2022-07-16');
INSERT INTO rental (user_id, isbn, school_id, returned, rental_datetime) VALUES ( 21 , 7559846542 , 1 , true, DATE '2022-09-16');
INSERT INTO rental (user_id, isbn, school_id, returned, rental_datetime) VALUES ( 21 , 6387971125 , 1 , true, DATE '2022-11-24');
INSERT INTO rental (user_id, isbn, school_id, returned, rental_datetime) VALUES ( 21 , 9659913635 , 1 , true, DATE '2022-08-05');
INSERT INTO rental (user_id, isbn, school_id, returned, rental_datetime) VALUES ( 21 , 9727631158 , 1 , true, DATE '2022-11-17');
INSERT INTO rental (user_id, isbn, school_id, returned, rental_datetime) VALUES ( 21 , 2962446715 , 1 , true, DATE '2022-04-22');
INSERT INTO rental (user_id, isbn, school_id, returned, rental_datetime) VALUES ( 21 , 9136206359 , 1 , true, DATE '2022-08-16');
INSERT INTO rental (user_id, isbn, school_id, returned, rental_datetime) VALUES ( 21 , 3219173647 , 1 , true, DATE '2022-08-01');
INSERT INTO rental (user_id, isbn, school_id, returned, rental_datetime) VALUES ( 21 , 2494742034 , 1 , true, DATE '2022-09-28');
INSERT INTO rental (user_id, isbn, school_id, returned, rental_datetime) VALUES ( 21 , 8578322962 , 1 , true, DATE '2022-04-10');
INSERT INTO rental (user_id, isbn, school_id, returned, rental_datetime) VALUES ( 21 , 3323201377 , 1 , true, DATE '2023-03-22');
INSERT INTO rental (user_id, isbn, school_id, returned, rental_datetime) VALUES ( 21 , 7113768221 , 1 , true, DATE '2022-01-20');
INSERT INTO rental (user_id, isbn, school_id, returned, rental_datetime) VALUES ( 21 , 6064538370 , 1 , true, DATE '2022-09-26');
INSERT INTO rental (user_id, isbn, school_id, returned, rental_datetime) VALUES ( 21 , 6696926419 , 1 , true, DATE '2022-02-01');
INSERT INTO rental (user_id, isbn, school_id, returned, rental_datetime) VALUES ( 21 , 7338328768 , 1 , true, DATE '2023-01-19');
INSERT INTO rental (user_id, isbn, school_id, returned, rental_datetime) VALUES ( 21 , 5938972412 , 1 , true, DATE '2022-02-04');
INSERT INTO rental (user_id, isbn, school_id, returned, rental_datetime) VALUES ( 22 , 7055186186 , 1 , true, DATE '2023-01-07');
INSERT INTO rental (user_id, isbn, school_id, returned, rental_datetime) VALUES ( 22 , 8544286555 , 1 , true, DATE '2022-07-07');
INSERT INTO rental (user_id, isbn, school_id, returned, rental_datetime) VALUES ( 22 , 4651225293 , 1 , true, DATE '2022-10-07');
INSERT INTO rental (user_id, isbn, school_id, returned, rental_datetime) VALUES ( 22 , 6387971125 , 1 , true, DATE '2022-04-14');
INSERT INTO rental (user_id, isbn, school_id, returned, rental_datetime) VALUES ( 22 , 9659913635 , 1 , true, DATE '2022-08-24');
INSERT INTO rental (user_id, isbn, school_id, returned, rental_datetime) VALUES ( 22 , 9727631158 , 1 , true, DATE '2022-02-24');
INSERT INTO rental (user_id, isbn, school_id, returned, rental_datetime) VALUES ( 22 , 8897131646 , 1 , true, DATE '2022-03-24');
INSERT INTO rental (user_id, isbn, school_id, returned, rental_datetime) VALUES ( 22 , 9136206359 , 1 , true, DATE '2023-03-24');
INSERT INTO rental (user_id, isbn, school_id, returned, rental_datetime) VALUES ( 22 , 6532824087 , 1 , true, DATE '2023-05-20');
INSERT INTO rental (user_id, isbn, school_id, returned, rental_datetime) VALUES ( 22 , 5366155140 , 1 , true, DATE '2022-10-20');
INSERT INTO rental (user_id, isbn, school_id, returned, rental_datetime) VALUES ( 22 , 3219173647 , 1 , true, DATE '2023-05-03');
INSERT INTO rental (user_id, isbn, school_id, returned, rental_datetime) VALUES ( 22 , 7533903794 , 1 , true, DATE '2022-02-13');
INSERT INTO rental (user_id, isbn, school_id, returned, rental_datetime) VALUES ( 22 , 2494742034 , 1 , true, DATE '2022-08-10');
INSERT INTO rental (user_id, isbn, school_id, returned, rental_datetime) VALUES ( 22 , 3323201377 , 1 , true, DATE '2022-07-12');
INSERT INTO rental (user_id, isbn, school_id, returned, rental_datetime) VALUES ( 22 , 7113768221 , 1 , true, DATE '2022-01-15');
INSERT INTO rental (user_id, isbn, school_id, returned, rental_datetime) VALUES ( 22 , 6064538370 , 1 , true, DATE '2022-01-12');
INSERT INTO rental (user_id, isbn, school_id, returned, rental_datetime) VALUES ( 22 , 6696926419 , 1 , true, DATE '2023-02-12');
INSERT INTO rental (user_id, isbn, school_id, returned, rental_datetime) VALUES ( 22 , 7338328768 , 1 , true, DATE '2023-03-08');
INSERT INTO rental (user_id, isbn, school_id, returned, rental_datetime) VALUES ( 22 , 5938972412 , 1 , true, DATE '2023-01-03');
INSERT INTO rental (user_id, isbn, school_id, returned, rental_datetime) VALUES ( 24 , 9169174194 , 1 , true, DATE '2023-01-08');
INSERT INTO rental (user_id, isbn, school_id, returned, rental_datetime) VALUES ( 24 , 2027669123 , 1 , true, DATE '2022-02-16');
INSERT INTO rental (user_id, isbn, school_id, returned, rental_datetime) VALUES ( 24 , 8544286555 , 1 , true, DATE '2022-12-02');
INSERT INTO rental (user_id, isbn, school_id, returned, rental_datetime) VALUES ( 24 , 4651225293 , 1 , true, DATE '2022-01-16');
INSERT INTO rental (user_id, isbn, school_id, returned, rental_datetime) VALUES ( 24 , 6387971125 , 1 , true, DATE '2022-07-14');
INSERT INTO rental (user_id, isbn, school_id, returned, rental_datetime) VALUES ( 24 , 9659913635 , 1 , true, DATE '2022-01-11');
INSERT INTO rental (user_id, isbn, school_id, returned, rental_datetime) VALUES ( 24 , 9727631158 , 1 , true, DATE '2022-08-07');
INSERT INTO rental (user_id, isbn, school_id, returned, rental_datetime) VALUES ( 24 , 2962446715 , 1 , true, DATE '2022-08-08');
INSERT INTO rental (user_id, isbn, school_id, returned, rental_datetime) VALUES ( 24 , 2981051886 , 1 , true, DATE '2023-02-17');
INSERT INTO rental (user_id, isbn, school_id, returned, rental_datetime) VALUES ( 24 , 8897131646 , 1 , true, DATE '2022-10-25');
INSERT INTO rental (user_id, isbn, school_id, returned, rental_datetime) VALUES ( 24 , 9136206359 , 1 , true, DATE '2023-01-07');
INSERT INTO rental (user_id, isbn, school_id, returned, rental_datetime) VALUES ( 24 , 6532824087 , 1 , true, DATE '2022-04-04');
INSERT INTO rental (user_id, isbn, school_id, returned, rental_datetime) VALUES ( 24 , 5366155140 , 1 , true, DATE '2023-05-13');
INSERT INTO rental (user_id, isbn, school_id, returned, rental_datetime) VALUES ( 24 , 3219173647 , 1 , true, DATE '2022-08-23');
INSERT INTO rental (user_id, isbn, school_id, returned, rental_datetime) VALUES ( 24 , 7533903794 , 1 , true, DATE '2022-04-05');
INSERT INTO rental (user_id, isbn, school_id, returned, rental_datetime) VALUES ( 24 , 2494742034 , 1 , true, DATE '2022-10-23');
INSERT INTO rental (user_id, isbn, school_id, returned, rental_datetime) VALUES ( 24 , 1080254233 , 1 , true, DATE '2022-01-20');
INSERT INTO rental (user_id, isbn, school_id, returned, rental_datetime) VALUES ( 24 , 7113768221 , 1 , true, DATE '2023-04-14');
INSERT INTO rental (user_id, isbn, school_id, returned, rental_datetime) VALUES ( 24 , 6696926419 , 1 , true, DATE '2022-11-02');
INSERT INTO rental (user_id, isbn, school_id, returned, rental_datetime) VALUES ( 24 , 7338328768 , 1 , true, DATE '2022-04-16');
INSERT INTO rental (user_id, isbn, school_id, returned, rental_datetime) VALUES ( 24 , 5938972412 , 1 , true, DATE '2023-04-12');
INSERT INTO rental (user_id, isbn, school_id, returned, rental_datetime) VALUES ( 28 , 2027669123 , 1 , true, DATE '2022-12-05');
INSERT INTO rental (user_id, isbn, school_id, returned, rental_datetime) VALUES ( 28 , 7055186186 , 1 , true, DATE '2022-11-09');
INSERT INTO rental (user_id, isbn, school_id, returned, rental_datetime) VALUES ( 28 , 8544286555 , 1 , true, DATE '2022-08-24');
INSERT INTO rental (user_id, isbn, school_id, returned, rental_datetime) VALUES ( 28 , 4651225293 , 1 , true, DATE '2023-02-28');
INSERT INTO rental (user_id, isbn, school_id, returned, rental_datetime) VALUES ( 28 , 7559846542 , 1 , true, DATE '2022-09-10');
INSERT INTO rental (user_id, isbn, school_id, returned, rental_datetime) VALUES ( 28 , 6387971125 , 1 , true, DATE '2023-01-15');
INSERT INTO rental (user_id, isbn, school_id, returned, rental_datetime) VALUES ( 28 , 9659913635 , 1 , true, DATE '2022-04-19');
INSERT INTO rental (user_id, isbn, school_id, returned, rental_datetime) VALUES ( 28 , 9727631158 , 1 , true, DATE '2022-04-11');
INSERT INTO rental (user_id, isbn, school_id, returned, rental_datetime) VALUES ( 28 , 2962446715 , 1 , true, DATE '2022-12-28');
INSERT INTO rental (user_id, isbn, school_id, returned, rental_datetime) VALUES ( 28 , 8897131646 , 1 , true, DATE '2022-09-22');
INSERT INTO rental (user_id, isbn, school_id, returned, rental_datetime) VALUES ( 28 , 9136206359 , 1 , true, DATE '2022-04-26');
INSERT INTO rental (user_id, isbn, school_id, returned, rental_datetime) VALUES ( 28 , 6128514500 , 1 , true, DATE '2023-05-25');
INSERT INTO rental (user_id, isbn, school_id, returned, rental_datetime) VALUES ( 28 , 6532824087 , 1 , true, DATE '2023-04-24');
INSERT INTO rental (user_id, isbn, school_id, returned, rental_datetime) VALUES ( 28 , 5366155140 , 1 , true, DATE '2022-10-25');
INSERT INTO rental (user_id, isbn, school_id, returned, rental_datetime) VALUES ( 28 , 7533903794 , 1 , true, DATE '2022-08-23');
INSERT INTO rental (user_id, isbn, school_id, returned, rental_datetime) VALUES ( 28 , 8578322962 , 1 , true, DATE '2023-03-24');
INSERT INTO rental (user_id, isbn, school_id, returned, rental_datetime) VALUES ( 28 , 1080254233 , 1 , true, DATE '2023-02-22');
INSERT INTO rental (user_id, isbn, school_id, returned, rental_datetime) VALUES ( 28 , 3323201377 , 1 , true, DATE '2023-03-03');
INSERT INTO rental (user_id, isbn, school_id, returned, rental_datetime) VALUES ( 28 , 7113768221 , 1 , true, DATE '2023-03-05');
INSERT INTO rental (user_id, isbn, school_id, returned, rental_datetime) VALUES ( 28 , 6064538370 , 1 , true, DATE '2022-08-17');
INSERT INTO rental (user_id, isbn, school_id, returned, rental_datetime) VALUES ( 28 , 6696926419 , 1 , true, DATE '2022-09-09');
INSERT INTO rental (user_id, isbn, school_id, returned, rental_datetime) VALUES ( 28 , 7338328768 , 1 , true, DATE '2023-04-24');
INSERT INTO rental (user_id, isbn, school_id, returned, rental_datetime) VALUES ( 28 , 5938972412 , 1 , true, DATE '2023-01-16');
INSERT INTO rental (user_id, isbn, school_id, returned, rental_datetime) VALUES ( 31 , 9169174194 , 1 , true, DATE '2023-01-15');
INSERT INTO rental (user_id, isbn, school_id, returned, rental_datetime) VALUES ( 31 , 2027669123 , 1 , true, DATE '2023-01-01');
INSERT INTO rental (user_id, isbn, school_id, returned, rental_datetime) VALUES ( 31 , 7055186186 , 1 , true, DATE '2023-05-11');
INSERT INTO rental (user_id, isbn, school_id, returned, rental_datetime) VALUES ( 31 , 8544286555 , 1 , true, DATE '2022-01-07');
INSERT INTO rental (user_id, isbn, school_id, returned, rental_datetime) VALUES ( 31 , 4651225293 , 1 , true, DATE '2022-04-06');
INSERT INTO rental (user_id, isbn, school_id, returned, rental_datetime) VALUES ( 31 , 7559846542 , 1 , true, DATE '2022-12-03');
INSERT INTO rental (user_id, isbn, school_id, returned, rental_datetime) VALUES ( 31 , 2962446715 , 1 , true, DATE '2022-12-28');
INSERT INTO rental (user_id, isbn, school_id, returned, rental_datetime) VALUES ( 31 , 2981051886 , 1 , true, DATE '2023-02-25');
INSERT INTO rental (user_id, isbn, school_id, returned, rental_datetime) VALUES ( 31 , 8897131646 , 1 , true, DATE '2022-02-18');
INSERT INTO rental (user_id, isbn, school_id, returned, rental_datetime) VALUES ( 31 , 9136206359 , 1 , true, DATE '2022-12-17');
INSERT INTO rental (user_id, isbn, school_id, returned, rental_datetime) VALUES ( 31 , 6128514500 , 1 , true, DATE '2022-03-25');
INSERT INTO rental (user_id, isbn, school_id, returned, rental_datetime) VALUES ( 31 , 6532824087 , 1 , true, DATE '2022-10-19');
INSERT INTO rental (user_id, isbn, school_id, returned, rental_datetime) VALUES ( 31 , 5366155140 , 1 , true, DATE '2022-07-03');
INSERT INTO rental (user_id, isbn, school_id, returned, rental_datetime) VALUES ( 31 , 3219173647 , 1 , true, DATE '2022-10-04');
INSERT INTO rental (user_id, isbn, school_id, returned, rental_datetime) VALUES ( 31 , 7533903794 , 1 , true, DATE '2023-02-02');
INSERT INTO rental (user_id, isbn, school_id, returned, rental_datetime) VALUES ( 31 , 2494742034 , 1 , true, DATE '2022-01-08');
INSERT INTO rental (user_id, isbn, school_id, returned, rental_datetime) VALUES ( 31 , 8578322962 , 1 , true, DATE '2022-11-17');
INSERT INTO rental (user_id, isbn, school_id, returned, rental_datetime) VALUES ( 31 , 1080254233 , 1 , true, DATE '2023-03-11');
INSERT INTO rental (user_id, isbn, school_id, returned, rental_datetime) VALUES ( 31 , 3323201377 , 1 , true, DATE '2023-03-01');
INSERT INTO rental (user_id, isbn, school_id, returned, rental_datetime) VALUES ( 31 , 6064538370 , 1 , true, DATE '2022-07-08');
INSERT INTO rental (user_id, isbn, school_id, returned, rental_datetime) VALUES ( 31 , 6696926419 , 1 , true, DATE '2022-11-16');
INSERT INTO rental (user_id, isbn, school_id, returned, rental_datetime) VALUES ( 31 , 7338328768 , 1 , true, DATE '2022-01-24');
INSERT INTO rental (user_id, isbn, school_id, returned, rental_datetime) VALUES ( 31 , 5938972412 , 1 , true, DATE '2022-02-18');
INSERT INTO rental (user_id, isbn, school_id, returned, rental_datetime) VALUES ( 34 , 9169174194 , 1 , true, DATE '2023-05-14');
INSERT INTO rental (user_id, isbn, school_id, returned, rental_datetime) VALUES ( 34 , 2027669123 , 1 , true, DATE '2022-07-09');
INSERT INTO rental (user_id, isbn, school_id, returned, rental_datetime) VALUES ( 34 , 7055186186 , 1 , true, DATE '2022-07-23');
INSERT INTO rental (user_id, isbn, school_id, returned, rental_datetime) VALUES ( 34 , 8544286555 , 1 , true, DATE '2023-04-04');
INSERT INTO rental (user_id, isbn, school_id, returned, rental_datetime) VALUES ( 34 , 7559846542 , 1 , true, DATE '2022-09-12');
INSERT INTO rental (user_id, isbn, school_id, returned, rental_datetime) VALUES ( 34 , 6387971125 , 1 , true, DATE '2023-05-02');
INSERT INTO rental (user_id, isbn, school_id, returned, rental_datetime) VALUES ( 34 , 2962446715 , 1 , true, DATE '2022-10-03');
INSERT INTO rental (user_id, isbn, school_id, returned, rental_datetime) VALUES ( 34 , 8897131646 , 1 , true, DATE '2023-05-17');
INSERT INTO rental (user_id, isbn, school_id, returned, rental_datetime) VALUES ( 34 , 9136206359 , 1 , true, DATE '2022-09-25');
INSERT INTO rental (user_id, isbn, school_id, returned, rental_datetime) VALUES ( 34 , 6128514500 , 1 , true, DATE '2023-03-04');
INSERT INTO rental (user_id, isbn, school_id, returned, rental_datetime) VALUES ( 34 , 6532824087 , 1 , true, DATE '2023-04-28');
INSERT INTO rental (user_id, isbn, school_id, returned, rental_datetime) VALUES ( 34 , 3219173647 , 1 , true, DATE '2022-04-16');
INSERT INTO rental (user_id, isbn, school_id, returned, rental_datetime) VALUES ( 34 , 7533903794 , 1 , true, DATE '2023-05-28');
INSERT INTO rental (user_id, isbn, school_id, returned, rental_datetime) VALUES ( 34 , 8578322962 , 1 , true, DATE '2022-01-22');
INSERT INTO rental (user_id, isbn, school_id, returned, rental_datetime) VALUES ( 34 , 1080254233 , 1 , true, DATE '2022-12-22');
INSERT INTO rental (user_id, isbn, school_id, returned, rental_datetime) VALUES ( 34 , 3323201377 , 1 , true, DATE '2023-01-15');
INSERT INTO rental (user_id, isbn, school_id, returned, rental_datetime) VALUES ( 34 , 7113768221 , 1 , true, DATE '2023-05-20');
INSERT INTO rental (user_id, isbn, school_id, returned, rental_datetime) VALUES ( 34 , 6696926419 , 1 , true, DATE '2023-04-24');
INSERT INTO rental (user_id, isbn, school_id, returned, rental_datetime) VALUES ( 34 , 7338328768 , 1 , true, DATE '2022-09-08');
INSERT INTO rental (user_id, isbn, school_id, returned, rental_datetime) VALUES ( 34 , 5938972412 , 1 , true, DATE '2022-07-28');
INSERT INTO rental (user_id, isbn, school_id, returned, rental_datetime) VALUES ( 41 , 9169174194 , 1 , true, DATE '2022-10-07');
INSERT INTO rental (user_id, isbn, school_id, returned, rental_datetime) VALUES ( 41 , 2027669123 , 1 , true, DATE '2022-02-09');
INSERT INTO rental (user_id, isbn, school_id, returned, rental_datetime) VALUES ( 41 , 7055186186 , 1 , true, DATE '2022-02-11');
INSERT INTO rental (user_id, isbn, school_id, returned, rental_datetime) VALUES ( 41 , 8544286555 , 1 , true, DATE '2022-01-20');
INSERT INTO rental (user_id, isbn, school_id, returned, rental_datetime) VALUES ( 41 , 4651225293 , 1 , true, DATE '2022-11-23');
INSERT INTO rental (user_id, isbn, school_id, returned, rental_datetime) VALUES ( 41 , 7559846542 , 1 , true, DATE '2022-02-23');
INSERT INTO rental (user_id, isbn, school_id, returned, rental_datetime) VALUES ( 41 , 6387971125 , 1 , true, DATE '2022-11-25');
INSERT INTO rental (user_id, isbn, school_id, returned, rental_datetime) VALUES ( 41 , 9659913635 , 1 , true, DATE '2022-08-02');
INSERT INTO rental (user_id, isbn, school_id, returned, rental_datetime) VALUES ( 41 , 9727631158 , 1 , true, DATE '2023-01-09');
INSERT INTO rental (user_id, isbn, school_id, returned, rental_datetime) VALUES ( 41 , 2962446715 , 1 , true, DATE '2022-07-20');
INSERT INTO rental (user_id, isbn, school_id, returned, rental_datetime) VALUES ( 41 , 9136206359 , 1 , true, DATE '2022-08-16');
INSERT INTO rental (user_id, isbn, school_id, returned, rental_datetime) VALUES ( 41 , 6128514500 , 1 , true, DATE '2022-12-07');
INSERT INTO rental (user_id, isbn, school_id, returned, rental_datetime) VALUES ( 41 , 5366155140 , 1 , true, DATE '2022-01-15');
INSERT INTO rental (user_id, isbn, school_id, returned, rental_datetime) VALUES ( 41 , 7533903794 , 1 , true, DATE '2022-09-10');
INSERT INTO rental (user_id, isbn, school_id, returned, rental_datetime) VALUES ( 41 , 2494742034 , 1 , true, DATE '2022-10-01');
INSERT INTO rental (user_id, isbn, school_id, returned, rental_datetime) VALUES ( 41 , 8578322962 , 1 , true, DATE '2022-12-16');
INSERT INTO rental (user_id, isbn, school_id, returned, rental_datetime) VALUES ( 41 , 1080254233 , 1 , true, DATE '2023-05-04');
INSERT INTO rental (user_id, isbn, school_id, returned, rental_datetime) VALUES ( 41 , 3323201377 , 1 , true, DATE '2022-07-16');
INSERT INTO rental (user_id, isbn, school_id, returned, rental_datetime) VALUES ( 41 , 7113768221 , 1 , true, DATE '2022-11-05');
INSERT INTO rental (user_id, isbn, school_id, returned, rental_datetime) VALUES ( 41 , 6696926419 , 1 , true, DATE '2023-02-21');
INSERT INTO rental (user_id, isbn, school_id, returned, rental_datetime) VALUES ( 41 , 5938972412 , 1 , true, DATE '2023-05-02');
INSERT INTO rental (user_id, isbn, school_id, returned, rental_datetime) VALUES ( 10 , 5753796566 , 2 , true, DATE '2022-11-04');
INSERT INTO rental (user_id, isbn, school_id, returned, rental_datetime) VALUES ( 10 , 7689479498 , 2 , true, DATE '2022-01-20');
INSERT INTO rental (user_id, isbn, school_id, returned, rental_datetime) VALUES ( 10 , 5548916630 , 2 , true, DATE '2023-03-24');
INSERT INTO rental (user_id, isbn, school_id, returned, rental_datetime) VALUES ( 10 , 8967904003 , 2 , true, DATE '2022-03-25');
INSERT INTO rental (user_id, isbn, school_id, returned, rental_datetime) VALUES ( 10 , 7000737466 , 2 , true, DATE '2022-04-12');
INSERT INTO rental (user_id, isbn, school_id, returned, rental_datetime) VALUES ( 10 , 8314665134 , 2 , true, DATE '2023-05-23');
INSERT INTO rental (user_id, isbn, school_id, returned, rental_datetime) VALUES ( 10 , 1185309534 , 2 , true, DATE '2022-02-15');
INSERT INTO rental (user_id, isbn, school_id, returned, rental_datetime) VALUES ( 10 , 5582964602 , 2 , true, DATE '2022-04-24');
INSERT INTO rental (user_id, isbn, school_id, returned, rental_datetime) VALUES ( 10 , 5809232954 , 2 , true, DATE '2022-04-23');
INSERT INTO rental (user_id, isbn, school_id, returned, rental_datetime) VALUES ( 10 , 4637928991 , 2 , true, DATE '2022-02-13');
INSERT INTO rental (user_id, isbn, school_id, returned, rental_datetime) VALUES ( 10 , 9638908851 , 2 , true, DATE '2023-02-28');
INSERT INTO rental (user_id, isbn, school_id, returned, rental_datetime) VALUES ( 10 , 2933169509 , 2 , true, DATE '2022-09-21');
INSERT INTO rental (user_id, isbn, school_id, returned, rental_datetime) VALUES ( 10 , 1309593749 , 2 , true, DATE '2022-08-09');
INSERT INTO rental (user_id, isbn, school_id, returned, rental_datetime) VALUES ( 10 , 3279719968 , 2 , true, DATE '2022-02-06');
INSERT INTO rental (user_id, isbn, school_id, returned, rental_datetime) VALUES ( 10 , 2669603395 , 2 , true, DATE '2022-10-25');
INSERT INTO rental (user_id, isbn, school_id, returned, rental_datetime) VALUES ( 10 , 6961133261 , 2 , true, DATE '2023-01-01');
INSERT INTO rental (user_id, isbn, school_id, returned, rental_datetime) VALUES ( 10 , 7573906061 , 2 , true, DATE '2023-04-12');
INSERT INTO rental (user_id, isbn, school_id, returned, rental_datetime) VALUES ( 10 , 9097481924 , 2 , true, DATE '2023-04-07');
INSERT INTO rental (user_id, isbn, school_id, returned, rental_datetime) VALUES ( 10 , 5526924819 , 2 , true, DATE '2022-08-12');
INSERT INTO rental (user_id, isbn, school_id, returned, rental_datetime) VALUES ( 10 , 7352543988 , 2 , true, DATE '2023-05-13');
INSERT INTO rental (user_id, isbn, school_id, returned, rental_datetime) VALUES ( 10 , 6715307651 , 2 , true, DATE '2023-05-16');
INSERT INTO rental (user_id, isbn, school_id, returned, rental_datetime) VALUES ( 10 , 2797281145 , 2 , true, DATE '2023-04-11');
INSERT INTO rental (user_id, isbn, school_id, returned, rental_datetime) VALUES ( 10 , 7153700158 , 2 , true, DATE '2022-03-14');
INSERT INTO rental (user_id, isbn, school_id, returned, rental_datetime) VALUES ( 10 , 8630741602 , 2 , true, DATE '2022-10-03');
INSERT INTO rental (user_id, isbn, school_id, returned, rental_datetime) VALUES ( 10 , 6804249927 , 2 , true, DATE '2022-10-04');
INSERT INTO rental (user_id, isbn, school_id, returned, rental_datetime) VALUES ( 10 , 8720893083 , 2 , true, DATE '2022-07-04');
INSERT INTO rental (user_id, isbn, school_id, returned, rental_datetime) VALUES ( 10 , 1586835494 , 2 , true, DATE '2023-02-19');
INSERT INTO rental (user_id, isbn, school_id, returned, rental_datetime) VALUES ( 12 , 5753796566 , 2 , true, DATE '2022-10-01');
INSERT INTO rental (user_id, isbn, school_id, returned, rental_datetime) VALUES ( 12 , 7689479498 , 2 , true, DATE '2022-11-15');
INSERT INTO rental (user_id, isbn, school_id, returned, rental_datetime) VALUES ( 12 , 8967904003 , 2 , true, DATE '2022-12-03');
INSERT INTO rental (user_id, isbn, school_id, returned, rental_datetime) VALUES ( 12 , 7000737466 , 2 , true, DATE '2022-10-03');
INSERT INTO rental (user_id, isbn, school_id, returned, rental_datetime) VALUES ( 12 , 7897583532 , 2 , true, DATE '2023-02-08');
INSERT INTO rental (user_id, isbn, school_id, returned, rental_datetime) VALUES ( 12 , 1185309534 , 2 , true, DATE '2022-02-20');
INSERT INTO rental (user_id, isbn, school_id, returned, rental_datetime) VALUES ( 12 , 5582964602 , 2 , true, DATE '2023-03-11');
INSERT INTO rental (user_id, isbn, school_id, returned, rental_datetime) VALUES ( 12 , 5809232954 , 2 , true, DATE '2023-02-19');
INSERT INTO rental (user_id, isbn, school_id, returned, rental_datetime) VALUES ( 12 , 4637928991 , 2 , true, DATE '2022-01-22');
INSERT INTO rental (user_id, isbn, school_id, returned, rental_datetime) VALUES ( 12 , 6784356311 , 2 , true, DATE '2022-08-03');
INSERT INTO rental (user_id, isbn, school_id, returned, rental_datetime) VALUES ( 12 , 9638908851 , 2 , true, DATE '2023-05-02');
INSERT INTO rental (user_id, isbn, school_id, returned, rental_datetime) VALUES ( 12 , 2933169509 , 2 , true, DATE '2022-04-23');
INSERT INTO rental (user_id, isbn, school_id, returned, rental_datetime) VALUES ( 12 , 1309593749 , 2 , true, DATE '2022-10-18');
INSERT INTO rental (user_id, isbn, school_id, returned, rental_datetime) VALUES ( 12 , 2669603395 , 2 , true, DATE '2022-02-11');
INSERT INTO rental (user_id, isbn, school_id, returned, rental_datetime) VALUES ( 12 , 9097481924 , 2 , true, DATE '2022-07-03');
INSERT INTO rental (user_id, isbn, school_id, returned, rental_datetime) VALUES ( 12 , 5526924819 , 2 , true, DATE '2023-02-01');
INSERT INTO rental (user_id, isbn, school_id, returned, rental_datetime) VALUES ( 12 , 6715307651 , 2 , true, DATE '2022-01-10');
INSERT INTO rental (user_id, isbn, school_id, returned, rental_datetime) VALUES ( 12 , 7153700158 , 2 , true, DATE '2022-07-23');
INSERT INTO rental (user_id, isbn, school_id, returned, rental_datetime) VALUES ( 12 , 5567515590 , 2 , true, DATE '2022-07-18');
INSERT INTO rental (user_id, isbn, school_id, returned, rental_datetime) VALUES ( 12 , 8630741602 , 2 , true, DATE '2022-10-02');
INSERT INTO rental (user_id, isbn, school_id, returned, rental_datetime) VALUES ( 12 , 9534212084 , 2 , true, DATE '2023-02-12');
INSERT INTO rental (user_id, isbn, school_id, returned, rental_datetime) VALUES ( 12 , 6804249927 , 2 , true, DATE '2023-05-13');
INSERT INTO rental (user_id, isbn, school_id, returned, rental_datetime) VALUES ( 12 , 8720893083 , 2 , true, DATE '2022-11-21');
INSERT INTO rental (user_id, isbn, school_id, returned, rental_datetime) VALUES ( 12 , 1586835494 , 2 , true, DATE '2023-01-06');
INSERT INTO rental (user_id, isbn, school_id, returned, rental_datetime) VALUES ( 13 , 5753796566 , 2 , true, DATE '2023-03-01');
INSERT INTO rental (user_id, isbn, school_id, returned, rental_datetime) VALUES ( 13 , 7689479498 , 2 , true, DATE '2022-09-21');
INSERT INTO rental (user_id, isbn, school_id, returned, rental_datetime) VALUES ( 13 , 8967904003 , 2 , true, DATE '2023-04-05');
INSERT INTO rental (user_id, isbn, school_id, returned, rental_datetime) VALUES ( 13 , 5590569382 , 2 , true, DATE '2023-03-03');
INSERT INTO rental (user_id, isbn, school_id, returned, rental_datetime) VALUES ( 13 , 7000737466 , 2 , true, DATE '2022-09-20');
INSERT INTO rental (user_id, isbn, school_id, returned, rental_datetime) VALUES ( 13 , 8314665134 , 2 , true, DATE '2022-04-24');
INSERT INTO rental (user_id, isbn, school_id, returned, rental_datetime) VALUES ( 13 , 7897583532 , 2 , true, DATE '2022-11-27');
INSERT INTO rental (user_id, isbn, school_id, returned, rental_datetime) VALUES ( 13 , 1185309534 , 2 , true, DATE '2022-03-05');
INSERT INTO rental (user_id, isbn, school_id, returned, rental_datetime) VALUES ( 13 , 5582964602 , 2 , true, DATE '2023-04-24');
INSERT INTO rental (user_id, isbn, school_id, returned, rental_datetime) VALUES ( 13 , 4637928991 , 2 , true, DATE '2022-07-09');
INSERT INTO rental (user_id, isbn, school_id, returned, rental_datetime) VALUES ( 13 , 6784356311 , 2 , true, DATE '2023-01-16');
INSERT INTO rental (user_id, isbn, school_id, returned, rental_datetime) VALUES ( 13 , 9638908851 , 2 , true, DATE '2022-07-19');
INSERT INTO rental (user_id, isbn, school_id, returned, rental_datetime) VALUES ( 13 , 1309593749 , 2 , true, DATE '2022-11-02');
INSERT INTO rental (user_id, isbn, school_id, returned, rental_datetime) VALUES ( 13 , 6961133261 , 2 , true, DATE '2022-11-25');
INSERT INTO rental (user_id, isbn, school_id, returned, rental_datetime) VALUES ( 13 , 7573906061 , 2 , true, DATE '2022-09-25');
INSERT INTO rental (user_id, isbn, school_id, returned, rental_datetime) VALUES ( 13 , 9097481924 , 2 , true, DATE '2022-09-11');
INSERT INTO rental (user_id, isbn, school_id, returned, rental_datetime) VALUES ( 13 , 7352543988 , 2 , true, DATE '2023-04-09');
INSERT INTO rental (user_id, isbn, school_id, returned, rental_datetime) VALUES ( 13 , 2797281145 , 2 , true, DATE '2023-05-28');
INSERT INTO rental (user_id, isbn, school_id, returned, rental_datetime) VALUES ( 13 , 5567515590 , 2 , true, DATE '2023-02-15');
INSERT INTO rental (user_id, isbn, school_id, returned, rental_datetime) VALUES ( 13 , 8630741602 , 2 , true, DATE '2022-11-19');
INSERT INTO rental (user_id, isbn, school_id, returned, rental_datetime) VALUES ( 13 , 9534212084 , 2 , true, DATE '2023-04-11');
INSERT INTO rental (user_id, isbn, school_id, returned, rental_datetime) VALUES ( 13 , 6804249927 , 2 , true, DATE '2023-04-08');
INSERT INTO rental (user_id, isbn, school_id, returned, rental_datetime) VALUES ( 13 , 8720893083 , 2 , true, DATE '2023-04-06');
INSERT INTO rental (user_id, isbn, school_id, returned, rental_datetime) VALUES ( 13 , 1586835494 , 2 , true, DATE '2023-03-09');
INSERT INTO rental (user_id, isbn, school_id, returned, rental_datetime) VALUES ( 17 , 5753796566 , 2 , true, DATE '2022-07-25');
INSERT INTO rental (user_id, isbn, school_id, returned, rental_datetime) VALUES ( 17 , 8967904003 , 2 , true, DATE '2022-03-16');
INSERT INTO rental (user_id, isbn, school_id, returned, rental_datetime) VALUES ( 17 , 5590569382 , 2 , true, DATE '2022-12-24');
INSERT INTO rental (user_id, isbn, school_id, returned, rental_datetime) VALUES ( 17 , 7000737466 , 2 , true, DATE '2022-08-18');
INSERT INTO rental (user_id, isbn, school_id, returned, rental_datetime) VALUES ( 17 , 8314665134 , 2 , true, DATE '2022-01-19');
INSERT INTO rental (user_id, isbn, school_id, returned, rental_datetime) VALUES ( 17 , 7897583532 , 2 , true, DATE '2023-04-22');
INSERT INTO rental (user_id, isbn, school_id, returned, rental_datetime) VALUES ( 17 , 1185309534 , 2 , true, DATE '2022-12-25');
INSERT INTO rental (user_id, isbn, school_id, returned, rental_datetime) VALUES ( 17 , 5809232954 , 2 , true, DATE '2022-02-15');
INSERT INTO rental (user_id, isbn, school_id, returned, rental_datetime) VALUES ( 17 , 6784356311 , 2 , true, DATE '2023-04-17');
INSERT INTO rental (user_id, isbn, school_id, returned, rental_datetime) VALUES ( 17 , 2933169509 , 2 , true, DATE '2022-03-16');
INSERT INTO rental (user_id, isbn, school_id, returned, rental_datetime) VALUES ( 17 , 1309593749 , 2 , true, DATE '2022-07-16');
INSERT INTO rental (user_id, isbn, school_id, returned, rental_datetime) VALUES ( 17 , 3279719968 , 2 , true, DATE '2023-05-27');
INSERT INTO rental (user_id, isbn, school_id, returned, rental_datetime) VALUES ( 17 , 2669603395 , 2 , true, DATE '2023-03-22');
INSERT INTO rental (user_id, isbn, school_id, returned, rental_datetime) VALUES ( 17 , 9097481924 , 2 , true, DATE '2022-04-27');
INSERT INTO rental (user_id, isbn, school_id, returned, rental_datetime) VALUES ( 17 , 5526924819 , 2 , true, DATE '2022-04-21');
INSERT INTO rental (user_id, isbn, school_id, returned, rental_datetime) VALUES ( 17 , 7352543988 , 2 , true, DATE '2022-02-01');
INSERT INTO rental (user_id, isbn, school_id, returned, rental_datetime) VALUES ( 17 , 6715307651 , 2 , true, DATE '2023-01-13');
INSERT INTO rental (user_id, isbn, school_id, returned, rental_datetime) VALUES ( 17 , 2797281145 , 2 , true, DATE '2022-08-16');
INSERT INTO rental (user_id, isbn, school_id, returned, rental_datetime) VALUES ( 17 , 8630741602 , 2 , true, DATE '2022-09-06');
INSERT INTO rental (user_id, isbn, school_id, returned, rental_datetime) VALUES ( 17 , 9534212084 , 2 , true, DATE '2022-01-05');
INSERT INTO rental (user_id, isbn, school_id, returned, rental_datetime) VALUES ( 17 , 6804249927 , 2 , true, DATE '2022-04-10');
INSERT INTO rental (user_id, isbn, school_id, returned, rental_datetime) VALUES ( 17 , 8720893083 , 2 , true, DATE '2022-01-11');
INSERT INTO rental (user_id, isbn, school_id, returned, rental_datetime) VALUES ( 17 , 1586835494 , 2 , true, DATE '2023-02-24');
INSERT INTO rental (user_id, isbn, school_id, returned, rental_datetime) VALUES ( 20 , 5548916630 , 2 , true, DATE '2022-10-08');
INSERT INTO rental (user_id, isbn, school_id, returned, rental_datetime) VALUES ( 20 , 8967904003 , 2 , true, DATE '2022-04-25');
INSERT INTO rental (user_id, isbn, school_id, returned, rental_datetime) VALUES ( 20 , 5590569382 , 2 , true, DATE '2022-03-13');
INSERT INTO rental (user_id, isbn, school_id, returned, rental_datetime) VALUES ( 20 , 7000737466 , 2 , true, DATE '2023-01-24');
INSERT INTO rental (user_id, isbn, school_id, returned, rental_datetime) VALUES ( 20 , 7897583532 , 2 , true, DATE '2022-01-09');
INSERT INTO rental (user_id, isbn, school_id, returned, rental_datetime) VALUES ( 20 , 1185309534 , 2 , true, DATE '2022-08-20');
INSERT INTO rental (user_id, isbn, school_id, returned, rental_datetime) VALUES ( 20 , 5582964602 , 2 , true, DATE '2022-03-14');
INSERT INTO rental (user_id, isbn, school_id, returned, rental_datetime) VALUES ( 20 , 9638908851 , 2 , true, DATE '2022-08-26');
INSERT INTO rental (user_id, isbn, school_id, returned, rental_datetime) VALUES ( 20 , 2933169509 , 2 , true, DATE '2022-08-08');
INSERT INTO rental (user_id, isbn, school_id, returned, rental_datetime) VALUES ( 20 , 1309593749 , 2 , true, DATE '2022-02-15');
INSERT INTO rental (user_id, isbn, school_id, returned, rental_datetime) VALUES ( 20 , 3279719968 , 2 , true, DATE '2023-02-14');
INSERT INTO rental (user_id, isbn, school_id, returned, rental_datetime) VALUES ( 20 , 2669603395 , 2 , true, DATE '2023-01-05');
INSERT INTO rental (user_id, isbn, school_id, returned, rental_datetime) VALUES ( 20 , 6961133261 , 2 , true, DATE '2022-01-22');
INSERT INTO rental (user_id, isbn, school_id, returned, rental_datetime) VALUES ( 20 , 9097481924 , 2 , true, DATE '2023-04-25');
INSERT INTO rental (user_id, isbn, school_id, returned, rental_datetime) VALUES ( 20 , 7352543988 , 2 , true, DATE '2022-11-19');
INSERT INTO rental (user_id, isbn, school_id, returned, rental_datetime) VALUES ( 20 , 6715307651 , 2 , true, DATE '2022-01-11');
INSERT INTO rental (user_id, isbn, school_id, returned, rental_datetime) VALUES ( 20 , 2797281145 , 2 , true, DATE '2022-02-12');
INSERT INTO rental (user_id, isbn, school_id, returned, rental_datetime) VALUES ( 20 , 7153700158 , 2 , true, DATE '2022-11-05');
INSERT INTO rental (user_id, isbn, school_id, returned, rental_datetime) VALUES ( 20 , 5567515590 , 2 , true, DATE '2022-03-08');
INSERT INTO rental (user_id, isbn, school_id, returned, rental_datetime) VALUES ( 20 , 8630741602 , 2 , true, DATE '2022-10-27');
INSERT INTO rental (user_id, isbn, school_id, returned, rental_datetime) VALUES ( 20 , 9534212084 , 2 , true, DATE '2022-03-20');
INSERT INTO rental (user_id, isbn, school_id, returned, rental_datetime) VALUES ( 20 , 6804249927 , 2 , true, DATE '2022-04-24');
INSERT INTO rental (user_id, isbn, school_id, returned, rental_datetime) VALUES ( 20 , 8720893083 , 2 , true, DATE '2022-02-03');
INSERT INTO rental (user_id, isbn, school_id, returned, rental_datetime) VALUES ( 20 , 1586835494 , 2 , true, DATE '2022-04-10');
INSERT INTO rental (user_id, isbn, school_id, returned, rental_datetime) VALUES ( 27 , 7689479498 , 2 , true, DATE '2022-01-13');
INSERT INTO rental (user_id, isbn, school_id, returned, rental_datetime) VALUES ( 27 , 5548916630 , 2 , true, DATE '2022-02-17');
INSERT INTO rental (user_id, isbn, school_id, returned, rental_datetime) VALUES ( 27 , 8967904003 , 2 , true, DATE '2022-10-03');
INSERT INTO rental (user_id, isbn, school_id, returned, rental_datetime) VALUES ( 27 , 5590569382 , 2 , true, DATE '2022-02-20');
INSERT INTO rental (user_id, isbn, school_id, returned, rental_datetime) VALUES ( 27 , 7000737466 , 2 , true, DATE '2023-04-20');
INSERT INTO rental (user_id, isbn, school_id, returned, rental_datetime) VALUES ( 27 , 7897583532 , 2 , true, DATE '2022-10-01');
INSERT INTO rental (user_id, isbn, school_id, returned, rental_datetime) VALUES ( 27 , 1185309534 , 2 , true, DATE '2023-05-23');
INSERT INTO rental (user_id, isbn, school_id, returned, rental_datetime) VALUES ( 27 , 5582964602 , 2 , true, DATE '2022-11-10');
INSERT INTO rental (user_id, isbn, school_id, returned, rental_datetime) VALUES ( 27 , 5809232954 , 2 , true, DATE '2022-03-06');
INSERT INTO rental (user_id, isbn, school_id, returned, rental_datetime) VALUES ( 27 , 4637928991 , 2 , true, DATE '2023-01-22');
INSERT INTO rental (user_id, isbn, school_id, returned, rental_datetime) VALUES ( 27 , 6784356311 , 2 , true, DATE '2022-07-04');
INSERT INTO rental (user_id, isbn, school_id, returned, rental_datetime) VALUES ( 27 , 2933169509 , 2 , true, DATE '2023-02-17');
INSERT INTO rental (user_id, isbn, school_id, returned, rental_datetime) VALUES ( 27 , 1309593749 , 2 , true, DATE '2022-12-25');
INSERT INTO rental (user_id, isbn, school_id, returned, rental_datetime) VALUES ( 27 , 3279719968 , 2 , true, DATE '2022-09-26');
INSERT INTO rental (user_id, isbn, school_id, returned, rental_datetime) VALUES ( 27 , 9097481924 , 2 , true, DATE '2022-07-08');
INSERT INTO rental (user_id, isbn, school_id, returned, rental_datetime) VALUES ( 27 , 5526924819 , 2 , true, DATE '2023-05-11');
INSERT INTO rental (user_id, isbn, school_id, returned, rental_datetime) VALUES ( 27 , 7352543988 , 2 , true, DATE '2022-01-24');
INSERT INTO rental (user_id, isbn, school_id, returned, rental_datetime) VALUES ( 27 , 6715307651 , 2 , true, DATE '2022-04-08');
INSERT INTO rental (user_id, isbn, school_id, returned, rental_datetime) VALUES ( 27 , 2797281145 , 2 , true, DATE '2023-02-11');
INSERT INTO rental (user_id, isbn, school_id, returned, rental_datetime) VALUES ( 27 , 7153700158 , 2 , true, DATE '2022-11-15');
INSERT INTO rental (user_id, isbn, school_id, returned, rental_datetime) VALUES ( 27 , 8630741602 , 2 , true, DATE '2023-03-17');
INSERT INTO rental (user_id, isbn, school_id, returned, rental_datetime) VALUES ( 27 , 9534212084 , 2 , true, DATE '2022-12-26');
INSERT INTO rental (user_id, isbn, school_id, returned, rental_datetime) VALUES ( 27 , 8720893083 , 2 , true, DATE '2022-08-27');
INSERT INTO rental (user_id, isbn, school_id, returned, rental_datetime) VALUES ( 27 , 1586835494 , 2 , true, DATE '2023-04-27');
INSERT INTO rental (user_id, isbn, school_id, returned, rental_datetime) VALUES ( 30 , 5753796566 , 2 , true, DATE '2023-03-09');
INSERT INTO rental (user_id, isbn, school_id, returned, rental_datetime) VALUES ( 30 , 7689479498 , 2 , true, DATE '2022-11-15');
INSERT INTO rental (user_id, isbn, school_id, returned, rental_datetime) VALUES ( 30 , 5548916630 , 2 , true, DATE '2023-01-22');
INSERT INTO rental (user_id, isbn, school_id, returned, rental_datetime) VALUES ( 30 , 8967904003 , 2 , true, DATE '2022-12-04');
INSERT INTO rental (user_id, isbn, school_id, returned, rental_datetime) VALUES ( 30 , 5590569382 , 2 , true, DATE '2023-01-06');
INSERT INTO rental (user_id, isbn, school_id, returned, rental_datetime) VALUES ( 30 , 7000737466 , 2 , true, DATE '2022-02-15');
INSERT INTO rental (user_id, isbn, school_id, returned, rental_datetime) VALUES ( 30 , 8314665134 , 2 , true, DATE '2023-04-16');
INSERT INTO rental (user_id, isbn, school_id, returned, rental_datetime) VALUES ( 30 , 7897583532 , 2 , true, DATE '2022-02-22');
INSERT INTO rental (user_id, isbn, school_id, returned, rental_datetime) VALUES ( 30 , 1185309534 , 2 , true, DATE '2022-11-14');
INSERT INTO rental (user_id, isbn, school_id, returned, rental_datetime) VALUES ( 30 , 5582964602 , 2 , true, DATE '2022-10-13');
INSERT INTO rental (user_id, isbn, school_id, returned, rental_datetime) VALUES ( 30 , 4637928991 , 2 , true, DATE '2022-08-02');
INSERT INTO rental (user_id, isbn, school_id, returned, rental_datetime) VALUES ( 30 , 6784356311 , 2 , true, DATE '2022-09-19');
INSERT INTO rental (user_id, isbn, school_id, returned, rental_datetime) VALUES ( 30 , 9638908851 , 2 , true, DATE '2022-09-05');
INSERT INTO rental (user_id, isbn, school_id, returned, rental_datetime) VALUES ( 30 , 2933169509 , 2 , true, DATE '2022-11-24');
INSERT INTO rental (user_id, isbn, school_id, returned, rental_datetime) VALUES ( 30 , 1309593749 , 2 , true, DATE '2023-04-27');
INSERT INTO rental (user_id, isbn, school_id, returned, rental_datetime) VALUES ( 30 , 2669603395 , 2 , true, DATE '2022-10-17');
INSERT INTO rental (user_id, isbn, school_id, returned, rental_datetime) VALUES ( 30 , 6961133261 , 2 , true, DATE '2022-01-04');
INSERT INTO rental (user_id, isbn, school_id, returned, rental_datetime) VALUES ( 30 , 5526924819 , 2 , true, DATE '2023-02-08');
INSERT INTO rental (user_id, isbn, school_id, returned, rental_datetime) VALUES ( 30 , 7352543988 , 2 , true, DATE '2022-03-15');
INSERT INTO rental (user_id, isbn, school_id, returned, rental_datetime) VALUES ( 30 , 6715307651 , 2 , true, DATE '2022-03-01');
INSERT INTO rental (user_id, isbn, school_id, returned, rental_datetime) VALUES ( 30 , 7153700158 , 2 , true, DATE '2022-10-13');
INSERT INTO rental (user_id, isbn, school_id, returned, rental_datetime) VALUES ( 30 , 5567515590 , 2 , true, DATE '2022-04-04');
INSERT INTO rental (user_id, isbn, school_id, returned, rental_datetime) VALUES ( 30 , 8630741602 , 2 , true, DATE '2022-09-03');
INSERT INTO rental (user_id, isbn, school_id, returned, rental_datetime) VALUES ( 30 , 9534212084 , 2 , true, DATE '2022-08-27');
INSERT INTO rental (user_id, isbn, school_id, returned, rental_datetime) VALUES ( 30 , 6804249927 , 2 , true, DATE '2022-07-01');
INSERT INTO rental (user_id, isbn, school_id, returned, rental_datetime) VALUES ( 30 , 1586835494 , 2 , true, DATE '2023-02-26');
INSERT INTO rental (user_id, isbn, school_id, returned, rental_datetime) VALUES ( 35 , 5548916630 , 2 , true, DATE '2022-08-22');
INSERT INTO rental (user_id, isbn, school_id, returned, rental_datetime) VALUES ( 35 , 8967904003 , 2 , true, DATE '2023-03-26');
INSERT INTO rental (user_id, isbn, school_id, returned, rental_datetime) VALUES ( 35 , 5590569382 , 2 , true, DATE '2023-02-28');
INSERT INTO rental (user_id, isbn, school_id, returned, rental_datetime) VALUES ( 35 , 8314665134 , 2 , true, DATE '2023-03-16');
INSERT INTO rental (user_id, isbn, school_id, returned, rental_datetime) VALUES ( 35 , 7897583532 , 2 , true, DATE '2022-12-08');
INSERT INTO rental (user_id, isbn, school_id, returned, rental_datetime) VALUES ( 35 , 1185309534 , 2 , true, DATE '2023-01-06');
INSERT INTO rental (user_id, isbn, school_id, returned, rental_datetime) VALUES ( 35 , 5582964602 , 2 , true, DATE '2022-01-07');
INSERT INTO rental (user_id, isbn, school_id, returned, rental_datetime) VALUES ( 35 , 5809232954 , 2 , true, DATE '2022-10-28');
INSERT INTO rental (user_id, isbn, school_id, returned, rental_datetime) VALUES ( 35 , 6784356311 , 2 , true, DATE '2023-02-27');
INSERT INTO rental (user_id, isbn, school_id, returned, rental_datetime) VALUES ( 35 , 9638908851 , 2 , true, DATE '2022-10-22');
INSERT INTO rental (user_id, isbn, school_id, returned, rental_datetime) VALUES ( 35 , 1309593749 , 2 , true, DATE '2022-07-12');
INSERT INTO rental (user_id, isbn, school_id, returned, rental_datetime) VALUES ( 35 , 3279719968 , 2 , true, DATE '2023-02-23');
INSERT INTO rental (user_id, isbn, school_id, returned, rental_datetime) VALUES ( 35 , 6961133261 , 2 , true, DATE '2023-04-27');
INSERT INTO rental (user_id, isbn, school_id, returned, rental_datetime) VALUES ( 35 , 6715307651 , 2 , true, DATE '2022-12-10');
INSERT INTO rental (user_id, isbn, school_id, returned, rental_datetime) VALUES ( 35 , 5567515590 , 2 , true, DATE '2022-03-06');
INSERT INTO rental (user_id, isbn, school_id, returned, rental_datetime) VALUES ( 35 , 8630741602 , 2 , true, DATE '2022-10-27');
INSERT INTO rental (user_id, isbn, school_id, returned, rental_datetime) VALUES ( 35 , 9534212084 , 2 , true, DATE '2022-04-05');
INSERT INTO rental (user_id, isbn, school_id, returned, rental_datetime) VALUES ( 35 , 6804249927 , 2 , true, DATE '2023-01-20');
INSERT INTO rental (user_id, isbn, school_id, returned, rental_datetime) VALUES ( 35 , 1586835494 , 2 , true, DATE '2022-04-13');
INSERT INTO rental (user_id, isbn, school_id, returned, rental_datetime) VALUES ( 37 , 5753796566 , 2 , true, DATE '2023-03-10');
INSERT INTO rental (user_id, isbn, school_id, returned, rental_datetime) VALUES ( 37 , 5548916630 , 2 , true, DATE '2023-05-13');
INSERT INTO rental (user_id, isbn, school_id, returned, rental_datetime) VALUES ( 37 , 8967904003 , 2 , true, DATE '2022-11-11');
INSERT INTO rental (user_id, isbn, school_id, returned, rental_datetime) VALUES ( 37 , 5590569382 , 2 , true, DATE '2022-08-24');
INSERT INTO rental (user_id, isbn, school_id, returned, rental_datetime) VALUES ( 37 , 7000737466 , 2 , true, DATE '2022-03-14');
INSERT INTO rental (user_id, isbn, school_id, returned, rental_datetime) VALUES ( 37 , 7897583532 , 2 , true, DATE '2022-03-13');
INSERT INTO rental (user_id, isbn, school_id, returned, rental_datetime) VALUES ( 37 , 1185309534 , 2 , true, DATE '2023-01-19');
INSERT INTO rental (user_id, isbn, school_id, returned, rental_datetime) VALUES ( 37 , 5582964602 , 2 , true, DATE '2023-05-07');
INSERT INTO rental (user_id, isbn, school_id, returned, rental_datetime) VALUES ( 37 , 5809232954 , 2 , true, DATE '2022-03-21');
INSERT INTO rental (user_id, isbn, school_id, returned, rental_datetime) VALUES ( 37 , 4637928991 , 2 , true, DATE '2023-02-01');
INSERT INTO rental (user_id, isbn, school_id, returned, rental_datetime) VALUES ( 37 , 6784356311 , 2 , true, DATE '2023-04-20');
INSERT INTO rental (user_id, isbn, school_id, returned, rental_datetime) VALUES ( 37 , 2933169509 , 2 , true, DATE '2022-07-09');
INSERT INTO rental (user_id, isbn, school_id, returned, rental_datetime) VALUES ( 37 , 1309593749 , 2 , true, DATE '2023-05-08');
INSERT INTO rental (user_id, isbn, school_id, returned, rental_datetime) VALUES ( 37 , 3279719968 , 2 , true, DATE '2022-01-23');
INSERT INTO rental (user_id, isbn, school_id, returned, rental_datetime) VALUES ( 37 , 2669603395 , 2 , true, DATE '2022-12-21');
INSERT INTO rental (user_id, isbn, school_id, returned, rental_datetime) VALUES ( 37 , 7573906061 , 2 , true, DATE '2022-12-19');
INSERT INTO rental (user_id, isbn, school_id, returned, rental_datetime) VALUES ( 37 , 9097481924 , 2 , true, DATE '2023-01-27');
INSERT INTO rental (user_id, isbn, school_id, returned, rental_datetime) VALUES ( 37 , 5526924819 , 2 , true, DATE '2023-05-02');
INSERT INTO rental (user_id, isbn, school_id, returned, rental_datetime) VALUES ( 37 , 2797281145 , 2 , true, DATE '2022-01-06');
INSERT INTO rental (user_id, isbn, school_id, returned, rental_datetime) VALUES ( 37 , 7153700158 , 2 , true, DATE '2022-10-12');
INSERT INTO rental (user_id, isbn, school_id, returned, rental_datetime) VALUES ( 37 , 5567515590 , 2 , true, DATE '2022-12-15');
INSERT INTO rental (user_id, isbn, school_id, returned, rental_datetime) VALUES ( 37 , 9534212084 , 2 , true, DATE '2022-02-12');
INSERT INTO rental (user_id, isbn, school_id, returned, rental_datetime) VALUES ( 37 , 6804249927 , 2 , true, DATE '2022-07-06');
INSERT INTO rental (user_id, isbn, school_id, returned, rental_datetime) VALUES ( 37 , 8720893083 , 2 , true, DATE '2022-12-17');
INSERT INTO rental (user_id, isbn, school_id, returned, rental_datetime) VALUES ( 37 , 1586835494 , 2 , true, DATE '2022-10-20');
INSERT INTO rental (user_id, isbn, school_id, returned, rental_datetime) VALUES ( 38 , 7689479498 , 2 , true, DATE '2023-01-20');
INSERT INTO rental (user_id, isbn, school_id, returned, rental_datetime) VALUES ( 38 , 8967904003 , 2 , true, DATE '2022-02-18');
INSERT INTO rental (user_id, isbn, school_id, returned, rental_datetime) VALUES ( 38 , 5590569382 , 2 , true, DATE '2023-04-08');
INSERT INTO rental (user_id, isbn, school_id, returned, rental_datetime) VALUES ( 38 , 7000737466 , 2 , true, DATE '2022-11-28');
INSERT INTO rental (user_id, isbn, school_id, returned, rental_datetime) VALUES ( 38 , 8314665134 , 2 , true, DATE '2022-12-06');
INSERT INTO rental (user_id, isbn, school_id, returned, rental_datetime) VALUES ( 38 , 7897583532 , 2 , true, DATE '2022-04-12');
INSERT INTO rental (user_id, isbn, school_id, returned, rental_datetime) VALUES ( 38 , 4637928991 , 2 , true, DATE '2022-12-11');
INSERT INTO rental (user_id, isbn, school_id, returned, rental_datetime) VALUES ( 38 , 6784356311 , 2 , true, DATE '2022-03-08');
INSERT INTO rental (user_id, isbn, school_id, returned, rental_datetime) VALUES ( 38 , 1309593749 , 2 , true, DATE '2022-10-16');
INSERT INTO rental (user_id, isbn, school_id, returned, rental_datetime) VALUES ( 38 , 2669603395 , 2 , true, DATE '2022-02-19');
INSERT INTO rental (user_id, isbn, school_id, returned, rental_datetime) VALUES ( 38 , 9097481924 , 2 , true, DATE '2023-04-25');
INSERT INTO rental (user_id, isbn, school_id, returned, rental_datetime) VALUES ( 38 , 5526924819 , 2 , true, DATE '2022-10-06');
INSERT INTO rental (user_id, isbn, school_id, returned, rental_datetime) VALUES ( 38 , 6715307651 , 2 , true, DATE '2022-07-09');
INSERT INTO rental (user_id, isbn, school_id, returned, rental_datetime) VALUES ( 38 , 7153700158 , 2 , true, DATE '2023-03-15');
INSERT INTO rental (user_id, isbn, school_id, returned, rental_datetime) VALUES ( 38 , 5567515590 , 2 , true, DATE '2023-05-10');
INSERT INTO rental (user_id, isbn, school_id, returned, rental_datetime) VALUES ( 38 , 8630741602 , 2 , true, DATE '2023-04-06');
INSERT INTO rental (user_id, isbn, school_id, returned, rental_datetime) VALUES ( 38 , 9534212084 , 2 , true, DATE '2023-02-13');
INSERT INTO rental (user_id, isbn, school_id, returned, rental_datetime) VALUES ( 38 , 6804249927 , 2 , true, DATE '2022-03-02');
INSERT INTO rental (user_id, isbn, school_id, returned, rental_datetime) VALUES ( 38 , 1586835494 , 2 , true, DATE '2022-04-22');
INSERT INTO rental (user_id, isbn, school_id, returned, rental_datetime) VALUES ( 8 , 9544065322 , 3 , true, DATE '2023-01-08');
INSERT INTO rental (user_id, isbn, school_id, returned, rental_datetime) VALUES ( 8 , 3815202734 , 3 , true, DATE '2022-01-07');
INSERT INTO rental (user_id, isbn, school_id, returned, rental_datetime) VALUES ( 8 , 6007806658 , 3 , true, DATE '2022-11-25');
INSERT INTO rental (user_id, isbn, school_id, returned, rental_datetime) VALUES ( 8 , 9435836070 , 3 , true, DATE '2022-09-28');
INSERT INTO rental (user_id, isbn, school_id, returned, rental_datetime) VALUES ( 8 , 5559085296 , 3 , true, DATE '2022-07-28');
INSERT INTO rental (user_id, isbn, school_id, returned, rental_datetime) VALUES ( 8 , 9468618771 , 3 , true, DATE '2022-03-05');
INSERT INTO rental (user_id, isbn, school_id, returned, rental_datetime) VALUES ( 8 , 1302599992 , 3 , true, DATE '2023-05-15');
INSERT INTO rental (user_id, isbn, school_id, returned, rental_datetime) VALUES ( 8 , 8208611606 , 3 , true, DATE '2023-01-18');
INSERT INTO rental (user_id, isbn, school_id, returned, rental_datetime) VALUES ( 8 , 4168408215 , 3 , true, DATE '2023-04-20');
INSERT INTO rental (user_id, isbn, school_id, returned, rental_datetime) VALUES ( 8 , 2380165340 , 3 , true, DATE '2022-03-24');
INSERT INTO rental (user_id, isbn, school_id, returned, rental_datetime) VALUES ( 8 , 6135710346 , 3 , true, DATE '2023-04-17');
INSERT INTO rental (user_id, isbn, school_id, returned, rental_datetime) VALUES ( 8 , 9998171052 , 3 , true, DATE '2022-10-13');
INSERT INTO rental (user_id, isbn, school_id, returned, rental_datetime) VALUES ( 8 , 9108475039 , 3 , true, DATE '2023-01-26');
INSERT INTO rental (user_id, isbn, school_id, returned, rental_datetime) VALUES ( 8 , 7003509671 , 3 , true, DATE '2023-05-25');
INSERT INTO rental (user_id, isbn, school_id, returned, rental_datetime) VALUES ( 8 , 5522427813 , 3 , true, DATE '2023-01-08');
INSERT INTO rental (user_id, isbn, school_id, returned, rental_datetime) VALUES ( 8 , 3500372391 , 3 , true, DATE '2023-03-22');
INSERT INTO rental (user_id, isbn, school_id, returned, rental_datetime) VALUES ( 8 , 8318154054 , 3 , true, DATE '2022-09-17');
INSERT INTO rental (user_id, isbn, school_id, returned, rental_datetime) VALUES ( 8 , 1102731847 , 3 , true, DATE '2022-03-25');
INSERT INTO rental (user_id, isbn, school_id, returned, rental_datetime) VALUES ( 8 , 7496521447 , 3 , true, DATE '2022-04-21');
INSERT INTO rental (user_id, isbn, school_id, returned, rental_datetime) VALUES ( 8 , 6062613673 , 3 , true, DATE '2022-10-11');
INSERT INTO rental (user_id, isbn, school_id, returned, rental_datetime) VALUES ( 8 , 7314199723 , 3 , true, DATE '2022-02-17');
INSERT INTO rental (user_id, isbn, school_id, returned, rental_datetime) VALUES ( 8 , 9367291889 , 3 , true, DATE '2023-02-26');
INSERT INTO rental (user_id, isbn, school_id, returned, rental_datetime) VALUES ( 8 , 2813792257 , 3 , true, DATE '2023-01-05');
INSERT INTO rental (user_id, isbn, school_id, returned, rental_datetime) VALUES ( 14 , 9544065322 , 3 , true, DATE '2022-01-28');
INSERT INTO rental (user_id, isbn, school_id, returned, rental_datetime) VALUES ( 14 , 6471870199 , 3 , true, DATE '2022-12-15');
INSERT INTO rental (user_id, isbn, school_id, returned, rental_datetime) VALUES ( 14 , 3815202734 , 3 , true, DATE '2022-07-02');
INSERT INTO rental (user_id, isbn, school_id, returned, rental_datetime) VALUES ( 14 , 5559085296 , 3 , true, DATE '2022-03-08');
INSERT INTO rental (user_id, isbn, school_id, returned, rental_datetime) VALUES ( 14 , 9468618771 , 3 , true, DATE '2022-03-10');
INSERT INTO rental (user_id, isbn, school_id, returned, rental_datetime) VALUES ( 14 , 8208611606 , 3 , true, DATE '2022-04-14');
INSERT INTO rental (user_id, isbn, school_id, returned, rental_datetime) VALUES ( 14 , 2380165340 , 3 , true, DATE '2023-01-16');
INSERT INTO rental (user_id, isbn, school_id, returned, rental_datetime) VALUES ( 14 , 6135710346 , 3 , true, DATE '2022-07-08');
INSERT INTO rental (user_id, isbn, school_id, returned, rental_datetime) VALUES ( 14 , 5490975990 , 3 , true, DATE '2022-03-21');
INSERT INTO rental (user_id, isbn, school_id, returned, rental_datetime) VALUES ( 14 , 9853018508 , 3 , true, DATE '2023-03-13');
INSERT INTO rental (user_id, isbn, school_id, returned, rental_datetime) VALUES ( 14 , 2000443724 , 3 , true, DATE '2023-01-02');
INSERT INTO rental (user_id, isbn, school_id, returned, rental_datetime) VALUES ( 14 , 9108475039 , 3 , true, DATE '2022-12-23');
INSERT INTO rental (user_id, isbn, school_id, returned, rental_datetime) VALUES ( 14 , 2429194461 , 3 , true, DATE '2022-04-14');
INSERT INTO rental (user_id, isbn, school_id, returned, rental_datetime) VALUES ( 14 , 6799307304 , 3 , true, DATE '2022-02-12');
INSERT INTO rental (user_id, isbn, school_id, returned, rental_datetime) VALUES ( 14 , 4784777953 , 3 , true, DATE '2022-04-10');
INSERT INTO rental (user_id, isbn, school_id, returned, rental_datetime) VALUES ( 14 , 7003509671 , 3 , true, DATE '2023-05-02');
INSERT INTO rental (user_id, isbn, school_id, returned, rental_datetime) VALUES ( 14 , 5522427813 , 3 , true, DATE '2023-02-26');
INSERT INTO rental (user_id, isbn, school_id, returned, rental_datetime) VALUES ( 14 , 3500372391 , 3 , true, DATE '2022-12-28');
INSERT INTO rental (user_id, isbn, school_id, returned, rental_datetime) VALUES ( 14 , 2765518761 , 3 , true, DATE '2023-01-08');
INSERT INTO rental (user_id, isbn, school_id, returned, rental_datetime) VALUES ( 14 , 8318154054 , 3 , true, DATE '2022-08-15');
INSERT INTO rental (user_id, isbn, school_id, returned, rental_datetime) VALUES ( 14 , 6619824780 , 3 , true, DATE '2023-03-25');
INSERT INTO rental (user_id, isbn, school_id, returned, rental_datetime) VALUES ( 14 , 1102731847 , 3 , true, DATE '2022-07-05');
INSERT INTO rental (user_id, isbn, school_id, returned, rental_datetime) VALUES ( 14 , 7496521447 , 3 , true, DATE '2023-05-05');
INSERT INTO rental (user_id, isbn, school_id, returned, rental_datetime) VALUES ( 14 , 6062613673 , 3 , true, DATE '2023-01-07');
INSERT INTO rental (user_id, isbn, school_id, returned, rental_datetime) VALUES ( 14 , 7314199723 , 3 , true, DATE '2022-03-10');
INSERT INTO rental (user_id, isbn, school_id, returned, rental_datetime) VALUES ( 14 , 9367291889 , 3 , true, DATE '2023-05-28');
INSERT INTO rental (user_id, isbn, school_id, returned, rental_datetime) VALUES ( 14 , 7698775525 , 3 , true, DATE '2023-02-01');
INSERT INTO rental (user_id, isbn, school_id, returned, rental_datetime) VALUES ( 14 , 2813792257 , 3 , true, DATE '2022-07-18');
INSERT INTO rental (user_id, isbn, school_id, returned, rental_datetime) VALUES ( 18 , 3894934944 , 3 , true, DATE '2022-03-25');
INSERT INTO rental (user_id, isbn, school_id, returned, rental_datetime) VALUES ( 18 , 2607910542 , 3 , true, DATE '2023-03-03');
INSERT INTO rental (user_id, isbn, school_id, returned, rental_datetime) VALUES ( 18 , 9544065322 , 3 , true, DATE '2023-04-14');
INSERT INTO rental (user_id, isbn, school_id, returned, rental_datetime) VALUES ( 18 , 6471870199 , 3 , true, DATE '2022-12-03');
INSERT INTO rental (user_id, isbn, school_id, returned, rental_datetime) VALUES ( 18 , 3815202734 , 3 , true, DATE '2023-04-17');
INSERT INTO rental (user_id, isbn, school_id, returned, rental_datetime) VALUES ( 18 , 6007806658 , 3 , true, DATE '2023-03-18');
INSERT INTO rental (user_id, isbn, school_id, returned, rental_datetime) VALUES ( 18 , 9435836070 , 3 , true, DATE '2022-11-22');
INSERT INTO rental (user_id, isbn, school_id, returned, rental_datetime) VALUES ( 18 , 5559085296 , 3 , true, DATE '2022-10-26');
INSERT INTO rental (user_id, isbn, school_id, returned, rental_datetime) VALUES ( 18 , 9468618771 , 3 , true, DATE '2022-08-25');
INSERT INTO rental (user_id, isbn, school_id, returned, rental_datetime) VALUES ( 18 , 1302599992 , 3 , true, DATE '2023-04-24');
INSERT INTO rental (user_id, isbn, school_id, returned, rental_datetime) VALUES ( 18 , 8208611606 , 3 , true, DATE '2022-02-08');
INSERT INTO rental (user_id, isbn, school_id, returned, rental_datetime) VALUES ( 18 , 4168408215 , 3 , true, DATE '2023-04-05');
INSERT INTO rental (user_id, isbn, school_id, returned, rental_datetime) VALUES ( 18 , 6135710346 , 3 , true, DATE '2023-01-06');
INSERT INTO rental (user_id, isbn, school_id, returned, rental_datetime) VALUES ( 18 , 9998171052 , 3 , true, DATE '2022-10-25');
INSERT INTO rental (user_id, isbn, school_id, returned, rental_datetime) VALUES ( 18 , 9853018508 , 3 , true, DATE '2022-01-13');
INSERT INTO rental (user_id, isbn, school_id, returned, rental_datetime) VALUES ( 18 , 2000443724 , 3 , true, DATE '2022-11-14');
INSERT INTO rental (user_id, isbn, school_id, returned, rental_datetime) VALUES ( 18 , 9108475039 , 3 , true, DATE '2022-08-05');
INSERT INTO rental (user_id, isbn, school_id, returned, rental_datetime) VALUES ( 18 , 2429194461 , 3 , true, DATE '2022-08-22');
INSERT INTO rental (user_id, isbn, school_id, returned, rental_datetime) VALUES ( 18 , 6799307304 , 3 , true, DATE '2022-11-10');
INSERT INTO rental (user_id, isbn, school_id, returned, rental_datetime) VALUES ( 18 , 4784777953 , 3 , true, DATE '2022-07-13');
INSERT INTO rental (user_id, isbn, school_id, returned, rental_datetime) VALUES ( 18 , 7003509671 , 3 , true, DATE '2022-10-20');
INSERT INTO rental (user_id, isbn, school_id, returned, rental_datetime) VALUES ( 18 , 5522427813 , 3 , true, DATE '2022-04-12');
INSERT INTO rental (user_id, isbn, school_id, returned, rental_datetime) VALUES ( 18 , 3500372391 , 3 , true, DATE '2022-01-26');
INSERT INTO rental (user_id, isbn, school_id, returned, rental_datetime) VALUES ( 18 , 2765518761 , 3 , true, DATE '2022-07-08');
INSERT INTO rental (user_id, isbn, school_id, returned, rental_datetime) VALUES ( 18 , 8318154054 , 3 , true, DATE '2022-01-04');
INSERT INTO rental (user_id, isbn, school_id, returned, rental_datetime) VALUES ( 18 , 6619824780 , 3 , true, DATE '2022-09-12');
INSERT INTO rental (user_id, isbn, school_id, returned, rental_datetime) VALUES ( 18 , 7496521447 , 3 , true, DATE '2022-10-22');
INSERT INTO rental (user_id, isbn, school_id, returned, rental_datetime) VALUES ( 18 , 6062613673 , 3 , true, DATE '2022-12-26');
INSERT INTO rental (user_id, isbn, school_id, returned, rental_datetime) VALUES ( 18 , 7698775525 , 3 , true, DATE '2022-11-23');
INSERT INTO rental (user_id, isbn, school_id, returned, rental_datetime) VALUES ( 18 , 2813792257 , 3 , true, DATE '2022-08-02');
INSERT INTO rental (user_id, isbn, school_id, returned, rental_datetime) VALUES ( 19 , 2607910542 , 3 , true, DATE '2022-11-18');
INSERT INTO rental (user_id, isbn, school_id, returned, rental_datetime) VALUES ( 19 , 9544065322 , 3 , true, DATE '2022-11-19');
INSERT INTO rental (user_id, isbn, school_id, returned, rental_datetime) VALUES ( 19 , 6471870199 , 3 , true, DATE '2022-12-18');
INSERT INTO rental (user_id, isbn, school_id, returned, rental_datetime) VALUES ( 19 , 6007806658 , 3 , true, DATE '2022-09-15');
INSERT INTO rental (user_id, isbn, school_id, returned, rental_datetime) VALUES ( 19 , 9435836070 , 3 , true, DATE '2023-01-23');
INSERT INTO rental (user_id, isbn, school_id, returned, rental_datetime) VALUES ( 19 , 5559085296 , 3 , true, DATE '2022-07-02');
INSERT INTO rental (user_id, isbn, school_id, returned, rental_datetime) VALUES ( 19 , 9468618771 , 3 , true, DATE '2023-03-02');
INSERT INTO rental (user_id, isbn, school_id, returned, rental_datetime) VALUES ( 19 , 1302599992 , 3 , true, DATE '2022-12-07');
INSERT INTO rental (user_id, isbn, school_id, returned, rental_datetime) VALUES ( 19 , 2380165340 , 3 , true, DATE '2023-04-07');
INSERT INTO rental (user_id, isbn, school_id, returned, rental_datetime) VALUES ( 19 , 9998171052 , 3 , true, DATE '2022-02-27');
INSERT INTO rental (user_id, isbn, school_id, returned, rental_datetime) VALUES ( 19 , 5490975990 , 3 , true, DATE '2023-03-10');
INSERT INTO rental (user_id, isbn, school_id, returned, rental_datetime) VALUES ( 19 , 9853018508 , 3 , true, DATE '2022-03-06');
INSERT INTO rental (user_id, isbn, school_id, returned, rental_datetime) VALUES ( 19 , 2000443724 , 3 , true, DATE '2022-09-06');
INSERT INTO rental (user_id, isbn, school_id, returned, rental_datetime) VALUES ( 19 , 9108475039 , 3 , true, DATE '2023-05-04');
INSERT INTO rental (user_id, isbn, school_id, returned, rental_datetime) VALUES ( 19 , 2429194461 , 3 , true, DATE '2022-01-19');
INSERT INTO rental (user_id, isbn, school_id, returned, rental_datetime) VALUES ( 19 , 4784777953 , 3 , true, DATE '2022-02-10');
INSERT INTO rental (user_id, isbn, school_id, returned, rental_datetime) VALUES ( 19 , 7003509671 , 3 , true, DATE '2022-04-10');
INSERT INTO rental (user_id, isbn, school_id, returned, rental_datetime) VALUES ( 19 , 5522427813 , 3 , true, DATE '2022-03-10');
INSERT INTO rental (user_id, isbn, school_id, returned, rental_datetime) VALUES ( 19 , 3500372391 , 3 , true, DATE '2023-05-04');
INSERT INTO rental (user_id, isbn, school_id, returned, rental_datetime) VALUES ( 19 , 8318154054 , 3 , true, DATE '2022-10-22');
INSERT INTO rental (user_id, isbn, school_id, returned, rental_datetime) VALUES ( 19 , 6619824780 , 3 , true, DATE '2023-04-14');
INSERT INTO rental (user_id, isbn, school_id, returned, rental_datetime) VALUES ( 19 , 1102731847 , 3 , true, DATE '2022-11-23');
INSERT INTO rental (user_id, isbn, school_id, returned, rental_datetime) VALUES ( 19 , 7496521447 , 3 , true, DATE '2023-04-06');
INSERT INTO rental (user_id, isbn, school_id, returned, rental_datetime) VALUES ( 19 , 2813792257 , 3 , true, DATE '2022-11-01');
INSERT INTO rental (user_id, isbn, school_id, returned, rental_datetime) VALUES ( 25 , 3894934944 , 3 , true, DATE '2023-03-28');
INSERT INTO rental (user_id, isbn, school_id, returned, rental_datetime) VALUES ( 25 , 2607910542 , 3 , true, DATE '2022-02-16');
INSERT INTO rental (user_id, isbn, school_id, returned, rental_datetime) VALUES ( 25 , 9544065322 , 3 , true, DATE '2022-09-17');
INSERT INTO rental (user_id, isbn, school_id, returned, rental_datetime) VALUES ( 25 , 6471870199 , 3 , true, DATE '2022-10-02');
INSERT INTO rental (user_id, isbn, school_id, returned, rental_datetime) VALUES ( 25 , 3815202734 , 3 , true, DATE '2023-03-08');
INSERT INTO rental (user_id, isbn, school_id, returned, rental_datetime) VALUES ( 25 , 6007806658 , 3 , true, DATE '2023-01-11');
INSERT INTO rental (user_id, isbn, school_id, returned, rental_datetime) VALUES ( 25 , 9435836070 , 3 , true, DATE '2023-02-07');
INSERT INTO rental (user_id, isbn, school_id, returned, rental_datetime) VALUES ( 25 , 9468618771 , 3 , true, DATE '2023-02-11');
INSERT INTO rental (user_id, isbn, school_id, returned, rental_datetime) VALUES ( 25 , 8208611606 , 3 , true, DATE '2022-02-20');
INSERT INTO rental (user_id, isbn, school_id, returned, rental_datetime) VALUES ( 25 , 4168408215 , 3 , true, DATE '2023-05-18');
INSERT INTO rental (user_id, isbn, school_id, returned, rental_datetime) VALUES ( 25 , 2380165340 , 3 , true, DATE '2022-02-19');
INSERT INTO rental (user_id, isbn, school_id, returned, rental_datetime) VALUES ( 25 , 6135710346 , 3 , true, DATE '2022-07-25');
INSERT INTO rental (user_id, isbn, school_id, returned, rental_datetime) VALUES ( 25 , 9998171052 , 3 , true, DATE '2022-07-15');
INSERT INTO rental (user_id, isbn, school_id, returned, rental_datetime) VALUES ( 25 , 5490975990 , 3 , true, DATE '2023-03-19');
INSERT INTO rental (user_id, isbn, school_id, returned, rental_datetime) VALUES ( 25 , 9108475039 , 3 , true, DATE '2023-03-18');
INSERT INTO rental (user_id, isbn, school_id, returned, rental_datetime) VALUES ( 25 , 2429194461 , 3 , true, DATE '2022-04-01');
INSERT INTO rental (user_id, isbn, school_id, returned, rental_datetime) VALUES ( 25 , 1172331314 , 3 , true, DATE '2022-01-15');
INSERT INTO rental (user_id, isbn, school_id, returned, rental_datetime) VALUES ( 25 , 6799307304 , 3 , true, DATE '2022-08-28');
INSERT INTO rental (user_id, isbn, school_id, returned, rental_datetime) VALUES ( 25 , 4784777953 , 3 , true, DATE '2022-10-11');
INSERT INTO rental (user_id, isbn, school_id, returned, rental_datetime) VALUES ( 25 , 7003509671 , 3 , true, DATE '2023-03-06');
INSERT INTO rental (user_id, isbn, school_id, returned, rental_datetime) VALUES ( 25 , 5522427813 , 3 , true, DATE '2023-05-09');
INSERT INTO rental (user_id, isbn, school_id, returned, rental_datetime) VALUES ( 25 , 2765518761 , 3 , true, DATE '2023-01-07');
INSERT INTO rental (user_id, isbn, school_id, returned, rental_datetime) VALUES ( 25 , 6619824780 , 3 , true, DATE '2022-12-02');
INSERT INTO rental (user_id, isbn, school_id, returned, rental_datetime) VALUES ( 25 , 1102731847 , 3 , true, DATE '2022-09-08');
INSERT INTO rental (user_id, isbn, school_id, returned, rental_datetime) VALUES ( 25 , 7496521447 , 3 , true, DATE '2022-08-26');
INSERT INTO rental (user_id, isbn, school_id, returned, rental_datetime) VALUES ( 25 , 6062613673 , 3 , true, DATE '2023-05-14');
INSERT INTO rental (user_id, isbn, school_id, returned, rental_datetime) VALUES ( 25 , 7314199723 , 3 , true, DATE '2022-07-04');
INSERT INTO rental (user_id, isbn, school_id, returned, rental_datetime) VALUES ( 25 , 9367291889 , 3 , true, DATE '2023-03-18');
INSERT INTO rental (user_id, isbn, school_id, returned, rental_datetime) VALUES ( 25 , 7698775525 , 3 , true, DATE '2022-03-16');
INSERT INTO rental (user_id, isbn, school_id, returned, rental_datetime) VALUES ( 25 , 2813792257 , 3 , true, DATE '2022-07-27');
INSERT INTO rental (user_id, isbn, school_id, returned, rental_datetime) VALUES ( 26 , 3894934944 , 3 , true, DATE '2022-01-25');
INSERT INTO rental (user_id, isbn, school_id, returned, rental_datetime) VALUES ( 26 , 9544065322 , 3 , true, DATE '2022-12-14');
INSERT INTO rental (user_id, isbn, school_id, returned, rental_datetime) VALUES ( 26 , 6471870199 , 3 , true, DATE '2022-10-17');
INSERT INTO rental (user_id, isbn, school_id, returned, rental_datetime) VALUES ( 26 , 9435836070 , 3 , true, DATE '2022-03-01');
INSERT INTO rental (user_id, isbn, school_id, returned, rental_datetime) VALUES ( 26 , 5559085296 , 3 , true, DATE '2022-04-20');
INSERT INTO rental (user_id, isbn, school_id, returned, rental_datetime) VALUES ( 26 , 9468618771 , 3 , true, DATE '2022-11-15');
INSERT INTO rental (user_id, isbn, school_id, returned, rental_datetime) VALUES ( 26 , 1302599992 , 3 , true, DATE '2023-02-23');
INSERT INTO rental (user_id, isbn, school_id, returned, rental_datetime) VALUES ( 26 , 8208611606 , 3 , true, DATE '2022-09-07');
INSERT INTO rental (user_id, isbn, school_id, returned, rental_datetime) VALUES ( 26 , 6135710346 , 3 , true, DATE '2023-01-20');
INSERT INTO rental (user_id, isbn, school_id, returned, rental_datetime) VALUES ( 26 , 9853018508 , 3 , true, DATE '2023-01-09');
INSERT INTO rental (user_id, isbn, school_id, returned, rental_datetime) VALUES ( 26 , 2000443724 , 3 , true, DATE '2022-10-12');
INSERT INTO rental (user_id, isbn, school_id, returned, rental_datetime) VALUES ( 26 , 9108475039 , 3 , true, DATE '2022-11-14');
INSERT INTO rental (user_id, isbn, school_id, returned, rental_datetime) VALUES ( 26 , 1172331314 , 3 , true, DATE '2022-07-28');
INSERT INTO rental (user_id, isbn, school_id, returned, rental_datetime) VALUES ( 26 , 6799307304 , 3 , true, DATE '2022-03-19');
INSERT INTO rental (user_id, isbn, school_id, returned, rental_datetime) VALUES ( 26 , 4784777953 , 3 , true, DATE '2022-01-09');
INSERT INTO rental (user_id, isbn, school_id, returned, rental_datetime) VALUES ( 26 , 7003509671 , 3 , true, DATE '2022-11-21');
INSERT INTO rental (user_id, isbn, school_id, returned, rental_datetime) VALUES ( 26 , 5522427813 , 3 , true, DATE '2023-05-13');
INSERT INTO rental (user_id, isbn, school_id, returned, rental_datetime) VALUES ( 26 , 2765518761 , 3 , true, DATE '2023-02-02');
INSERT INTO rental (user_id, isbn, school_id, returned, rental_datetime) VALUES ( 26 , 8318154054 , 3 , true, DATE '2023-05-25');
INSERT INTO rental (user_id, isbn, school_id, returned, rental_datetime) VALUES ( 26 , 6619824780 , 3 , true, DATE '2023-01-01');
INSERT INTO rental (user_id, isbn, school_id, returned, rental_datetime) VALUES ( 26 , 1102731847 , 3 , true, DATE '2023-04-26');
INSERT INTO rental (user_id, isbn, school_id, returned, rental_datetime) VALUES ( 26 , 7496521447 , 3 , true, DATE '2022-01-05');
INSERT INTO rental (user_id, isbn, school_id, returned, rental_datetime) VALUES ( 26 , 6062613673 , 3 , true, DATE '2023-02-15');
INSERT INTO rental (user_id, isbn, school_id, returned, rental_datetime) VALUES ( 26 , 9367291889 , 3 , true, DATE '2022-10-21');
INSERT INTO rental (user_id, isbn, school_id, returned, rental_datetime) VALUES ( 26 , 7698775525 , 3 , true, DATE '2022-07-18');
INSERT INTO rental (user_id, isbn, school_id, returned, rental_datetime) VALUES ( 26 , 2813792257 , 3 , true, DATE '2022-12-25');
INSERT INTO rental (user_id, isbn, school_id, returned, rental_datetime) VALUES ( 33 , 3894934944 , 3 , true, DATE '2022-12-10');
INSERT INTO rental (user_id, isbn, school_id, returned, rental_datetime) VALUES ( 33 , 2607910542 , 3 , true, DATE '2022-01-03');
INSERT INTO rental (user_id, isbn, school_id, returned, rental_datetime) VALUES ( 33 , 9544065322 , 3 , true, DATE '2023-02-07');
INSERT INTO rental (user_id, isbn, school_id, returned, rental_datetime) VALUES ( 33 , 6471870199 , 3 , true, DATE '2022-03-10');
INSERT INTO rental (user_id, isbn, school_id, returned, rental_datetime) VALUES ( 33 , 5559085296 , 3 , true, DATE '2022-12-17');
INSERT INTO rental (user_id, isbn, school_id, returned, rental_datetime) VALUES ( 33 , 9468618771 , 3 , true, DATE '2023-03-05');
INSERT INTO rental (user_id, isbn, school_id, returned, rental_datetime) VALUES ( 33 , 1302599992 , 3 , true, DATE '2023-03-16');
INSERT INTO rental (user_id, isbn, school_id, returned, rental_datetime) VALUES ( 33 , 8208611606 , 3 , true, DATE '2022-11-18');
INSERT INTO rental (user_id, isbn, school_id, returned, rental_datetime) VALUES ( 33 , 4168408215 , 3 , true, DATE '2023-05-11');
INSERT INTO rental (user_id, isbn, school_id, returned, rental_datetime) VALUES ( 33 , 2380165340 , 3 , true, DATE '2022-11-07');
INSERT INTO rental (user_id, isbn, school_id, returned, rental_datetime) VALUES ( 33 , 6135710346 , 3 , true, DATE '2023-01-01');
INSERT INTO rental (user_id, isbn, school_id, returned, rental_datetime) VALUES ( 33 , 5490975990 , 3 , true, DATE '2023-02-28');
INSERT INTO rental (user_id, isbn, school_id, returned, rental_datetime) VALUES ( 33 , 9853018508 , 3 , true, DATE '2022-07-07');
INSERT INTO rental (user_id, isbn, school_id, returned, rental_datetime) VALUES ( 33 , 2000443724 , 3 , true, DATE '2022-01-23');
INSERT INTO rental (user_id, isbn, school_id, returned, rental_datetime) VALUES ( 33 , 9108475039 , 3 , true, DATE '2022-12-28');
INSERT INTO rental (user_id, isbn, school_id, returned, rental_datetime) VALUES ( 33 , 2429194461 , 3 , true, DATE '2022-12-08');
INSERT INTO rental (user_id, isbn, school_id, returned, rental_datetime) VALUES ( 33 , 1172331314 , 3 , true, DATE '2022-07-21');
INSERT INTO rental (user_id, isbn, school_id, returned, rental_datetime) VALUES ( 33 , 6799307304 , 3 , true, DATE '2022-12-13');
INSERT INTO rental (user_id, isbn, school_id, returned, rental_datetime) VALUES ( 33 , 4784777953 , 3 , true, DATE '2022-12-14');
INSERT INTO rental (user_id, isbn, school_id, returned, rental_datetime) VALUES ( 33 , 5522427813 , 3 , true, DATE '2023-01-01');
INSERT INTO rental (user_id, isbn, school_id, returned, rental_datetime) VALUES ( 33 , 3500372391 , 3 , true, DATE '2023-02-24');
INSERT INTO rental (user_id, isbn, school_id, returned, rental_datetime) VALUES ( 33 , 2765518761 , 3 , true, DATE '2023-02-08');
INSERT INTO rental (user_id, isbn, school_id, returned, rental_datetime) VALUES ( 33 , 6619824780 , 3 , true, DATE '2023-02-01');
INSERT INTO rental (user_id, isbn, school_id, returned, rental_datetime) VALUES ( 33 , 7496521447 , 3 , true, DATE '2022-11-26');
INSERT INTO rental (user_id, isbn, school_id, returned, rental_datetime) VALUES ( 33 , 7314199723 , 3 , true, DATE '2022-01-21');
INSERT INTO rental (user_id, isbn, school_id, returned, rental_datetime) VALUES ( 33 , 9367291889 , 3 , true, DATE '2022-12-23');
INSERT INTO rental (user_id, isbn, school_id, returned, rental_datetime) VALUES ( 33 , 7698775525 , 3 , true, DATE '2023-02-24');
INSERT INTO rental (user_id, isbn, school_id, returned, rental_datetime) VALUES ( 33 , 2813792257 , 3 , true, DATE '2022-02-17');
INSERT INTO rental (user_id, isbn, school_id, returned, rental_datetime) VALUES ( 36 , 9544065322 , 3 , true, DATE '2022-03-15');
INSERT INTO rental (user_id, isbn, school_id, returned, rental_datetime) VALUES ( 36 , 6471870199 , 3 , true, DATE '2022-04-23');
INSERT INTO rental (user_id, isbn, school_id, returned, rental_datetime) VALUES ( 36 , 3815202734 , 3 , true, DATE '2022-01-05');
INSERT INTO rental (user_id, isbn, school_id, returned, rental_datetime) VALUES ( 36 , 6007806658 , 3 , true, DATE '2023-04-19');
INSERT INTO rental (user_id, isbn, school_id, returned, rental_datetime) VALUES ( 36 , 9435836070 , 3 , true, DATE '2022-11-16');
INSERT INTO rental (user_id, isbn, school_id, returned, rental_datetime) VALUES ( 36 , 5559085296 , 3 , true, DATE '2022-11-15');
INSERT INTO rental (user_id, isbn, school_id, returned, rental_datetime) VALUES ( 36 , 9468618771 , 3 , true, DATE '2023-04-14');
INSERT INTO rental (user_id, isbn, school_id, returned, rental_datetime) VALUES ( 36 , 1302599992 , 3 , true, DATE '2022-01-28');
INSERT INTO rental (user_id, isbn, school_id, returned, rental_datetime) VALUES ( 36 , 8208611606 , 3 , true, DATE '2022-07-17');
INSERT INTO rental (user_id, isbn, school_id, returned, rental_datetime) VALUES ( 36 , 4168408215 , 3 , true, DATE '2022-03-23');
INSERT INTO rental (user_id, isbn, school_id, returned, rental_datetime) VALUES ( 36 , 2380165340 , 3 , true, DATE '2022-02-07');
INSERT INTO rental (user_id, isbn, school_id, returned, rental_datetime) VALUES ( 36 , 6135710346 , 3 , true, DATE '2022-11-11');
INSERT INTO rental (user_id, isbn, school_id, returned, rental_datetime) VALUES ( 36 , 9998171052 , 3 , true, DATE '2022-08-03');
INSERT INTO rental (user_id, isbn, school_id, returned, rental_datetime) VALUES ( 36 , 5490975990 , 3 , true, DATE '2022-09-16');
INSERT INTO rental (user_id, isbn, school_id, returned, rental_datetime) VALUES ( 36 , 9853018508 , 3 , true, DATE '2022-10-06');
INSERT INTO rental (user_id, isbn, school_id, returned, rental_datetime) VALUES ( 36 , 2000443724 , 3 , true, DATE '2023-02-01');
INSERT INTO rental (user_id, isbn, school_id, returned, rental_datetime) VALUES ( 36 , 2429194461 , 3 , true, DATE '2022-02-26');
INSERT INTO rental (user_id, isbn, school_id, returned, rental_datetime) VALUES ( 36 , 1172331314 , 3 , true, DATE '2023-01-15');
INSERT INTO rental (user_id, isbn, school_id, returned, rental_datetime) VALUES ( 36 , 6799307304 , 3 , true, DATE '2022-12-10');
INSERT INTO rental (user_id, isbn, school_id, returned, rental_datetime) VALUES ( 36 , 7003509671 , 3 , true, DATE '2022-11-10');
INSERT INTO rental (user_id, isbn, school_id, returned, rental_datetime) VALUES ( 36 , 5522427813 , 3 , true, DATE '2022-01-09');
INSERT INTO rental (user_id, isbn, school_id, returned, rental_datetime) VALUES ( 36 , 3500372391 , 3 , true, DATE '2022-08-22');
INSERT INTO rental (user_id, isbn, school_id, returned, rental_datetime) VALUES ( 36 , 2765518761 , 3 , true, DATE '2022-09-15');
INSERT INTO rental (user_id, isbn, school_id, returned, rental_datetime) VALUES ( 36 , 6619824780 , 3 , true, DATE '2022-10-09');
INSERT INTO rental (user_id, isbn, school_id, returned, rental_datetime) VALUES ( 36 , 7496521447 , 3 , true, DATE '2022-03-23');
INSERT INTO rental (user_id, isbn, school_id, returned, rental_datetime) VALUES ( 36 , 6062613673 , 3 , true, DATE '2023-04-24');
INSERT INTO rental (user_id, isbn, school_id, returned, rental_datetime) VALUES ( 36 , 7698775525 , 3 , true, DATE '2022-03-19');
INSERT INTO rental (user_id, isbn, school_id, returned, rental_datetime) VALUES ( 36 , 2813792257 , 3 , true, DATE '2022-02-01');
INSERT INTO rental (user_id, isbn, school_id, returned, rental_datetime) VALUES ( 40 , 2607910542 , 3 , true, DATE '2022-08-06');
INSERT INTO rental (user_id, isbn, school_id, returned, rental_datetime) VALUES ( 40 , 9544065322 , 3 , true, DATE '2022-07-26');
INSERT INTO rental (user_id, isbn, school_id, returned, rental_datetime) VALUES ( 40 , 6471870199 , 3 , true, DATE '2022-01-20');
INSERT INTO rental (user_id, isbn, school_id, returned, rental_datetime) VALUES ( 40 , 3815202734 , 3 , true, DATE '2023-02-17');
INSERT INTO rental (user_id, isbn, school_id, returned, rental_datetime) VALUES ( 40 , 6007806658 , 3 , true, DATE '2022-10-14');
INSERT INTO rental (user_id, isbn, school_id, returned, rental_datetime) VALUES ( 40 , 9435836070 , 3 , true, DATE '2023-05-07');
INSERT INTO rental (user_id, isbn, school_id, returned, rental_datetime) VALUES ( 40 , 9468618771 , 3 , true, DATE '2022-12-11');
INSERT INTO rental (user_id, isbn, school_id, returned, rental_datetime) VALUES ( 40 , 8208611606 , 3 , true, DATE '2023-01-12');
INSERT INTO rental (user_id, isbn, school_id, returned, rental_datetime) VALUES ( 40 , 4168408215 , 3 , true, DATE '2022-03-24');
INSERT INTO rental (user_id, isbn, school_id, returned, rental_datetime) VALUES ( 40 , 2380165340 , 3 , true, DATE '2022-03-14');
INSERT INTO rental (user_id, isbn, school_id, returned, rental_datetime) VALUES ( 40 , 6135710346 , 3 , true, DATE '2023-03-13');
INSERT INTO rental (user_id, isbn, school_id, returned, rental_datetime) VALUES ( 40 , 9998171052 , 3 , true, DATE '2022-12-01');
INSERT INTO rental (user_id, isbn, school_id, returned, rental_datetime) VALUES ( 40 , 5490975990 , 3 , true, DATE '2022-04-11');
INSERT INTO rental (user_id, isbn, school_id, returned, rental_datetime) VALUES ( 40 , 9853018508 , 3 , true, DATE '2022-07-27');
INSERT INTO rental (user_id, isbn, school_id, returned, rental_datetime) VALUES ( 40 , 2000443724 , 3 , true, DATE '2023-02-04');
INSERT INTO rental (user_id, isbn, school_id, returned, rental_datetime) VALUES ( 40 , 9108475039 , 3 , true, DATE '2022-11-05');
INSERT INTO rental (user_id, isbn, school_id, returned, rental_datetime) VALUES ( 40 , 1172331314 , 3 , true, DATE '2022-03-21');
INSERT INTO rental (user_id, isbn, school_id, returned, rental_datetime) VALUES ( 40 , 6799307304 , 3 , true, DATE '2022-12-26');
INSERT INTO rental (user_id, isbn, school_id, returned, rental_datetime) VALUES ( 40 , 7003509671 , 3 , true, DATE '2023-01-09');
INSERT INTO rental (user_id, isbn, school_id, returned, rental_datetime) VALUES ( 40 , 5522427813 , 3 , true, DATE '2023-01-04');
INSERT INTO rental (user_id, isbn, school_id, returned, rental_datetime) VALUES ( 40 , 3500372391 , 3 , true, DATE '2022-11-20');
INSERT INTO rental (user_id, isbn, school_id, returned, rental_datetime) VALUES ( 40 , 2765518761 , 3 , true, DATE '2022-09-19');
INSERT INTO rental (user_id, isbn, school_id, returned, rental_datetime) VALUES ( 40 , 8318154054 , 3 , true, DATE '2022-04-03');
INSERT INTO rental (user_id, isbn, school_id, returned, rental_datetime) VALUES ( 40 , 6619824780 , 3 , true, DATE '2023-01-25');
INSERT INTO rental (user_id, isbn, school_id, returned, rental_datetime) VALUES ( 40 , 1102731847 , 3 , true, DATE '2022-12-10');
INSERT INTO rental (user_id, isbn, school_id, returned, rental_datetime) VALUES ( 40 , 7496521447 , 3 , true, DATE '2023-02-02');
INSERT INTO rental (user_id, isbn, school_id, returned, rental_datetime) VALUES ( 40 , 6062613673 , 3 , true, DATE '2022-10-27');
INSERT INTO rental (user_id, isbn, school_id, returned, rental_datetime) VALUES ( 40 , 7314199723 , 3 , true, DATE '2023-01-03');
INSERT INTO rental (user_id, isbn, school_id, returned, rental_datetime) VALUES ( 40 , 7698775525 , 3 , true, DATE '2022-09-25');
INSERT INTO rental (user_id, isbn, school_id, returned, rental_datetime) VALUES ( 6 , 9288824891 , 4 , true, DATE '2022-11-22');
INSERT INTO rental (user_id, isbn, school_id, returned, rental_datetime) VALUES ( 6 , 9906261493 , 4 , true, DATE '2022-03-21');
INSERT INTO rental (user_id, isbn, school_id, returned, rental_datetime) VALUES ( 6 , 4265313933 , 4 , true, DATE '2022-01-05');
INSERT INTO rental (user_id, isbn, school_id, returned, rental_datetime) VALUES ( 6 , 9586608353 , 4 , true, DATE '2022-09-06');
INSERT INTO rental (user_id, isbn, school_id, returned, rental_datetime) VALUES ( 6 , 1925026856 , 4 , true, DATE '2022-07-18');
INSERT INTO rental (user_id, isbn, school_id, returned, rental_datetime) VALUES ( 6 , 6216131837 , 4 , true, DATE '2022-08-18');
INSERT INTO rental (user_id, isbn, school_id, returned, rental_datetime) VALUES ( 6 , 1997415393 , 4 , true, DATE '2022-01-13');
INSERT INTO rental (user_id, isbn, school_id, returned, rental_datetime) VALUES ( 6 , 8130199503 , 4 , true, DATE '2022-03-12');
INSERT INTO rental (user_id, isbn, school_id, returned, rental_datetime) VALUES ( 6 , 1384155897 , 4 , true, DATE '2022-12-07');
INSERT INTO rental (user_id, isbn, school_id, returned, rental_datetime) VALUES ( 6 , 2970790709 , 4 , true, DATE '2022-02-19');
INSERT INTO rental (user_id, isbn, school_id, returned, rental_datetime) VALUES ( 6 , 2863418759 , 4 , true, DATE '2022-09-19');
INSERT INTO rental (user_id, isbn, school_id, returned, rental_datetime) VALUES ( 6 , 4673644090 , 4 , true, DATE '2023-05-20');
INSERT INTO rental (user_id, isbn, school_id, returned, rental_datetime) VALUES ( 6 , 8740830025 , 4 , true, DATE '2022-01-11');
INSERT INTO rental (user_id, isbn, school_id, returned, rental_datetime) VALUES ( 6 , 8012693106 , 4 , true, DATE '2022-02-07');
INSERT INTO rental (user_id, isbn, school_id, returned, rental_datetime) VALUES ( 6 , 1767344444 , 4 , true, DATE '2022-07-12');
INSERT INTO rental (user_id, isbn, school_id, returned, rental_datetime) VALUES ( 6 , 5022354908 , 4 , true, DATE '2022-04-14');
INSERT INTO rental (user_id, isbn, school_id, returned, rental_datetime) VALUES ( 6 , 6672853558 , 4 , true, DATE '2023-04-27');
INSERT INTO rental (user_id, isbn, school_id, returned, rental_datetime) VALUES ( 6 , 4343900643 , 4 , true, DATE '2023-01-24');
INSERT INTO rental (user_id, isbn, school_id, returned, rental_datetime) VALUES ( 6 , 6128487778 , 4 , true, DATE '2022-03-15');
INSERT INTO rental (user_id, isbn, school_id, returned, rental_datetime) VALUES ( 6 , 5782425652 , 4 , true, DATE '2022-02-16');
INSERT INTO rental (user_id, isbn, school_id, returned, rental_datetime) VALUES ( 6 , 8148697411 , 4 , true, DATE '2023-04-04');
INSERT INTO rental (user_id, isbn, school_id, returned, rental_datetime) VALUES ( 6 , 6786833649 , 4 , true, DATE '2022-04-13');
INSERT INTO rental (user_id, isbn, school_id, returned, rental_datetime) VALUES ( 6 , 1810706413 , 4 , true, DATE '2022-03-14');
INSERT INTO rental (user_id, isbn, school_id, returned, rental_datetime) VALUES ( 6 , 1175770259 , 4 , true, DATE '2022-08-06');
INSERT INTO rental (user_id, isbn, school_id, returned, rental_datetime) VALUES ( 6 , 1351173333 , 4 , true, DATE '2022-09-21');
INSERT INTO rental (user_id, isbn, school_id, returned, rental_datetime) VALUES ( 6 , 2964027640 , 4 , true, DATE '2022-09-03');
INSERT INTO rental (user_id, isbn, school_id, returned, rental_datetime) VALUES ( 7 , 9288824891 , 4 , true, DATE '2022-11-17');
INSERT INTO rental (user_id, isbn, school_id, returned, rental_datetime) VALUES ( 7 , 9906261493 , 4 , true, DATE '2022-07-16');
INSERT INTO rental (user_id, isbn, school_id, returned, rental_datetime) VALUES ( 7 , 9586608353 , 4 , true, DATE '2022-02-02');
INSERT INTO rental (user_id, isbn, school_id, returned, rental_datetime) VALUES ( 7 , 1925026856 , 4 , true, DATE '2023-04-27');
INSERT INTO rental (user_id, isbn, school_id, returned, rental_datetime) VALUES ( 7 , 6216131837 , 4 , true, DATE '2023-02-21');
INSERT INTO rental (user_id, isbn, school_id, returned, rental_datetime) VALUES ( 7 , 1848523716 , 4 , true, DATE '2022-02-11');
INSERT INTO rental (user_id, isbn, school_id, returned, rental_datetime) VALUES ( 7 , 1997415393 , 4 , true, DATE '2022-09-01');
INSERT INTO rental (user_id, isbn, school_id, returned, rental_datetime) VALUES ( 7 , 8130199503 , 4 , true, DATE '2022-10-22');
INSERT INTO rental (user_id, isbn, school_id, returned, rental_datetime) VALUES ( 7 , 2970790709 , 4 , true, DATE '2022-10-19');
INSERT INTO rental (user_id, isbn, school_id, returned, rental_datetime) VALUES ( 7 , 9492000776 , 4 , true, DATE '2022-08-01');
INSERT INTO rental (user_id, isbn, school_id, returned, rental_datetime) VALUES ( 7 , 7795672250 , 4 , true, DATE '2022-02-20');
INSERT INTO rental (user_id, isbn, school_id, returned, rental_datetime) VALUES ( 7 , 4673644090 , 4 , true, DATE '2022-04-14');
INSERT INTO rental (user_id, isbn, school_id, returned, rental_datetime) VALUES ( 7 , 8740830025 , 4 , true, DATE '2022-04-17');
INSERT INTO rental (user_id, isbn, school_id, returned, rental_datetime) VALUES ( 7 , 5409643304 , 4 , true, DATE '2023-04-23');
INSERT INTO rental (user_id, isbn, school_id, returned, rental_datetime) VALUES ( 7 , 8012693106 , 4 , true, DATE '2023-01-19');
INSERT INTO rental (user_id, isbn, school_id, returned, rental_datetime) VALUES ( 7 , 2184315378 , 4 , true, DATE '2022-01-17');
INSERT INTO rental (user_id, isbn, school_id, returned, rental_datetime) VALUES ( 7 , 8236129674 , 4 , true, DATE '2023-02-02');
INSERT INTO rental (user_id, isbn, school_id, returned, rental_datetime) VALUES ( 7 , 3835918086 , 4 , true, DATE '2022-03-11');
INSERT INTO rental (user_id, isbn, school_id, returned, rental_datetime) VALUES ( 7 , 1767344444 , 4 , true, DATE '2023-02-06');
INSERT INTO rental (user_id, isbn, school_id, returned, rental_datetime) VALUES ( 7 , 5387612134 , 4 , true, DATE '2022-02-15');
INSERT INTO rental (user_id, isbn, school_id, returned, rental_datetime) VALUES ( 7 , 6672853558 , 4 , true, DATE '2022-08-09');
INSERT INTO rental (user_id, isbn, school_id, returned, rental_datetime) VALUES ( 7 , 4343900643 , 4 , true, DATE '2022-03-17');
INSERT INTO rental (user_id, isbn, school_id, returned, rental_datetime) VALUES ( 7 , 6128487778 , 4 , true, DATE '2022-11-12');
INSERT INTO rental (user_id, isbn, school_id, returned, rental_datetime) VALUES ( 7 , 2045666475 , 4 , true, DATE '2022-07-21');
INSERT INTO rental (user_id, isbn, school_id, returned, rental_datetime) VALUES ( 7 , 5782425652 , 4 , true, DATE '2022-11-03');
INSERT INTO rental (user_id, isbn, school_id, returned, rental_datetime) VALUES ( 7 , 9790907362 , 4 , true, DATE '2022-03-25');
INSERT INTO rental (user_id, isbn, school_id, returned, rental_datetime) VALUES ( 7 , 8148697411 , 4 , true, DATE '2023-04-04');
INSERT INTO rental (user_id, isbn, school_id, returned, rental_datetime) VALUES ( 7 , 6786833649 , 4 , true, DATE '2022-02-13');
INSERT INTO rental (user_id, isbn, school_id, returned, rental_datetime) VALUES ( 7 , 9843105486 , 4 , true, DATE '2022-02-03');
INSERT INTO rental (user_id, isbn, school_id, returned, rental_datetime) VALUES ( 7 , 2470679337 , 4 , true, DATE '2023-03-02');
INSERT INTO rental (user_id, isbn, school_id, returned, rental_datetime) VALUES ( 7 , 1810706413 , 4 , true, DATE '2022-03-22');
INSERT INTO rental (user_id, isbn, school_id, returned, rental_datetime) VALUES ( 7 , 1175770259 , 4 , true, DATE '2022-09-12');
INSERT INTO rental (user_id, isbn, school_id, returned, rental_datetime) VALUES ( 7 , 1351173333 , 4 , true, DATE '2023-04-15');
INSERT INTO rental (user_id, isbn, school_id, returned, rental_datetime) VALUES ( 7 , 2964027640 , 4 , true, DATE '2022-09-02');
INSERT INTO rental (user_id, isbn, school_id, returned, rental_datetime) VALUES ( 9 , 9906261493 , 4 , true, DATE '2022-07-02');
INSERT INTO rental (user_id, isbn, school_id, returned, rental_datetime) VALUES ( 9 , 9586608353 , 4 , true, DATE '2022-03-15');
INSERT INTO rental (user_id, isbn, school_id, returned, rental_datetime) VALUES ( 9 , 1925026856 , 4 , true, DATE '2022-02-02');
INSERT INTO rental (user_id, isbn, school_id, returned, rental_datetime) VALUES ( 9 , 3958891735 , 4 , true, DATE '2022-07-20');
INSERT INTO rental (user_id, isbn, school_id, returned, rental_datetime) VALUES ( 9 , 6216131837 , 4 , true, DATE '2023-02-15');
INSERT INTO rental (user_id, isbn, school_id, returned, rental_datetime) VALUES ( 9 , 9444239743 , 4 , true, DATE '2022-03-01');
INSERT INTO rental (user_id, isbn, school_id, returned, rental_datetime) VALUES ( 9 , 1997415393 , 4 , true, DATE '2022-07-01');
INSERT INTO rental (user_id, isbn, school_id, returned, rental_datetime) VALUES ( 9 , 8130199503 , 4 , true, DATE '2023-01-27');
INSERT INTO rental (user_id, isbn, school_id, returned, rental_datetime) VALUES ( 9 , 2970790709 , 4 , true, DATE '2022-08-07');
INSERT INTO rental (user_id, isbn, school_id, returned, rental_datetime) VALUES ( 9 , 9492000776 , 4 , true, DATE '2023-02-24');
INSERT INTO rental (user_id, isbn, school_id, returned, rental_datetime) VALUES ( 9 , 7795672250 , 4 , true, DATE '2022-10-27');
INSERT INTO rental (user_id, isbn, school_id, returned, rental_datetime) VALUES ( 9 , 5409643304 , 4 , true, DATE '2022-08-09');
INSERT INTO rental (user_id, isbn, school_id, returned, rental_datetime) VALUES ( 9 , 2184315378 , 4 , true, DATE '2022-11-22');
INSERT INTO rental (user_id, isbn, school_id, returned, rental_datetime) VALUES ( 9 , 8236129674 , 4 , true, DATE '2023-01-10');
INSERT INTO rental (user_id, isbn, school_id, returned, rental_datetime) VALUES ( 9 , 3835918086 , 4 , true, DATE '2022-02-25');
INSERT INTO rental (user_id, isbn, school_id, returned, rental_datetime) VALUES ( 9 , 5022354908 , 4 , true, DATE '2023-04-01');
INSERT INTO rental (user_id, isbn, school_id, returned, rental_datetime) VALUES ( 9 , 5387612134 , 4 , true, DATE '2023-03-14');
INSERT INTO rental (user_id, isbn, school_id, returned, rental_datetime) VALUES ( 9 , 6672853558 , 4 , true, DATE '2022-12-27');
INSERT INTO rental (user_id, isbn, school_id, returned, rental_datetime) VALUES ( 9 , 4343900643 , 4 , true, DATE '2023-04-03');
INSERT INTO rental (user_id, isbn, school_id, returned, rental_datetime) VALUES ( 9 , 6128487778 , 4 , true, DATE '2023-03-18');
INSERT INTO rental (user_id, isbn, school_id, returned, rental_datetime) VALUES ( 9 , 2045666475 , 4 , true, DATE '2022-11-24');
INSERT INTO rental (user_id, isbn, school_id, returned, rental_datetime) VALUES ( 9 , 5782425652 , 4 , true, DATE '2022-03-03');
INSERT INTO rental (user_id, isbn, school_id, returned, rental_datetime) VALUES ( 9 , 9790907362 , 4 , true, DATE '2023-04-11');
INSERT INTO rental (user_id, isbn, school_id, returned, rental_datetime) VALUES ( 9 , 8148697411 , 4 , true, DATE '2023-01-09');
INSERT INTO rental (user_id, isbn, school_id, returned, rental_datetime) VALUES ( 9 , 6786833649 , 4 , true, DATE '2022-12-17');
INSERT INTO rental (user_id, isbn, school_id, returned, rental_datetime) VALUES ( 9 , 9843105486 , 4 , true, DATE '2023-05-27');
INSERT INTO rental (user_id, isbn, school_id, returned, rental_datetime) VALUES ( 9 , 2470679337 , 4 , true, DATE '2022-08-13');
INSERT INTO rental (user_id, isbn, school_id, returned, rental_datetime) VALUES ( 9 , 1810706413 , 4 , true, DATE '2022-11-21');
INSERT INTO rental (user_id, isbn, school_id, returned, rental_datetime) VALUES ( 9 , 1175770259 , 4 , true, DATE '2023-02-25');
INSERT INTO rental (user_id, isbn, school_id, returned, rental_datetime) VALUES ( 9 , 1351173333 , 4 , true, DATE '2023-01-26');
INSERT INTO rental (user_id, isbn, school_id, returned, rental_datetime) VALUES ( 9 , 2964027640 , 4 , true, DATE '2022-01-14');
INSERT INTO rental (user_id, isbn, school_id, returned, rental_datetime) VALUES ( 23 , 9906261493 , 4 , true, DATE '2022-03-08');
INSERT INTO rental (user_id, isbn, school_id, returned, rental_datetime) VALUES ( 23 , 9586608353 , 4 , true, DATE '2022-02-28');
INSERT INTO rental (user_id, isbn, school_id, returned, rental_datetime) VALUES ( 23 , 6216131837 , 4 , true, DATE '2022-04-03');
INSERT INTO rental (user_id, isbn, school_id, returned, rental_datetime) VALUES ( 23 , 9444239743 , 4 , true, DATE '2022-08-22');
INSERT INTO rental (user_id, isbn, school_id, returned, rental_datetime) VALUES ( 23 , 8130199503 , 4 , true, DATE '2022-04-09');
INSERT INTO rental (user_id, isbn, school_id, returned, rental_datetime) VALUES ( 23 , 1384155897 , 4 , true, DATE '2022-07-04');
INSERT INTO rental (user_id, isbn, school_id, returned, rental_datetime) VALUES ( 23 , 2970790709 , 4 , true, DATE '2023-03-02');
INSERT INTO rental (user_id, isbn, school_id, returned, rental_datetime) VALUES ( 23 , 9492000776 , 4 , true, DATE '2022-11-21');
INSERT INTO rental (user_id, isbn, school_id, returned, rental_datetime) VALUES ( 23 , 7795672250 , 4 , true, DATE '2022-10-26');
INSERT INTO rental (user_id, isbn, school_id, returned, rental_datetime) VALUES ( 23 , 4673644090 , 4 , true, DATE '2022-07-02');
INSERT INTO rental (user_id, isbn, school_id, returned, rental_datetime) VALUES ( 23 , 8740830025 , 4 , true, DATE '2022-12-21');
INSERT INTO rental (user_id, isbn, school_id, returned, rental_datetime) VALUES ( 23 , 5409643304 , 4 , true, DATE '2022-04-21');
INSERT INTO rental (user_id, isbn, school_id, returned, rental_datetime) VALUES ( 23 , 8012693106 , 4 , true, DATE '2022-12-01');
INSERT INTO rental (user_id, isbn, school_id, returned, rental_datetime) VALUES ( 23 , 1767344444 , 4 , true, DATE '2023-01-23');
INSERT INTO rental (user_id, isbn, school_id, returned, rental_datetime) VALUES ( 23 , 5022354908 , 4 , true, DATE '2023-01-04');
INSERT INTO rental (user_id, isbn, school_id, returned, rental_datetime) VALUES ( 23 , 6672853558 , 4 , true, DATE '2022-01-04');
INSERT INTO rental (user_id, isbn, school_id, returned, rental_datetime) VALUES ( 23 , 6128487778 , 4 , true, DATE '2022-02-21');
INSERT INTO rental (user_id, isbn, school_id, returned, rental_datetime) VALUES ( 23 , 8148697411 , 4 , true, DATE '2022-10-16');
INSERT INTO rental (user_id, isbn, school_id, returned, rental_datetime) VALUES ( 23 , 6786833649 , 4 , true, DATE '2022-08-14');
INSERT INTO rental (user_id, isbn, school_id, returned, rental_datetime) VALUES ( 23 , 9843105486 , 4 , true, DATE '2023-03-13');
INSERT INTO rental (user_id, isbn, school_id, returned, rental_datetime) VALUES ( 23 , 1810706413 , 4 , true, DATE '2022-09-16');
INSERT INTO rental (user_id, isbn, school_id, returned, rental_datetime) VALUES ( 23 , 1175770259 , 4 , true, DATE '2022-09-08');
INSERT INTO rental (user_id, isbn, school_id, returned, rental_datetime) VALUES ( 23 , 1351173333 , 4 , true, DATE '2022-04-08');
INSERT INTO rental (user_id, isbn, school_id, returned, rental_datetime) VALUES ( 23 , 2964027640 , 4 , true, DATE '2022-11-12');
INSERT INTO rental (user_id, isbn, school_id, returned, rental_datetime) VALUES ( 29 , 9288824891 , 4 , true, DATE '2022-12-04');
INSERT INTO rental (user_id, isbn, school_id, returned, rental_datetime) VALUES ( 29 , 9906261493 , 4 , true, DATE '2022-03-02');
INSERT INTO rental (user_id, isbn, school_id, returned, rental_datetime) VALUES ( 29 , 1925026856 , 4 , true, DATE '2022-09-01');
INSERT INTO rental (user_id, isbn, school_id, returned, rental_datetime) VALUES ( 29 , 6216131837 , 4 , true, DATE '2022-07-09');
INSERT INTO rental (user_id, isbn, school_id, returned, rental_datetime) VALUES ( 29 , 1848523716 , 4 , true, DATE '2022-04-26');
INSERT INTO rental (user_id, isbn, school_id, returned, rental_datetime) VALUES ( 29 , 1997415393 , 4 , true, DATE '2023-02-18');
INSERT INTO rental (user_id, isbn, school_id, returned, rental_datetime) VALUES ( 29 , 8130199503 , 4 , true, DATE '2022-04-13');
INSERT INTO rental (user_id, isbn, school_id, returned, rental_datetime) VALUES ( 29 , 1384155897 , 4 , true, DATE '2022-10-12');
INSERT INTO rental (user_id, isbn, school_id, returned, rental_datetime) VALUES ( 29 , 2970790709 , 4 , true, DATE '2022-09-26');
INSERT INTO rental (user_id, isbn, school_id, returned, rental_datetime) VALUES ( 29 , 9492000776 , 4 , true, DATE '2022-02-11');
INSERT INTO rental (user_id, isbn, school_id, returned, rental_datetime) VALUES ( 29 , 2863418759 , 4 , true, DATE '2022-10-28');
INSERT INTO rental (user_id, isbn, school_id, returned, rental_datetime) VALUES ( 29 , 8740830025 , 4 , true, DATE '2022-08-23');
INSERT INTO rental (user_id, isbn, school_id, returned, rental_datetime) VALUES ( 29 , 5409643304 , 4 , true, DATE '2023-05-21');
INSERT INTO rental (user_id, isbn, school_id, returned, rental_datetime) VALUES ( 29 , 8012693106 , 4 , true, DATE '2023-03-25');
INSERT INTO rental (user_id, isbn, school_id, returned, rental_datetime) VALUES ( 29 , 2184315378 , 4 , true, DATE '2022-11-19');
INSERT INTO rental (user_id, isbn, school_id, returned, rental_datetime) VALUES ( 29 , 8236129674 , 4 , true, DATE '2022-01-03');
INSERT INTO rental (user_id, isbn, school_id, returned, rental_datetime) VALUES ( 29 , 1767344444 , 4 , true, DATE '2022-02-16');
INSERT INTO rental (user_id, isbn, school_id, returned, rental_datetime) VALUES ( 29 , 5387612134 , 4 , true, DATE '2023-05-22');
INSERT INTO rental (user_id, isbn, school_id, returned, rental_datetime) VALUES ( 29 , 6672853558 , 4 , true, DATE '2023-05-20');
INSERT INTO rental (user_id, isbn, school_id, returned, rental_datetime) VALUES ( 29 , 4343900643 , 4 , true, DATE '2022-04-26');
INSERT INTO rental (user_id, isbn, school_id, returned, rental_datetime) VALUES ( 29 , 2045666475 , 4 , true, DATE '2023-05-04');
INSERT INTO rental (user_id, isbn, school_id, returned, rental_datetime) VALUES ( 29 , 5782425652 , 4 , true, DATE '2023-03-02');
INSERT INTO rental (user_id, isbn, school_id, returned, rental_datetime) VALUES ( 29 , 9790907362 , 4 , true, DATE '2023-01-19');
INSERT INTO rental (user_id, isbn, school_id, returned, rental_datetime) VALUES ( 29 , 6786833649 , 4 , true, DATE '2022-09-08');
INSERT INTO rental (user_id, isbn, school_id, returned, rental_datetime) VALUES ( 29 , 9843105486 , 4 , true, DATE '2022-12-17');
INSERT INTO rental (user_id, isbn, school_id, returned, rental_datetime) VALUES ( 29 , 2470679337 , 4 , true, DATE '2022-08-15');
INSERT INTO rental (user_id, isbn, school_id, returned, rental_datetime) VALUES ( 29 , 1175770259 , 4 , true, DATE '2023-02-19');
INSERT INTO rental (user_id, isbn, school_id, returned, rental_datetime) VALUES ( 29 , 1351173333 , 4 , true, DATE '2022-03-18');
INSERT INTO rental (user_id, isbn, school_id, returned, rental_datetime) VALUES ( 29 , 2964027640 , 4 , true, DATE '2022-12-25');
INSERT INTO rental (user_id, isbn, school_id, returned, rental_datetime) VALUES ( 32 , 9288824891 , 4 , true, DATE '2022-01-21');
INSERT INTO rental (user_id, isbn, school_id, returned, rental_datetime) VALUES ( 32 , 9906261493 , 4 , true, DATE '2023-05-11');
INSERT INTO rental (user_id, isbn, school_id, returned, rental_datetime) VALUES ( 32 , 4265313933 , 4 , true, DATE '2023-02-06');
INSERT INTO rental (user_id, isbn, school_id, returned, rental_datetime) VALUES ( 32 , 9586608353 , 4 , true, DATE '2023-01-05');
INSERT INTO rental (user_id, isbn, school_id, returned, rental_datetime) VALUES ( 32 , 1925026856 , 4 , true, DATE '2022-02-20');
INSERT INTO rental (user_id, isbn, school_id, returned, rental_datetime) VALUES ( 32 , 3958891735 , 4 , true, DATE '2023-01-16');
INSERT INTO rental (user_id, isbn, school_id, returned, rental_datetime) VALUES ( 32 , 6216131837 , 4 , true, DATE '2023-01-06');
INSERT INTO rental (user_id, isbn, school_id, returned, rental_datetime) VALUES ( 32 , 9444239743 , 4 , true, DATE '2022-10-16');
INSERT INTO rental (user_id, isbn, school_id, returned, rental_datetime) VALUES ( 32 , 1848523716 , 4 , true, DATE '2023-04-13');
INSERT INTO rental (user_id, isbn, school_id, returned, rental_datetime) VALUES ( 32 , 1997415393 , 4 , true, DATE '2022-08-06');
INSERT INTO rental (user_id, isbn, school_id, returned, rental_datetime) VALUES ( 32 , 8130199503 , 4 , true, DATE '2022-08-11');
INSERT INTO rental (user_id, isbn, school_id, returned, rental_datetime) VALUES ( 32 , 1384155897 , 4 , true, DATE '2022-02-06');
INSERT INTO rental (user_id, isbn, school_id, returned, rental_datetime) VALUES ( 32 , 2863418759 , 4 , true, DATE '2022-04-21');
INSERT INTO rental (user_id, isbn, school_id, returned, rental_datetime) VALUES ( 32 , 7795672250 , 4 , true, DATE '2022-02-07');
INSERT INTO rental (user_id, isbn, school_id, returned, rental_datetime) VALUES ( 32 , 8740830025 , 4 , true, DATE '2022-07-04');
INSERT INTO rental (user_id, isbn, school_id, returned, rental_datetime) VALUES ( 32 , 2184315378 , 4 , true, DATE '2022-08-04');
INSERT INTO rental (user_id, isbn, school_id, returned, rental_datetime) VALUES ( 32 , 8236129674 , 4 , true, DATE '2022-10-23');
INSERT INTO rental (user_id, isbn, school_id, returned, rental_datetime) VALUES ( 32 , 3835918086 , 4 , true, DATE '2022-09-14');
INSERT INTO rental (user_id, isbn, school_id, returned, rental_datetime) VALUES ( 32 , 1767344444 , 4 , true, DATE '2022-03-28');
INSERT INTO rental (user_id, isbn, school_id, returned, rental_datetime) VALUES ( 32 , 5387612134 , 4 , true, DATE '2023-03-22');
INSERT INTO rental (user_id, isbn, school_id, returned, rental_datetime) VALUES ( 32 , 6672853558 , 4 , true, DATE '2022-10-23');
INSERT INTO rental (user_id, isbn, school_id, returned, rental_datetime) VALUES ( 32 , 4343900643 , 4 , true, DATE '2022-09-08');
INSERT INTO rental (user_id, isbn, school_id, returned, rental_datetime) VALUES ( 32 , 6128487778 , 4 , true, DATE '2023-05-05');
INSERT INTO rental (user_id, isbn, school_id, returned, rental_datetime) VALUES ( 32 , 2045666475 , 4 , true, DATE '2022-01-03');
INSERT INTO rental (user_id, isbn, school_id, returned, rental_datetime) VALUES ( 32 , 9790907362 , 4 , true, DATE '2022-07-23');
INSERT INTO rental (user_id, isbn, school_id, returned, rental_datetime) VALUES ( 32 , 8148697411 , 4 , true, DATE '2022-08-09');
INSERT INTO rental (user_id, isbn, school_id, returned, rental_datetime) VALUES ( 32 , 6786833649 , 4 , true, DATE '2022-11-06');
INSERT INTO rental (user_id, isbn, school_id, returned, rental_datetime) VALUES ( 32 , 9843105486 , 4 , true, DATE '2022-09-26');
INSERT INTO rental (user_id, isbn, school_id, returned, rental_datetime) VALUES ( 32 , 1810706413 , 4 , true, DATE '2022-09-14');
INSERT INTO rental (user_id, isbn, school_id, returned, rental_datetime) VALUES ( 32 , 1351173333 , 4 , true, DATE '2023-05-13');
INSERT INTO rental (user_id, isbn, school_id, returned, rental_datetime) VALUES ( 39 , 9288824891 , 4 , true, DATE '2022-04-22');
INSERT INTO rental (user_id, isbn, school_id, returned, rental_datetime) VALUES ( 39 , 9906261493 , 4 , true, DATE '2023-04-26');
INSERT INTO rental (user_id, isbn, school_id, returned, rental_datetime) VALUES ( 39 , 4265313933 , 4 , true, DATE '2022-12-17');
INSERT INTO rental (user_id, isbn, school_id, returned, rental_datetime) VALUES ( 39 , 1925026856 , 4 , true, DATE '2022-12-22');
INSERT INTO rental (user_id, isbn, school_id, returned, rental_datetime) VALUES ( 39 , 9444239743 , 4 , true, DATE '2022-11-28');
INSERT INTO rental (user_id, isbn, school_id, returned, rental_datetime) VALUES ( 39 , 1848523716 , 4 , true, DATE '2023-03-02');
INSERT INTO rental (user_id, isbn, school_id, returned, rental_datetime) VALUES ( 39 , 1384155897 , 4 , true, DATE '2022-12-27');
INSERT INTO rental (user_id, isbn, school_id, returned, rental_datetime) VALUES ( 39 , 2970790709 , 4 , true, DATE '2023-03-04');
INSERT INTO rental (user_id, isbn, school_id, returned, rental_datetime) VALUES ( 39 , 9492000776 , 4 , true, DATE '2023-02-14');
INSERT INTO rental (user_id, isbn, school_id, returned, rental_datetime) VALUES ( 39 , 4673644090 , 4 , true, DATE '2022-08-27');
INSERT INTO rental (user_id, isbn, school_id, returned, rental_datetime) VALUES ( 39 , 5409643304 , 4 , true, DATE '2022-08-09');
INSERT INTO rental (user_id, isbn, school_id, returned, rental_datetime) VALUES ( 39 , 8012693106 , 4 , true, DATE '2022-02-15');
INSERT INTO rental (user_id, isbn, school_id, returned, rental_datetime) VALUES ( 39 , 8236129674 , 4 , true, DATE '2022-04-25');
INSERT INTO rental (user_id, isbn, school_id, returned, rental_datetime) VALUES ( 39 , 3835918086 , 4 , true, DATE '2022-10-13');
INSERT INTO rental (user_id, isbn, school_id, returned, rental_datetime) VALUES ( 39 , 1767344444 , 4 , true, DATE '2022-10-10');
INSERT INTO rental (user_id, isbn, school_id, returned, rental_datetime) VALUES ( 39 , 5022354908 , 4 , true, DATE '2022-08-10');
INSERT INTO rental (user_id, isbn, school_id, returned, rental_datetime) VALUES ( 39 , 5387612134 , 4 , true, DATE '2022-08-22');
INSERT INTO rental (user_id, isbn, school_id, returned, rental_datetime) VALUES ( 39 , 6672853558 , 4 , true, DATE '2023-02-05');
INSERT INTO rental (user_id, isbn, school_id, returned, rental_datetime) VALUES ( 39 , 4343900643 , 4 , true, DATE '2023-04-18');
INSERT INTO rental (user_id, isbn, school_id, returned, rental_datetime) VALUES ( 39 , 6128487778 , 4 , true, DATE '2022-04-07');
INSERT INTO rental (user_id, isbn, school_id, returned, rental_datetime) VALUES ( 39 , 2045666475 , 4 , true, DATE '2022-01-10');
INSERT INTO rental (user_id, isbn, school_id, returned, rental_datetime) VALUES ( 39 , 5782425652 , 4 , true, DATE '2023-04-14');
INSERT INTO rental (user_id, isbn, school_id, returned, rental_datetime) VALUES ( 39 , 8148697411 , 4 , true, DATE '2022-08-08');
INSERT INTO rental (user_id, isbn, school_id, returned, rental_datetime) VALUES ( 39 , 6786833649 , 4 , true, DATE '2022-11-17');
INSERT INTO rental (user_id, isbn, school_id, returned, rental_datetime) VALUES ( 39 , 9843105486 , 4 , true, DATE '2023-01-22');
INSERT INTO rental (user_id, isbn, school_id, returned, rental_datetime) VALUES ( 39 , 2470679337 , 4 , true, DATE '2022-02-21');
INSERT INTO rental (user_id, isbn, school_id, returned, rental_datetime) VALUES ( 39 , 1810706413 , 4 , true, DATE '2022-04-24');
INSERT INTO rental (user_id, isbn, school_id, returned, rental_datetime) VALUES ( 39 , 1175770259 , 4 , true, DATE '2022-10-06');
INSERT INTO rental (user_id, isbn, school_id, returned, rental_datetime) VALUES ( 39 , 1351173333 , 4 , true, DATE '2022-07-18');
INSERT INTO rental (user_id, isbn, school_id, returned, rental_datetime) VALUES ( 39 , 2964027640 , 4 , true, DATE '2023-05-26');

-- reservations, late and ongoing rentals
INSERT INTO reservation (user_id, isbn, school_id, isold, reservation_datetime) VALUES ( 11 , 9136206359 , 1 , false, DATE '2023-5-30');
INSERT INTO rental (user_id, isbn, school_id, returned, rental_datetime) VALUES ( 11 , 7338328768 , 1 , false, DATE '2023-5-24');
INSERT INTO rental (user_id, isbn, school_id, returned, rental_datetime) VALUES ( 15 , 7113768221 , 1 , false, DATE '2023-5-23');
INSERT INTO reservation (user_id, isbn, school_id, isold, reservation_datetime) VALUES ( 15 , 4651225293 , 1 , false, DATE '2023-5-30');
INSERT INTO reservation (user_id, isbn, school_id, isold, reservation_datetime) VALUES ( 16 , 3323201377 , 1 , false, DATE '2023-5-30');
INSERT INTO reservation (user_id, isbn, school_id, isold, reservation_datetime) VALUES ( 16 , 7559846542 , 1 , false, DATE '2023-5-28');
INSERT INTO reservation (user_id, isbn, school_id, isold, reservation_datetime) VALUES ( 21 , 7559846542 , 1 , false, DATE '2023-5-28');
INSERT INTO rental (user_id, isbn, school_id, returned, rental_datetime) VALUES ( 21 , 7338328768 , 1 , false, DATE '2023-5-16');
INSERT INTO reservation (user_id, isbn, school_id, isold, reservation_datetime) VALUES ( 22 , 2962446715 , 1 , false, DATE '2023-5-29');
INSERT INTO reservation (user_id, isbn, school_id, isold, reservation_datetime) VALUES ( 24 , 7055186186 , 1 , false, DATE '2023-5-29');
INSERT INTO reservation (user_id, isbn, school_id, isold, reservation_datetime) VALUES ( 28 , 4651225293 , 1 , false, DATE '2023-5-30');
INSERT INTO rental (user_id, isbn, school_id, returned, rental_datetime) VALUES ( 31 , 8897131646 , 1 , false, DATE '2023-5-25');
INSERT INTO reservation (user_id, isbn, school_id, isold, reservation_datetime) VALUES ( 34 , 1080254233 , 1 , false, DATE '2023-5-27');
INSERT INTO reservation (user_id, isbn, school_id, isold, reservation_datetime) VALUES ( 41 , 7113768221 , 1 , false, DATE '2023-5-27');
INSERT INTO reservation (user_id, isbn, school_id, isold, reservation_datetime) VALUES ( 10 , 2797281145 , 2 , false, DATE '2023-5-27');
INSERT INTO rental (user_id, isbn, school_id, returned, rental_datetime) VALUES ( 10 , 9097481924 , 2 , false, DATE '2023-5-19');
INSERT INTO reservation (user_id, isbn, school_id, isold, reservation_datetime) VALUES ( 12 , 2797281145 , 2 , false, DATE '2023-5-29');
INSERT INTO reservation (user_id, isbn, school_id, isold, reservation_datetime) VALUES ( 12 , 7000737466 , 2 , false, DATE '2023-5-27');
INSERT INTO rental (user_id, isbn, school_id, returned, rental_datetime) VALUES ( 13 , 3279719968 , 2 , false, DATE '2023-5-26');
INSERT INTO rental (user_id, isbn, school_id, returned, rental_datetime) VALUES ( 13 , 6961133261 , 2 , false, DATE '2023-5-28');
INSERT INTO rental (user_id, isbn, school_id, returned, rental_datetime) VALUES ( 17 , 8630741602 , 2 , false, DATE '2023-5-23');
INSERT INTO rental (user_id, isbn, school_id, returned, rental_datetime) VALUES ( 17 , 1185309534 , 2 , false, DATE '2023-5-30');
INSERT INTO reservation (user_id, isbn, school_id, isold, reservation_datetime) VALUES ( 20 , 7352543988 , 2 , false, DATE '2023-5-30');
INSERT INTO reservation (user_id, isbn, school_id, isold, reservation_datetime) VALUES ( 27 , 8967904003 , 2 , false, DATE '2023-5-28');
INSERT INTO reservation (user_id, isbn, school_id, isold, reservation_datetime) VALUES ( 30 , 5548916630 , 2 , false, DATE '2023-5-28');
INSERT INTO reservation (user_id, isbn, school_id, isold, reservation_datetime) VALUES ( 35 , 2797281145 , 2 , false, DATE '2023-5-29');
INSERT INTO reservation (user_id, isbn, school_id, isold, reservation_datetime) VALUES ( 37 , 5526924819 , 2 , false, DATE '2023-5-28');
INSERT INTO reservation (user_id, isbn, school_id, isold, reservation_datetime) VALUES ( 38 , 9638908851 , 2 , false, DATE '2023-5-29');
INSERT INTO reservation (user_id, isbn, school_id, isold, reservation_datetime) VALUES ( 8 , 8318154054 , 3 , false, DATE '2023-5-28');
INSERT INTO rental (user_id, isbn, school_id, returned, rental_datetime) VALUES ( 8 , 1302599992 , 3 , false, DATE '2023-5-30');
INSERT INTO rental (user_id, isbn, school_id, returned, rental_datetime) VALUES ( 14 , 4168408215 , 3 , false, DATE '2023-5-29');
INSERT INTO rental (user_id, isbn, school_id, returned, rental_datetime) VALUES ( 14 , 3500372391 , 3 , false, DATE '2023-5-17');
INSERT INTO rental (user_id, isbn, school_id, returned, rental_datetime) VALUES ( 18 , 3894934944 , 3 , false, DATE '2023-5-16');
INSERT INTO reservation (user_id, isbn, school_id, isold, reservation_datetime) VALUES ( 18 , 2607910542 , 3 , false, DATE '2023-5-29');
INSERT INTO reservation (user_id, isbn, school_id, isold, reservation_datetime) VALUES ( 19 , 6135710346 , 3 , false, DATE '2023-5-29');
INSERT INTO reservation (user_id, isbn, school_id, isold, reservation_datetime) VALUES ( 19 , 6007806658 , 3 , false, DATE '2023-5-30');
INSERT INTO reservation (user_id, isbn, school_id, isold, reservation_datetime) VALUES ( 25 , 2429194461 , 3 , false, DATE '2023-5-27');
INSERT INTO rental (user_id, isbn, school_id, returned, rental_datetime) VALUES ( 26 , 6799307304 , 3 , false, DATE '2023-5-20');
INSERT INTO reservation (user_id, isbn, school_id, isold, reservation_datetime) VALUES ( 33 , 2607910542 , 3 , false, DATE '2023-5-29');
INSERT INTO reservation (user_id, isbn, school_id, isold, reservation_datetime) VALUES ( 36 , 2429194461 , 3 , false, DATE '2023-5-29');
INSERT INTO reservation (user_id, isbn, school_id, isold, reservation_datetime) VALUES ( 40 , 2380165340 , 3 , false, DATE '2023-5-27');
INSERT INTO rental (user_id, isbn, school_id, returned, rental_datetime) VALUES ( 6 , 1925026856 , 4 , false, DATE '2023-5-27');
INSERT INTO reservation (user_id, isbn, school_id, isold, reservation_datetime) VALUES ( 6 , 9843105486 , 4 , false, DATE '2023-5-29');
INSERT INTO rental (user_id, isbn, school_id, returned, rental_datetime) VALUES ( 7 , 9492000776 , 4 , false, DATE '2023-5-26');
INSERT INTO reservation (user_id, isbn, school_id, isold, reservation_datetime) VALUES ( 7 , 1351173333 , 4 , false, DATE '2023-5-27');
INSERT INTO rental (user_id, isbn, school_id, returned, rental_datetime) VALUES ( 9 , 2964027640 , 4 , false, DATE '2023-5-25');
INSERT INTO reservation (user_id, isbn, school_id, isold, reservation_datetime) VALUES ( 9 , 4343900643 , 4 , false, DATE '2023-5-29');
INSERT INTO reservation (user_id, isbn, school_id, isold, reservation_datetime) VALUES ( 23 , 4265313933 , 4 , false, DATE '2023-5-27');
INSERT INTO reservation (user_id, isbn, school_id, isold, reservation_datetime) VALUES ( 23 , 4673644090 , 4 , false, DATE '2023-5-28');
INSERT INTO reservation (user_id, isbn, school_id, isold, reservation_datetime) VALUES ( 29 , 6128487778 , 4 , false, DATE '2023-5-30');
INSERT INTO reservation (user_id, isbn, school_id, isold, reservation_datetime) VALUES ( 32 , 9492000776 , 4 , false, DATE '2023-5-27');
INSERT INTO reservation (user_id, isbn, school_id, isold, reservation_datetime) VALUES ( 39 , 6216131837 , 4 , false, DATE '2023-5-30');